titulo,texto,classe,fonte,link
NR-1: o que muda para o trabalhador com a nova regra sobre saúde mental? Entenda impactos,"NR-1: veja o que muda com a nova regra sobre saúde mental no trabalho
A nova atualização da Norma Regulamentadora nº 1 (NR-1) entrou em vigor nesta terça-feira (26) e aumenta a responsabilidade das empresas sobre fatores que podem levar ao adoecimento mental dos trabalhadores.
A mudança obriga as empresas a identificar, prevenir e gerenciar situações que possam afetar a saúde mental dos funcionários, como metas abusivas, jornadas exaustivas, assédio moral, sobrecarga e falhas na organização do trabalho.
🗒️ Tem alguma sugestão de reportagem? Mande para o g1
Com isso, a saúde mental deixa de ser tratada apenas como uma responsabilidade individual do trabalhador e passa a ser vista também como uma questão ligada às condições e à organização do ambiente laboral.
A atualização da NR-1 prioriza a prevenção e exige que empregadores adotem medidas concretas para reduzir fatores de risco. 
A norma também reforça mecanismos de escuta dos trabalhadores, incentiva a participação dos funcionários na definição de metas e amplia a fiscalização sobre empresas com altos índices de afastamentos por transtornos mentais, além de fortalecer o combate ao assédio moral, sexual e outras formas de violência no trabalho.
Capa afastamentos por saúde mental
Luisa Rivas e Otávio Camargo | Arte g1
Qual a importância da NR-1 para os trabalhadores?
Segundo especialistas ouvidos pelo g1, um dos principais impactos da atualização da NR-1 é evitar o adoecimento do trabalhador por questões de saúde mental. 
Como mostrou o g1, o Brasil bateu recorde no número de afastamentos por transtornos mentais por dois anos seguidos. 
Outro levantamento, elaborado pela Organização Internacional do Trabalho (OIT) em parceria com o Ministério Público do Trabalho (MPT), com base em dados do INSS, mostra que mais de duas mil profissões registraram afastamentos por transtornos mentais no país.
No topo da lista aparecem ocupações como vendedor do comércio varejista, faxineiro e auxiliar de escritório — trabalhadores que atendem o público, mantêm serviços essenciais e sustentam boa parte da rotina urbana. 
Segundo especialistas, as profissões mais afetadas têm em comum vínculos mais frágeis, pressão por metas, jornadas extensas e maior exposição a riscos, como violência urbana e situações traumáticas — caso de técnicos de enfermagem, motoristas e vigilantes.
Com a atualização da NR-1, a expectativa é que esses números diminuam a partir da prevenção dos riscos psicossociais no ambiente de trabalho.
‘Eu não consigo voltar’
Segundo dados da Previdência Social, as mulheres representam mais de 60% dos afastamentos por saúde mental. 
Adriana Fraga, de 51 anos e profissional da enfermagem há 25, é um exemplo. Ela se afastou da profissão após desenvolver um quadro de ansiedade, depressão, síndrome do pânico e fibromialgia, agravado ao longo de décadas de trabalho sob pressão. 
“Eu amo a enfermagem, mas se eu voltar hoje, eu travo. Eu não estou bem para cuidar de outra pessoa”, afirma.
A trajetória de Adriana começou como agente comunitária em São Paulo. Ao longo dos anos, acumulou experiência em clínicas, hospitais e unidades básicas de saúde (UBSs), atuando principalmente em áreas de alta complexidade, como cardiologia e exames de risco.
No último emprego, em uma UBS na periferia da capital paulista, Adriana enfrentava jornadas de oito horas diárias — além de até quatro horas de deslocamento. A rotina incluía triagem, vacinação, coleta de exames, visitas domiciliares e atendimentos de emergência.
“É muito estressante. A gente atende todo tipo de paciente, em situações diversas, muitas vezes sem estrutura suficiente”, relata. Segundo ela, a pressão é constante. “Se o médico atrasa ou não consegue atender, a culpa cai na enfermagem. O paciente desconta na gente”, conta.
Os primeiros sinais apareceram há mais de uma década. Adriana começou a sentir dores intensas e ansiedade, que evoluíram para depressão. Em 2016, recebeu o diagnóstico de fibromialgia. O quadro piorou em 2022, após uma pneumonia. Na tentativa de voltar ao trabalho, sofreu uma crise severa.
“Não consegui sair de casa. Tive falta de ar, tremedeira, sensação de que ia morrer”, relembra a enfermeira, que foi diagnosticada com síndrome do pânico. 
Adriana afirma que diversos episódios profissionais contribuíram para o adoecimento, incluindo casos de assédio moral e sexual no ambiente de trabalho.
Apesar da intensidade da rotina e da exposição frequente a situações traumáticas, como mortes de pacientes, ela diz que o acompanhamento psicológico não faz parte da realidade da maioria dos profissionais.
“Eu já vi paciente morrer e ninguém ofereceu apoio. Nem no público, nem no privado”, afirma. Segundo Adriana, diversos colegas também precisaram se afastar por problemas de saúde mental. “Tem muita gente na área da saúde adoecendo”, relata.
Atualmente afastada, ela enfrenta dificuldades para conseguir benefícios previdenciários. Segundo Adriana, transtornos como depressão e ansiedade ainda são subestimados em perícias. “Tenho laudos, acompanhamento médico, mas muitas vezes não reconhecem. Dizem que é frescura, mas não é”, afirma.
Apesar do vínculo afetivo com a profissão, Adriana diz que não pretende retornar à enfermagem. “Como eu vou cuidar de alguém sem estar bem? Posso errar uma medicação. E isso pode custar a vida de um paciente”, explica.
Pressão, metas e adoecimento
Outro caso semelhante é o da operadora de caixa Alana*, que prefere não ser identificada por medo de represálias no ambiente de trabalho. Aos 25 anos, ela trabalha em uma loja de roupas em um shopping de São Paulo.
A profissional vive uma rotina marcada por sobrecarga, instabilidade emocional e dificuldades para conciliar trabalho e maternidade. Mãe solo desde a adolescência, ela relata que o ambiente no varejo contribuiu diretamente para o agravamento de sua saúde mental.
“Eu começava a passar mal ainda no caminho para o trabalho. Era tremedeira, falta de ar, suor frio”, conta. ""Eu chegava em casa tão cansada que, quando acordava, já estava na hora de trabalhar de novo"", completa. 
Formada em jornalismo pelo Prouni, Alana* entrou no mercado de trabalho ainda jovem e, após experiências na área de comunicação, migrou para o varejo diante da dificuldade de conseguir emprego na área e da busca por estabilidade financeira.
Além de uma maternidade precoce — ela teve o primeiro filho aos 17 anos —, o menino, de 8 anos, foi diagnosticado com autismo. Sem rede de apoio, o filho foi morar junto com a avó, no litoral. 
A dificuldade de conciliar trabalho e maternidade gerou intenso desgaste emocional. “Eu só consigo ver meu filho poucas vezes por mês. Isso me afeta muito”, afirma.
Na empresa atual, Alana* descreve um ambiente de trabalho marcado por pressão por metas, competitividade e práticas consideradas abusivas. “Tudo era baseado em desempenho extremo. Até para conseguir folga, tinha que bater meta alta”, diz.
Segundo ela, colegas eram incentivados a competir entre si, e situações de exposição pública e comentários inadequados por parte da liderança eram frequentes. A funcionária também denuncia jornadas prolongadas, especialmente em datas como o Natal, com turnos até de madrugada.
“Havia dias em que entrávamos à tarde e saíamos depois da 1h da manhã”, relata. Ela afirma ainda que havia orientação para não registrar corretamente o ponto e que horas extras nem sempre eram devidamente compensadas.
Com o acúmulo de situações, Alana* desenvolveu crises de ansiedade e depressão. “Eu não conseguia nem chegar. Quando estava perto, começava a passar muito mal”, afirma. O quadro levou ao afastamento por 30 dias, determinado por uma psiquiatra após agravamento do estado emocional.
Após o período de afastamento, a jovem voltou ao trabalho, mas afirma que as condições permaneceram as mesmas. “A única diferença é que passaram a perguntar se eu estava tomando remédio. Mas o ambiente continuou igual”, relata.
O que muda para os trabalhadores?
A atualização da NR-1 fortalece o entendimento de que saúde mental também é uma questão de saúde e segurança do trabalho. Na prática, trabalhadores passam a ter mais respaldo para denunciar condições consideradas adoecedoras, como pressão excessiva, jornadas abusivas, metas inalcançáveis e assédio moral.
Segundo a juíza do trabalho Mirella Cahú, a principal mudança é que o foco deixa de estar apenas no indivíduo e passa a incluir a forma como o trabalho é organizado. “O risco psicossocial não é do sujeito, é da atividade de trabalho”, afirmou.
Isso significa que situações que antes muitas vezes eram tratadas como “fragilidade individual” passam a ser analisadas também como consequência da dinâmica de como trabalho é gerenciado dentro das empresas.
Especialistas avaliam que a norma também pode facilitar o reconhecimento do nexo entre trabalho e adoecimento mental em casos de afastamento ou ações judiciais. “Já reconhecemos transtornos mentais como acidente de trabalho quando há relação com a organização do trabalho”, afirma a magistrada.
Outra mudança prática é que empresas poderão ser cobradas antes mesmo de existir um trabalhador afastado. Ou seja, a fiscalização poderá exigir mudanças ao identificar riscos psicossociais no ambiente de trabalho, mesmo sem casos formalmente registrados de adoecimento.
Segundo os especialistas ouvidos pelo g1, a expectativa é que a atualização da NR-1 pressione empresas a tratar saúde mental com o mesmo nível de atenção dado hoje a acidentes físicos e outros riscos ocupacionais.
Para o auditor-fiscal do Trabalho Rogério Araújo, a entrada em vigor das mudanças na NR-1 representa um avanço importante na prevenção dos problemas de saúde mental relacionados ao trabalho. 
De acordo com ele, a Inspeção do Trabalho está preparada para esse novo momento, tanto com a chegada de novos auditores quanto com a capacitação técnica para fiscalizar os riscos psicossociais nas empresas.
“O adoecimento mental relacionado ao trabalho cresceu de forma significativa, especialmente após a pandemia, e agora passa a receber um tratamento mais estruturado e obrigatório dentro da gestão de riscos das empresas. Estamos falando de fatores ligados ao ambiente e à organização do trabalho que precisam ser identificados, monitorados e prevenidos”, afirma.
Como denunciar
Existem diversos canais para denúncias trabalhistas em casos de riscos psicossociais no ambiente de trabalho:
Canal de Denúncias para Inspeção do Trabalho: canal online do Ministério do Trabalho para denúncias trabalhistas;
Fala.br: plataforma integrada de ouvidoria e acesso à informação da Controladoria-Geral da União;
Central Alô Trabalho: o número 158 funciona de segunda a sábado, das 7h às 22h (horário de Brasília). A ligação gratuita de qualquer telefone fixo, mas chamadas por celular serão cobradas;
Superintendências Regionais do Trabalho: são responsáveis por executar, supervisionar e monitorar ações relacionadas a políticas públicas de trabalho nos estados;
Canal do Ministério Público do Trabalho: O MPT tem um canal de denúncias e atua para combater o assédio moral nas relações de trabalho;
Disque 100: Serviço gratuito e disponível 24 horas por dia, o disque 100 recebe denúncias de violações de direitos humanos, inclusive assédio moral no trabalho.
O denunciante não precisa se identificar. A orientação é fornecer o maior número possível de informações para que os órgãos possam analisar se o caso configura assédio moral e realizar verificações no local de trabalho.
Baixe o GloboPop para assistir a vídeos curtos verticais da Globo
Brasil tem mais de 546 mil afastamentos por saúde mental em 2025 e bate recorde",Fato,G1 Saúde / Oficial,https://g1.globo.com/trabalho-e-carreira/noticia/2026/05/27/nr-1-o-que-muda-para-o-trabalhador-com-a-nova-regra-sobre-saude-mental-no-trabalho.ghtml
'Hipersexualização dos seios traz ansiedade para mulheres': o que uma socióloga descobriu ao estudar o tema,"Hipersexualização dos seios traz ansiedade para mulheres.
Getty Images via BBC
Dois dias antes de se submeter a uma mastectomia dupla, Sarah Thornton saiu para nadar.
Enquanto se trocava, ela olhou para os seus seios e agradeceu por eles estarem ali. 
Ela pediu desculpas por não tê-los ""amado o suficiente"" e pediu perdão ""por deixá-los irem"".
Foram sete anos ""estressantes e exaustivos"" de exames médicos e biópsias.
Agora no g1
Os médicos estavam preocupados com as suas ""muitas células raras"", como elas eram atípicas e se modificavam e como cada mamografia era diferente da anterior.
Com histórico familiar de câncer de mama, Thornton decidiu, em 2018, se submeter a uma cirurgia preventiva. Ele se sentiu ""incrivelmente afortunada"" por não ter desenvolvido a doença.
Após a intervenção e a reconstrução, ela sentiu um ""desejo esmagador de entender os inúmeros significados e usos dos seios"".
Thornton contou à BBC News Mundo, serviço em espanhol da BBC, que, um dia antes da cirurgia, teve a sensação de estar perdendo algo muito importante, que ela não havia compreendido.
Com seus implantes, ela mergulhou em uma pesquisa que durou quatro anos e a levou a conversar com mais de 200 mulheres — ""a maioria delas, especialistas nos seios, de diferentes pontos de vista"".
Nas suas histórias, a acadêmica canadense procurava se aprofundar ""nesta parte do nosso corpo que é relativamente incompreendida, menosprezada e hipersexualizada, ao ponto de que muitas mulheres se sentem meio que à margem dos seus próprios corpos"".
Sua pesquisa a levou a muitos lugares, como clubes de strippers, consultórios de cirurgiões, bancos de leite e ateliês de design de sutiãs.
Sarah Thornton estudou o impacto da hipersexualização dos seios na saúde mental de mulheres.
Arquivo pessoal/Aya Brackett (via BBC)
'Tits up'
Da sua pesquisa, nasceu o livro Tits Up: What Our Beliefs About Breasts Reveal About Life, Love, Sex and Society (""Tetas para cima: o que nossas crenças sobre os seios revelam sobre a vida, o amor, o sexo e a sociedade"", em tradução livre).
""Tetas para cima"" é a tradução literal de tits up. Em inglês britânico, estas duas palavras juntas formam uma expressão usada para descrever uma situação desastrosa.
Mas a escritora descobriu que tits up também é uma expressão positiva, empregada por algumas mulheres nos Estados Unidos, para desejar boa sorte umas às outras.
""Trata-se de levantar os ombros e ir em busca do sucesso"", explica ela.
""Você pode dizer isso, por exemplo, a uma CEO [diretora-executiva de uma companhia] antes de uma apresentação frente à diretoria da empresa ou aos seus funcionários.""
A socióloga escreveu livros de arte e foi pesquisadora e professora de várias instituições, como a Universidade de Sussex, no Reino Unido, e a Universidade da Califórnia em Berkeley, nos EUA.
Thornton também escreveu os livros 'Sete Dias no Mundo da Arte' e '33 Artistas em 3 Atos'. Aqui, ela aparece na Galeria Hirshorn de Washington (EUA), ao lado de uma obra do artista Ernesto Neto, em 2014
Linda Davidson/The Washington Post via Getty Images (via BBC)
Além de buscar os pontos de vista de mulheres e especialistas sobre os seios, estudos e literatura especializada, Thornton questionou sua própria visão.
""Senti que havia dois aspectos"", ela conta. ""Um era que os meus peitos atraíam a atenção masculina de uma forma que nem sempre eu desejava.""
O outro tinha relação com o significado, em inglês informal, da palavra boobs, uma das mais populares (entre outras) para se referir aos seios. Este termo, segundo o Dicionário Cambridge, também pode significar ""idiota"" e ""gafe"".
A combinação de ""peitos como idiotas e peitos como objetos de atenção não desejada"" levou Thornton a sentir uma certa desconexão dos próprios seios.
Ao começar sua pesquisa, ela conta ter descoberto que 40% das mulheres do Ocidente não estão satisfeitas com seus seios.
""A principal cirurgia plástica praticada por mulheres de quase todas as culturas é a mamária. Por que gastamos tanto dinheiro para levantar, aumentar e encolher nossos seios?"", questiona Thornton.
Sinal equivocado
A socióloga considera fundamental que as mulheres se sintam menos julgadas e pressionadas em relação aos seus seios.
""Existe uma terrível associação que ainda persiste em muitos lugares: que as adolescentes com seios grandes estão sexualmente disponíveis. Se você for uma adolescente com seios grandes, é mais provável que sofra assédio.""
""A vinculação dos peitos com uma espécie de sinal de disponibilidade para os homens é um imenso problema para as jovenzinhas"", lamenta ela.
Thornton conta que seus seios começaram a crescer com pouca idade. Isso fez com que ela se considerasse mais velha e ela não estava preparada para isso.
""Meu cérebro era de uma menina de 12 anos, eu era muito inocente, mas havia homens que me observavam como se eu tivesse 18"", relembra ela.
""Isso pode gerar traumas"", afirma Thornton, com conhecimento de causa.
Refúgio nos casacos de gola alta
Quando ela tinha 15 anos, o chef do restaurante onde trabalhava colocou as mãos nos seus seios.
""Um dia triste"", escreveu Thornton no seu livro. ""Uma humilhante iniciação à agressão sexual.""
Um ano depois, em uma festa de pijama na casa de uma amiga, outro homem fez o mesmo. Era meia-noite e aquelas mãos a despertaram. Era o namorado da irmã mais velha da sua amiga.
Aqui voltamos ao início desta reportagem — aos momentos vividos dois dias antes da mastectomia, que ela recorda com ""profunda saudade"", segundo conta à BBC.
Thornton se ""reconciliou com a perda"", mas confessa que não foi uma pessoa que valorizasse seus seios. E relembra suas experiências negativas durante a adolescência.
""Desde os 16 anos, eu adorava meus casacos de gola rolê, minhas camisas de gola alta, não me sentia livre para apreciar meu decote.""
""Desde muito jovem, senti muita vergonha dos meus seios. Eu sentia que, se não fosse cuidadosa, eles poderiam me colocar em perigo"", ela conta.
Depois que chegaram os filhos, Thornton confessa que a experiência de amamentá-los não foi fácil. Ela não desfrutou tanto como havia desejado.
Mas ela considera mágico o ato de amamentar, devido ao extraordinário vínculo de amor e nutrição que ele cria. E destaca que isso é fundamental.
""Considero que, de forma geral, nas Américas, os seios estão muito sexualizados"", afirma Thornton.
""Muitas pessoas acreditam, erroneamente, que as mulheres têm peitos para atrair os homens e a verdade é que, biologicamente e segundo a evolução, sua única razão é para alimentar os bebês.""
Da realeza até Hollywood
Thornton destaca que a sexualização dos seios no Ocidente e a ideia de que eles ""servem para atrair os homens"" é recente.
Na Europa, esta noção remonta ao Renascimento, mais especificamente à França do século 15. Ela está relacionada ao auge do emprego de amas de leite, muitas delas camponesas, por parte da aristocracia.
Obra ""Dama no banho"", quadro de 1571 do artista renascentista francês François Clouet.
National Galery of Art/Domínio público
""Os reis da França transformaram os seios das suas amantes que nunca amamentaram em fetiche, já que elas tinham amas de leite que faziam isso no seu lugar"", segundo a acadêmica.
""Só quando o peito não é usado para alimentar um bebê, ele pode se transformar em propriedade do marido ou amante.""
Por isso, Thornton defende que, separado da sua função principal, o seio recebeu um aspecto erótico.
A associação dos seios como ""fetiche"", originária na França, se estendeu pela Europa até chegar aos Estados Unidos, onde Hollywood a transformou em um negócio.
A socióloga destaca que, depois da Segunda Guerra Mundial (1939-1945), os seios se transformaram no ""principal patrimônio"" de atrizes lendárias, como Jayne Mansfield (1933-1967), Jane Russell (1921-2011) e Sophia Loren.
""Não é por acaso que Marilyn Monroe [1926-1962] foi a capa da primeira edição da revista Playboy, em 1953"", relembra Thornton.
Gina Lollobrigida e Marilyn Monroe durante festa de gala em um teatro de Nova York, em imagem do dia 18 de setembro de 1954
AFP/Arquivo
""À medida que ela crescia como atriz de Hollywood, seus seios se tornavam uma espécie de brincadeira e objeto sexual.""
Neste processo de sexualização, a socióloga destaca que o tamanho dos seios começou a ganhar cada vez mais importância, até se chegar, anos depois, à moda dos ""bustos inflados"".
Ela acredita que isso ocorreu, em parte, porque, no início dos anos 1960, dois cirurgiões americanos desenvolveram o primeiro implante mamário de silicone.
""Aquilo se tornou algo comum em Hollywood e, a partir dali, seu uso se ampliou para outros lugares, entre mulheres ricas e, depois, de classes menos abastadas"",  relembra Thornton.
Os direitos das mulheres
Thornton destaca que o movimento feminista foi fundamental para a criação da consciência sobre o corpo feminino.
""Acredito que a onda de feminismo que ocorreu nos anos 1970 e 1980 tenha se concentrado na parte inferior do corpo das mulheres, nas vaginas e nos úteros"", segundo ela.
""A criminalização da violação foi uma conquista incrivelmente importante do movimento feminino naquela época"", indica ela, bem como a promoção dos direitos reprodutivos.
""Mas também acredito no direito das mulheres sobre suas partes superiores, da cintura para cima"", prossegue a socióloga.
""Acredito no direito de uma mulher de decidir ficar de topless na praia, usar ou não sutiã, amamentar ou não, reduzir, aumentar ou levantar os seios.""
Ou simplesmente não fazer nada com eles.
Em entrevista ao jornal britânico The Guardian, Thornton contou que, até começar a trabalhar no livro, não havia percebido que os mamilos masculinos estão ""por toda parte"", enquanto as mulheres tendem a se sentir incomodadas quando mostram os seus.
""Isso ocorre, em parte, porque existe essa noção de que os nossos peitos são principalmente objetos sexuais e não nos pertencem"", destacou ela.
Esta ideia prejudica muitas mulheres, explica ela à BBC News Mundo.
""Nós, mulheres, podemos nos sentir excluídas pela sexualização dos nossos seios e isso nos dá a sensação de que eles não nos pertencem, que sua principal razão de ser não é a que nós lhes oferecemos. E isso ocorre, em parte, porque se dá muita importância à sua aparência.""
Para a pesquisadora, é fundamental que as mulheres se perguntem como elas se sentem em relação aos seus seios.
""Provavelmente, quando observamos nossos corpos no espelho, estamos olhando para nós com os olhos dos homens"", explica ela. ""Fomos treinadas para isso desde muito jovens.""
Mas a questão não é apenas visual, segundo Thornton. Existe também o verbal.
Se perguntarmos, por exemplo, a um menino adolescente extrovertido formas de chamar os seios, ele poderá oferecer diversas palavras com ""grande alegria"".
""As mulheres não sentem essa alegria e, por isso, acredito que sentimos que nossos seios não nos pertencem, pois não os estamos definindo, não estamos assumindo o controle das conversas sobre eles e acabamos nos afastando deles.""
Em outras partes do mundo
Thornton explorou outras culturas e concluiu que ""os seios não são universalmente eróticos"".
As evidências da antropologia indicam que a atração em relação aos seios ocorre em algumas culturas e não em outras.
""Em comunidades indígenas de clima tropical, onde as mulheres não usam roupa acima da cintura e amamentam abertamente, os seios pertencem aos bebês"", escreveu ela no livro.
A autora também menciona em sua obra uma comunidade no Máli que considera ""antinatural"" que os adultos se sintam sexualmente atraídos pelos peitos femininos.
""Estudos antropológicos da década de 1980 demonstram que diversas comunidades do sudeste da Ásia e da África consideravam o comportamento americano e europeu em relação aos seios como algo deturpado"", ela conta.
""Na Ásia, de forma geral, os seios não foram sexualizados ao nível verificado no mundo ocidental. Se você observar fotos de beldades chinesas ou gueixas japonesas, verá que elas têm os peitos achatados.""
Lição do Éden
Outro aspecto abordado pela acadêmica é como a religião influenciou a percepção dos nossos corpos.
""Mesmo se você for ateu, mesmo se não tiver visitado uma igreja há 20 anos"", existe, segundo Thornton, uma ideia que influenciou a nossa compreensão do corpo feminino.""
""O que Eva aprendeu no Jardim do Éden?"", pergunta ela.
""Depois de reler, você percebe que o mais importante que ela aprendeu foi a cobrir o corpo, tampar seu 'corpo vergonhoso'. E me chama a atenção como isso foi interpretado de diversas formas.""
Thornton defende que, em muitas culturas, esta história significa que as mulheres devem cobrir não só a parte de baixo, mas também a de cima.
""Frequentemente, quando dou conferências, pergunto ao público: 'Quem é o homem topless mais famoso do mundo, pelo menos nas Américas e na Europa?'. Alguns dizem 'o David de Michelangelo' ou 'Arnold Schwarzenegger', entre outras respostas.
""E eu pergunto: 'Vocês não acreditam que seja Jesus Cristo?'""
""Entramos em tantos lugares, museus, igrejas, livrarias, bibliotecas e vemos o dorso desnudo de Jesus e é algo belo, é uma marca da sua humanidade, da sua universalidade, da sua autenticidade, é uma imagem sagrada"", destaca ela.
""Mas, quando falamos das mulheres, nossas partes superiores são consideradas profanas.""
Trata-se, segundo a acadêmica, de uma divisão muito profunda entre homens e mulheres. Se os peitos representam a feminilidade, mas são percebidos como profanos, ""sempre irão nos situar como inferiores aos homens"".
Outra forma de vê-los (e de nos vermos)
Thornton quer ajudar a eliminar a superficialidade com que os seios foram tratados de diversas formas.
""Eles são a fonte da comunicação humana"", destaca ela.
""Por que somos sociáveis? Porque nossos bebês precisam de nós e nós deles. A comunicação que ocorre entre uma mãe e uma criança, para mim, é a essência da nossa humanidade.""
""Qualquer mãe que esteja amamentando sabe que seus seios, seus mamilos, estão sintonizados com seu bebê"", prossegue a escritora. ""Que seu peito saberá quando o bebê tem fome antes que o seu cérebro.""
Além de fazer com que sua pesquisa ajude positivamente as mulheres a ""recuperar"" o significado dos seus seios e a ""nos sentirmos melhor com a nossa metade superior"", a socióloga também faz um convite.
""Em relação a muitas destas histórias da humanidade indicando que sempre estamos em guerra, que gostamos de adotar facções, que somos muito competitivos, eu digo que não, que esta é uma visão dos homens do que é a humanidade.""
""Se você quiser observar uma alternativa, olhe para a maternidade, os peitos e a carinhosa colaboração que eles oferecem.""
Sarah Thornton encerra a entrevista com um exemplo desta cooperação.
Quando uma mãe morre, sofre uma doença grave ou enfrenta problemas para amamentar, nas comunidades onde não havia leite de fórmula, outra mulher se oferecia para dar o peito a uma criança. Esta ""bela"" prática é universal e persiste até hoje.
No seu livro, Thornton nos apresenta Elysia. Ela foi vítima de abuso sexual e decidiu, muito antes do nascimento do seu filho, que não amamentaria para evitar que isso despertasse traumas do passado.
Além de extrair leite para o seu filho, ela doou centenas de litros para um banco de leite, ajudando a alimentar bebês prematuros.
""Observo meu leite como produto do amor"", declarou a escritora.
""Não posso odiar meu corpo. Ele fez algo muito bom. Sou muito mais feliz no meu corpo agora, mesmo se ele for objetivamente menos atraente.""",Fato,G1 Saúde / Oficial,https://g1.globo.com/saude/saude-mental/noticia/2026/05/27/estudo-hipersexualizacao-dos-seios-ansiedade.ghtml
Prematuros terão acesso à proteção contra VSR o ano inteiro; planos não poderão mais restringir cobertura,"Vacina contra o vírus sincicial respiratório (VSR)
Adobe Stock
Bebês prematuros atendidos por planos de saúde passam a ter acesso à proteção contra o vírus sincicial respiratório (VSR) durante todo o ano. A mudança, aprovada pela Agência Nacional de Saúde Suplementar (ANS) e em vigor desde domingo (25), amplia o acesso ao nirsevimabe, anticorpo indicado para prevenir formas graves da infecção.
O VSR é o principal causador da bronquiolite —inflamação das pequenas vias aéreas dos pulmões— e responde por uma parcela importante das internações de bebês nos primeiros meses de vida. Embora apresente períodos de maior circulação no país, o vírus continua presente ao longo de todo o ano.
Na avaliação da diretora da Sociedade Brasileira de Imunizações (SBIm) Flávia Bravo, a nova regra elimina uma barreira que deixava parte dos prematuros sem acesso à proteção.
Agora no g1
Mudança acaba com limitação ligada à sazonalidade
A cobertura do nirsevimabe já era obrigatória para prematuros na saúde suplementar. O que muda agora é que os planos não poderão mais restringir o acesso aos meses tradicionalmente associados ao pico de circulação do VSR.
Bebês nascidos fora dessa janela deixavam de ter cobertura mesmo pertencendo ao grupo de maior risco para complicações da doença.
Segundo Bravo, a alteração também facilita a organização da assistência. Com a proteção disponível durante todo o ano, a aplicação pode ser planejada ainda na maternidade, sem depender do calendário epidemiológico.
Por que a bronquiolite preocupa pediatras
O vírus sincicial respiratório infecta pessoas de todas as idades e costuma causar sintomas semelhantes aos de um resfriado. Em bebês pequenos, porém, a infecção pode atingir as regiões mais profundas dos pulmões e desencadear bronquiolite.
A doença provoca inflamação e acúmulo de secreções nos bronquíolos, estruturas responsáveis pela passagem do ar. O resultado pode ser chiado, dificuldade respiratória, queda da oxigenação e necessidade de internação.
Estima-se que praticamente todas as crianças tenham contato com o VSR até os 2 anos de idade. As formas mais graves, entretanto, se concentram nos primeiros meses de vida.
Prematuridade aumenta risco de hospitalização
Entre os bebês mais vulneráveis estão os prematuros.
De acordo com a SBIm, eles nascem com pulmões e vias respiratórias menores, além de um sistema imunológico menos amadurecido. Essa combinação aumenta o risco de evolução para quadros graves, necessidade de terapia intensiva e morte.
É por esse motivo que as estratégias de prevenção contra o VSR costumam priorizar esse grupo.
Anticorpo não impede a infecção, mas reduz casos graves
Diferentemente das vacinas tradicionais, o nirsevimabe não ensina o organismo a produzir anticorpos.
Ele já contém o anticorpo pronto para reconhecer e neutralizar o vírus. Dessa forma, mesmo que a criança seja infectada, a chance de desenvolver complicações graves diminui significativamente.
O objetivo principal é reduzir hospitalizações, admissões em unidades de terapia intensiva e mortes relacionadas ao VSR.
Outro aspecto destacado pela especialista é a faixa etária contemplada.
Enquanto o Programa Nacional de Imunizações oferece o anticorpo para prematuros de até 6 meses, a cobertura dos planos de saúde alcança crianças com até 12 meses de idade, alinhando-se às recomendações das sociedades médicas.
Sinais que exigem atenção dos pais
Os primeiros sintomas podem lembrar um resfriado comum, mas alguns sinais indicam necessidade de avaliação médica.
Entre eles estão respiração acelerada, esforço para respirar, movimentação intensa das narinas, afundamento das costelas durante a respiração, chiado, dificuldade para mamar, sonolência excessiva e redução importante da atividade habitual.
Em casos mais graves, podem surgir lábios arroxeados e sinais de baixa oxigenação.",Fato,G1 Saúde / Oficial,https://g1.globo.com/saude/noticia/2026/05/27/prematuros-terao-acesso-a-protecao-contra-vsr-o-ano-inteiro-planos-nao-poderao-mais-restringir-cobertura.ghtml
"Os 'Enhanced Games', as 'Olimpíadas dos esteroides', representam riscos para atletas e para o público","O nadador grego Kristian Gkolomeev comemora suas vitórias durante a cerimônia de premiação dos Enhanced Games no Resorts World Las Vegas, em Las Vegas, Nevada, em 24 de maio de 2026.
AFP
A primeira edição dos Enhanced Games (“Jogos Melhorados”, em tradução livre) está em curso em Las Vegas, EUA, e promete ser um espetáculo único que promove o “aprimoramento” esportivo induzido por drogas.
O Comitê Olímpico Internacional condenou o evento como uma forma de “destruir qualquer conceito de fair play” e como “idiota”.
Mas os Jogos Melhorados continuam atrativos para muitos atletas e adeptos. 
Em nosso estudo recente, analisamos algumas das alegações dos organizadores, que incluem: 
O doping é uma evolução inevitável do esporte
Os atletas devem ter liberdade para escolher o que fazer com seus corpos
Muitos atletas já usam drogas para melhorar o desempenho (performance-enhancing drugs, ou PEDs na sigla em inglês)
O envelhecimento é uma “doença” que pode ser superada com o uso de PEDs.
Agora no g1
Como tudo funciona
Quarenta e dois atletas competirão em natação, corrida de velocidade, levantamento de peso e strongman. Eles podem reivindicar recompensas de US$ 1 milhão por “quebrar” recordes mundiais (anteriormente estabelecidos por atletas submetidos a testes antidoping). 
Entre os atletas envolvidos estão o ex-campeão mundial australiano dos 100 metros livre James Magnussen, o campeão mundial de 2022 nos 100 metros dos EUA Fred Kerley e o britânico Ben Proud, que conquistou a prata nos Jogos Olímpicos de Paris nos 50 metros livre.
Ao contrário dos atletas “convencionais”, aqueles que competem nos Enhanced Games podem usar substâncias para melhorar o desempenho aprovadas pela Administração de Alimentos e Medicamentos dos EUA (FDA) sob uma estrutura proposta de supervisão médica. Isso inclui o uso supervisionado de medicamentos como testosterona, hormônio do crescimento humano e eritropoietina (EPO), exames médicos pré-competição e avaliação do perfil de saúde. 
Quaisquer recordes estabelecidos não serão ratificados pelas federações esportivas internacionais (que implementam regras antidoping e controles de doping). Portanto, esses “quebradores de recordes” só terão reconhecimento dentro do ecossistema dos Enhanced Games – e talvez na mente de outros que os considerem legítimos.
O que estudamos
Em nosso artigo recém-aceito para publicação no Journal of Drug Issues, analisamos 13 entrevistas de destaque no YouTube com o fundador dos Enhanced Games, o empresário de tecnologia australiano Aron D'Souza. Descobrimos que D'Souza retoma sempre os mesmos argumentos, destinados a desestabilizar e desacreditar a política antidoping, justificar o uso de substâncias para melhorar o desempenho (PEDs) e legitimar o evento.
O primeiro argumento alega que todos os atletas de elite usam doping e que o “esporte limpo” é um mito. Um estudo favorito citado por D'Souza afirma que 40% (ou mais) dos atletas de elite usam PEDs, mesmo que apenas cerca de 2% sejam pegos. Com base nisso, D'Souza destaca as falhas na luta antidoping para buscar justificativa para uma nova abordagem.
Um segundo argumento gira em torno da autonomia corporal – os atletas deveriam ser livres para escolher o que fazer com seus corpos (pense em “meu corpo, minha escolha”).
Mas a autonomia dentro dos Jogos Melhorados não se sustenta. A coleta obrigatória de sangue para marcadores de saúde é invasiva e retira a escolha dos atletas. Além disso, os atletas recebem protocolos de medicamentos – eles são informados sobre quais medicamentos podem ser usados, em que quantidades e por quanto tempo. 
Isso não é escolha, é uma forma de controle. 
Como os atletas recebem salários de seis dígitos, entre médios e altos simplesmente por participarem, a noção de escolha também fica obscurecida.
Em um terceiro argumento destinado a desacreditar o antidoping, D'Souza alega que atletas em esportes “convencionais” usam PEDs sob o pretexto de Isenções para Uso Terapêutico – aprovações médicas para usar uma substância que, de outra forma, seria proibida, devido a uma condição de saúde legítima.
Mas os dados apresentados por D'Souza são seletivos. Ele ignora um estudo que constatou que o número de atletas competindo com isenções válidas nos Jogos Olímpicos é inferior a 1%, sem que haja qualquer associação entre a concessão de uma isenção e a conquista de uma medalha.
No entanto, tais alegações são impactantes e se espalham amplamente pelas plataformas de mídia social.
D'Souza também argumenta que o evento “acabará com o estigma” do uso de PEDs. Embora isso seja positivo do ponto de vista da redução de danos, também pode aumentar o número de pessoas que os utilizam.
Por fim, D'Souza argumenta que o envelhecimento é uma “doença” que pode ser superada com o uso de PEDs. Mas com os organizadores e patrocinadores dos Enhanced Games divulgando e vendendo diretamente testosterona, peptídeos e medicamentos para longevidade aos consumidores, há um claro conflito de interesses nessas alegações.
Dinheiro e política
Além das redes sociais, os Enhanced Games contam com alguns patrocinadores ricos e poderosos. Entre eles estão a 1789 Capital (fundo de Donald Trump Jr.) e Peter Thiel (empresário bilionário e ativista político conservador mais conhecido como cofundador da Palantir Technologies).
Eles parecem ter apoio político também. Em 2026, a FDA, sob o comando de Robert F. Kennedy Jr., flexibilizou as restrições à prescrição de testosterona e certos peptídeos. 
Essas mudanças regulatórias mais amplas ocorreram paralelamente à expansão dos Enhanced Games para produtos de saúde e longevidade voltados ao consumidor. Utilizando atletas e influenciadores (como Joe Rogan e Bryan Johnson), os Enhanced Games tem buscado ampliar sua visibilidade, atrair seguidores online e ganhar legitimidade, aumentando seu mercado potencial como parte de um ecossistema comercial mais amplo.
Os possíveis riscos à saúde
A normalização e comercialização de drogas de aprimoramento é preocupante do ponto de vista da saúde pública. 
Considerando alguns dos riscos à saúde bem documentados, bem como os danos à saúde a longo prazo ainda desconhecidos, a promoção agressiva de PEDs pelos Jogos Melhorados é preocupante. 
Diferentemente dos Enhanced Games, onde os atletas terão acesso 24 horas por dia a profissionais de saúde, o público em geral provavelmente estará exposto a um grau muito maior de danos. 
Notavelmente, a prescrição excessiva de testosterona é uma dessas preocupações, expondo as pessoas a danos potencialmente irreversíveis. Isso é especialmente perigoso para homens mais jovens envolvidos no fenômeno do “T Maxxing”.
Onde está o dever de cuidado?
Apesar da ousadia em lançar as chamadas “Olimpíadas dos Esteróides”, os Enhanced Games ainda têm o dever de cuidar e proteger seu verdadeiro público-alvo: a população em geral. 
A falha em fazê-lo reflete não inovação científica, mas imprudência institucional. 
Os jogos deveriam aproveitar seu alcance global em rápida expansão nas redes sociais para compartilhar mensagens focadas na saúde.
Luke Cox é cofundador da Safe Pulse, uma organização sem fins lucrativos dedicada à redução de riscos para pessoas que utilizam substâncias para o aprimoramento humano. Ele também colaborou com os Enhanced Games durante o desenvolvimento de recursos de segurança para atletas, mas não mantém qualquer vínculo empregatício, relação financeira ou afiliação comercial com a organização.
Timothy Piatkowski recebe financiamento do National Health and Medical Research Council, da Queensland Mental Health Commission, da Queensland Injectors Health Network e da Hyphen Health. Ele é afiliado à Queensland Injectors Voice for Advocacy and Action (vice-presidente), à The Loop Australia (líder de pesquisa - QLD) e à The Enhanced Games (Força-Tarefa de Melhoria de Desempenho). Ele recebeu financiamento da The Enhanced Games para a produção de materiais de segurança para atletas. É cofundador da Safe Pulse, uma instituição de caridade focada na redução de danos para indivíduos que usam drogas de aprimoramento.
Samuel Cornell não presta consultoria, trabalha, possui ações ou recebe financiamento de qualquer empresa ou organização que poderia se beneficiar com a publicação deste artigo e não revelou nenhum vínculo relevante além de seu cargo acadêmico.",Fato,G1 Saúde / Oficial,https://g1.globo.com/saude/noticia/2026/05/27/os-enhanced-games-as-olimpiadas-dos-esteroides-representam-riscos-para-atletas-e-para-o-publico.ghtml
A culpa não é dos pais: pesquisa aponta cinco fatores que definem o que vai no prato das crianças,"A culpa não é dos pais: pesquisa aponta cinco fatores que definem o que vai no prato das crianças
Adobe Stock
Quando uma criança pede biscoito no supermercado ou insiste nos doces e rejeita o legume no prato, a cena costuma ser alvo de julgamentos precipitados, que culpam as famílias e, em especial, as mães. Essa é uma leitura comum, porém incompleta e equivocada, como mostra um estudo recém-concluído conduzido pelo Instituto Pensi. 
A partir dos relatos de 142 pessoas ouvidas em cinco grandes centros urbanos do país, a pesquisa Comportamento Alimentar: Percepções e Desafios da Alimentação Saudável mostra que a alimentação infantil não se define apenas dentro de casa. Ela é resultado de um conjunto de fatores que antecedem a refeição: o preço dos alimentos, a jornada de trabalho dos responsáveis, o ambiente alimentar disponível, o tempo de exposição a telas e a pressão constante da publicidade dirigida às crianças.
Os depoimentos revelam como esses fatores se entrelaçam nas escolhas cotidianas de famílias. Sem a pretensão de representar o país em termos estatísticos, o estudo ajuda a compreender como os pais e responsáveis negociam, na prática, o que gostariam de oferecer e o que de fato conseguem colocar no prato. As famílias sabem o que é comer bem e o problema não está na informação, mas nas condições que moldam as escolhas. 
Idealizada pelo Pacto Contra a Fome, com apoio da Food and Land Use Coalition(FOLU) e cofinanciamento da Fundação José Luiz Setúbal(FJLS), a pesquisa trabalhou com grupos focais online. Os encontros foram realizados entre setembro e outubro de 2025 em São Paulo, Porto Alegre, Fortaleza, Belém e Goiânia com famílias das classes AB, C e DE. Entre os domicílios participantes, 57% conviviam com uma ou duas crianças, enquanto 4% tinham três ou mais.
Agora no g1
Em todos os grupos, a alimentação saudável foi associada à comida caseira: arroz, feijão, frutas, legumes e alimentos frescos. Já refrigerantes, biscoitos, salgadinhos, macarrão instantâneo e fast food foram reconhecidos como menos saudáveis. O problema está na distância entre saber e conseguir fazer: é aí que entram cansaço, preço, tempo, aceitação da criança, praticidade e publicidade.
A influência da criança
As narrativas indicam que as crianças são uma importante força organizadora do carrinho de compras. Pais e mães tentam garantir refeições com arroz, feijão, proteína, frutas e legumes, mas relatam dificuldade diante de pedidos por marcas específicas, embalagens coloridas, alimentos vistos em vídeos na internet ou associados a momentos de lazer.
Essa influência não é trivial. Uma revisão sistemática e meta-análise publicada no JAMA Pediatrics, com 96 estudos, encontrou associação entre marketing de alimentos e aumento de ingestão, escolha, preferência e pedidos de compra em crianças e adolescentes. O Ministério da Saúde, alinhado às recomendações da Organização Mundial da Saúde, afirma em seus documentos oficiais que é fundamental proteger crianças da publicidade de alimentos ultraprocessados para garantir ambientes saudáveis e prevenir obesidade e doenças crônicas.
Na prática, muitas famílias não estão apenas escolhendo entre uma fruta ou um biscoito. Elas comparam uma fruta (que precisa ser comprada fresca, lavada, cortada, aceita pela criança e consumida antes de estragar) com um produto ultraprocessado barato, durável, pronto, palatável e desenhado para ser desejado.
O atalho dos ultraprocessados
Com presença marcante na dieta infantil, os ultraprocessados funcionam como atalho na rotina. Eles aparecem quando falta tempo, quando o orçamento aperta e também no fim de semana como lazer, recompensa ou alternativa fácil de consumir.   
De acordo com o Estudo Nacional de Alimentação e Nutrição Infantil - ENANI-2019, a proporção de crianças de seis a 23 meses que consomem ultraprocessados foi de 80,5%. O percentual chega a 93% entre crianças de 24 meses a 59 meses. O consumo de bebidas adoçadas foi de 24,5% e 50,3%, respectivamente. 
Um estudo do Fundo das Nações Unidas para a Infância (UNICEF), de 2026, mostrou a força desses produtos no lanche: 50% das crianças pesquisadas haviam consumido ultraprocessados no lanche no dia anterior.
Escola também é ambiente alimentar
Na nossa escuta, a escola apareceu como um dos ambientes mais decisivos para a alimentação infantil. Nas famílias com crianças em escolas públicas, a alimentação escolar foi descrita como referência de refeição equilibrada e, muitas vezes, como segurança: a criança “come de verdade” na escola. Entre famílias de renda mais alta, a preocupação se desloca para lancheira, a cantina e a qualidade nutricional das opções disponíveis.
Em 2025, o Fundo Nacional de Desenvolvimento da Educação (FNDE) anunciou diretrizes para reduzir gradualmente a compra de processados e ultraprocessados e ampliar alimentos in natura ou minimamente processados. O mínimo dessa categoria passa de 80% em 2025 para 85% a partir de 2026, enquanto o limite para processados e ultraprocessados cai para 10%.
A escola não é, portanto, apenas um lugar para ensinar o que é alimentação saudável. Ela é um ambiente alimentar. Por isso, políticas escolares precisam envolver o que é servido, vendido e anunciado, bem como o que aparece na cantina, o que circula no entorno da escola e como crianças participam das práticas alimentares.
Desigualdades espelhadas no prato
Os grupos de pesquisa evidenciaram desigualdades na alimentação infantil conforme a renda, o tempo disponível e a infraestrutura das famílias. Nos grupos de maior renda houve planejamento, acesso a frutas, verduras e laticínios, e também utilização do fast food e o delivery como estratégias para recompensa ou lazer. Nos grupos C e DE, o esforço principal era garantir o básico: arroz, feijão, alguma proteína, leite, pão e alimentos que sustentem, enquanto frutas, verduras, peixe e laticínios apareciam como desejáveis, porém condicionados ao preço.
O IBGE aponta que a insegurança alimentar grave atingiu 3,2% dos domicílios brasileiros em 2024, chegando a 6,3% dos domicílios no Norte e 4,8% no Nordeste. Nos relatos, quando o orçamento é instável, as famílias são condicionadas a realizar substituições e escolhas por alimentos de menor qualidade nutricional e, muitas vezes, menos saudáveis, mas que “sustentam” e “não estragam”.  
O que fazer? Políticas públicas!
Os registros de pais e mães expressam preocupação em oferecer alimentos mais saudáveis, mas esse desejo compete com uma rotina que favorece o alimento ultraprocessado. A resposta a isso não pode ser culpar as famílias, especialmente as mães e cuidadoras, que ainda têm maior carga de trabalho doméstico, cuidado com os filhos e com a alimentação.
Nesse sentido, estudos brasileiros são referência ao demonstrar que os modos de viver, adoecer e se alimentar estão condicionados pelas determinações sociais da saúde, como renda, trabalho, acesso aos alimentos, publicidade, território e desigualdades de gênero. 
Essa compreensão é fundamental para retirar das famílias, especialmente das mães e cuidadoras, o peso da culpa individual pela alimentação infantil e deslocar o debate para pensar que tipo de sociedade estamos construindo coletivamente para garantir o presente e o futuro das crianças.
Proteger a alimentação infantil exige uma combinação de medidas. A primeira é fortalecer a alimentação escolar, garantindo refeições saudáveis, culturalmente adequadas e com alimentos in natura e minimamente processados. 
A segunda é regulamentar a alimentação oferecida em cantinas de escolas, no entorno do ambiente escolar e a publicidade de alimentos para as crianças. 
A terceira é contribuir com as condições estruturais que podem tornar alimentos saudáveis mais acessíveis, práticos e desejáveis.
A quarta é apoiar quem cuida da alimentação em casa, reconhecendo que planejar, comprar, cozinhar, armazenar e negociar preferências com as crianças é trabalho e, muitas vezes, trabalho concentrado nas mulheres.
A alimentação das crianças não depende só dos pais porque o prato das crianças é moldado por um conjunto de fatores sociais, econômicos e culturais. Ele começa na renda, passa pelo mercado, pela escola, pela tela do celular, pela jornada de trabalho e pelo cuidado doméstico. Se queremos que crianças comam de maneira mais saudável, precisamos parar de tratar a alimentação infantil como uma escolha individual das famílias de forma isolada. Ela é fruto de um sistema e uma responsabilidade coletiva.
Nada a divulgar. 
Bruna Liria Avelhan, Claudia Cheron König e Renan Rosolem Machado não prestam consultoria, trabalham, possuem ações ou recebem financiamento de qualquer empresa ou organização que poderiam se beneficiar com a publicação deste artigo e não revelaram nenhum vínculo relevante além de seus cargos acadêmicos.",Fato,G1 Saúde / Oficial,https://g1.globo.com/saude/noticia/2026/05/27/a-culpa-nao-e-dos-pais-pesquisa-aponta-cinco-fatores-que-definem-o-que-vai-no-prato-das-criancas.ghtml
Como os cortes de Trump podem ter agravado o surto de ebola,"O caixão de uma pessoa suspeita de ter morrido de Ebola é içado para uma caminhonete por um profissional de saúde em um hospital em Bunia, no leste da República Democrática do Congo, em 25 de maio de 2026
GLODY MURHABAZI / AFP
Desde a virada do milênio, quase todos os anos houve ao menos um surto de ebola na África, mas o atual é diferente.
A maioria deles, incluindo a devastadora epidemia na África Ocidental que matou cerca de 11 mil pessoas há pouco mais de dez anos, está associada à chamada cepa Zaire, para a qual existe uma vacina.
No momento, porém, está se espalhando uma variante mais rara, chamada Bundibugyo, em alusão à região em Uganda onde ela foi identificada pela primeira vez, em 2007. Para essa não há vacina nem medicamentos. E a taxa de mortalidade é alta: cerca de um em cada três infectados morre.
O atual surto no leste da República Democrática do Congo e em Uganda é o terceiro causado pela cepa Bundibugyo e também o mais letal. Até esta segunda-feira (25), segundo a Organização Mundial da Saúde (OMS), cerca de 900 casos suspeitos haviam sido identificados. Autoridades congolesas falam em mais de 200 mortes.
Agora no g1
""Estou profundamente preocupado com a dimensão e a velocidade da epidemia. Os números vão aumentar porque a resposta está sendo ampliada, incluindo melhor vigilância, rastreamento de contatos e testes laboratoriais"", disse o diretor-geral da OMS, Tedros Adhanom Ghebreyesus
Tedros declarou em 17 de maio uma emergência de saúde pública internacional logo após a confirmação do surto, sem a habitual consulta prévia a especialistas. Isso porque o vírus aparentemente já estava se espalhado havia semanas sem ser detectado.
Cortes do governo Trump sob crítica
O surto ocorre num momento em que as organizações humanitárias viram seus orçamentos drasticamente reduzidos, particularmente como resultado dos cortes nos gastos com ajuda humanitária dos EUA, num dos primeiros atos do presidente Donald Trump após ele voltar ao cargo, em janeiro de 2025.
Isso levou especialistas em saúde a questionar se o surto teria sido identificado mais cedo se os EUA não tivessem reduzido drasticamente sua contribuição à saúde global.
O Comitê Internacional de Resgate, uma organização humanitária sediada nos EUA e que atua no leste da República Democrática do Congo, afirmou que os cortes realizados pelo governo Trump em 2025 a obrigaram a reduzir suas atividades de prevenção na província de Ituri. ""Os cortes de financiamento deixaram a região perigosamente exposta"", declarou a diretora do grupo no país, Heather Reoch Kerr.
Ela acrescentou que a alta repentina nos casos ocorre porque os sistemas de detecção estão agora alcançando o ritmo de uma transmissão que provavelmente já vinha ocorrendo há algum tempo.
Surto pode ser maior
O epidemiologista americano Eric Feigl-Ding disse que os casos confirmados são apenas a ""ponta do iceberg"" e que a propagação está ocorrendo mais rapidamente do que no surto de 2014 na África Ocidental.
""O vírus já matou profissionais de saúde e se espalhou rapidamente por várias regiões. Mesmo com pouca testagem, encontramos muitos casos. Isso indica que o surto é maior do que parece"", declarou.
O ebola é transmitido por contato direto com pessoas infectadas ou com seus fluidos corporais, o que limita sua propagação em comparação com a covid-19. Em tese, a variante Bundibugyo poderia ser contida com medidas como quarentena, testagem e rastreamento de contatos.
""Tudo depende da rapidez [de reação] – e nós já não a temos"", destacou Feigl-Ding. Ele aponta que a agência americana USAid antes atuava rapidamente, distribuindo medicamentos e apoiando equipes locais – algo que, segundo ele, deixou de acontecer. ""Esse é um exemplo do que acontece quando se enfraquece a infraestrutura de saúde.""
O especialista Matthew Kavanagh, da Universidade de Georgetown, disse que os cortes de financiamento enfraqueceram os sistemas concebidos para detectar surtos precocemente. ""Quando se retiram bilhões da OMS e se desmantelam programas de linha de frente da USAid, corta-se exatamente o sistema de vigilância destinado a detectar esses vírus em estágio inicial"", afirmou.
OMS alerta que é 'provável' que surto de Ebola fique mais grave e registra 220 mortes suspeitas
Cortes na USAid e saída da OMS
A agência de desenvolvimento americana USAid tornou-se um símbolo dos cortes implementados por Trump após o seu retorno à Casa Branca.
Por decreto, o governo suspendeu por 90 dias os repasses e revisou sua utilização. Muitos funcionários foram demitidos, e cerca de 90% dos recursos chegaram a ser cortados temporariamente.
Embora o Congresso tenha depois restaurado parte do financiamento, as interrupções deixaram impactos. Ao mesmo tempo, países europeus (incluindo a Alemanha) também reduziram suas contribuições para a cooperação internacional.
O bilionário Elon Musk, à frente do chamado Departamento de Eficiência Governamental (Doge), foi responsável por parte dessas medidas. Em fevereiro de 2025, ele admitiu ter encerrado ""por engano"" programas de combate ao ebola. Segundo o jornal The New York Times, nem todos foram retomados, o que teria agravado um surto anterior em Uganda.
Além disso, Trump determinou a saída dos EUA da OMS – uma medida que entrou formalmente em vigor um ano depois. Antes disso, os EUA eram um dos principais financiadores da organização, com mais de 1,2 bilhão de dólares apenas entre 2023 e 2024.
O Centro de Controle e Prevenção de Doenças (CDC) dos EUA também sofreu cortes significativos: cerca de 25% do pessoal foi demitido e 35% dos contratos foram cancelados em 2025. Segundo a imprensa americana, especialistas importantes no combate ao ebola chegaram a ser demitidos por engano e depois reintegrados. Atualmente, o CDC afirma que mais de 30 de seus funcionários atuam na República Democrática do Congo.
Governo Trump rebate críticas
O governo Trump rejeita as acusações de que os cortes na ajuda externa dos EUA teriam impactado a resposta ao ebola. ""É falso afirmar que a reforma da USAid tenha tido uma impacto negativo na nossa capacidade de responder ao ebola"", afirmou o porta-voz do Departamento de Estado, Tommy Pigott.
Na semana passada, o Departamento de Estado anunciou que vai financiar até 50 clínicas de tratamento na República Democrática do Congo e em Uganda. ""Este anúncio deve enviar uma mensagem clara: os Estados Unidos têm um compromisso inabalável em garantir que esta resposta seja plenamente dotada de recursos, rápida e cooperativa"", afirmou o departamento.
Ao mesmo tempo, o secretário de Estado dos EUA, Marco Rubio, criticou a OMS ao afirmar que ela ""demorou um pouco para identificar"" o surto.
Em resposta, Tedros disse que a crítica mostra ""uma falta de compreensão"" sobre como funcionam os regulamentos internacionais de saúde e as  responsabilidades da OMS.  ""Nós não substituímos o trabalho dos países; apenas os apoiamos.""
Condições difíceis favorecem avanço
Para além da redução de recursos humanitários, que afeta diretamente a contenção do surto, a diretora da ONG Ação contra a Fome na República Democrática do Congo, Julie Drouet, ressaltou haver outros fatores importantes: a variante Bundibugyo é mais rara e inicialmente não foi detectada nos testes, e os primeiros casos ocorreram em regiões remotas, longe de centros de saúde. Isso permitiu que o vírus se espalhasse por mais tempo sem ser identificado.
A situação é agravada pela instabilidade no leste do Congo, especialmente nas províncias de Kivu do Norte, Kivu do Sul e Ituri. Grupos armados atuam na região, e deslocamentos de população dificultam tanto o controle da doença quanto o trabalho de ajuda humanitária.
Apesar disso, equipes médicas seguem atuando intensamente na área. ""Estamos fazendo tudo para conter o surto, incluindo a criação de pontes aéreas humanitárias para levar ajuda"", disse Drouet.
Casos já foram registrados na cidade de Goma, no leste da República Democrática do Congo, e também na capital de Uganda, Kampala. Ambas têm alta densidade populacional, o que aumenta o risco de disseminação rápida.
A OMS já liberou uma primeira ajuda de 3,9 milhões de dólares para apoiar os sistemas locais de saúde. Especialistas pedem que governos de todo o mundo ampliem esse financiamento para conter o surto antes que ele se agrave ainda mais.",Fato,G1 Saúde / Oficial,https://g1.globo.com/saude/noticia/2026/05/26/como-os-cortes-de-trump-podem-ter-agravado-o-surto-de-ebola.ghtml
"Mercado bilionário, fama nas redes e riscos à saúde: os bastidores do universo do fisiculturismo","Fantástico mergulha no universo do fisiculturismo, que exige disciplina extrema
A febre do fisiculturismo foi tema de uma reportagem especial do Fantástico, que revelou os bastidores de um universo marcado por disciplina extrema, um mercado bilionário e riscos à saúde. 
O programa acompanhou atletas que enfrentam anos de sacrifícios na busca por um corpo superforte e esculpido. Especialistas também alertaram para os limites do corpo humano e para os perigos do uso inadequado de substâncias voltadas ao ganho muscular — prática que se espalha em um dos segmentos que mais crescem no mercado fitness.
O assunto vem ganhando maior repercussão após a morte recente do fisiculturista Gabriel Ganley, de 22 anos, encontrado morto no último sábado (23), na Zona Leste de São Paulo. O atestado de óbito apontou cardiomiopatia hipertrófica, que é uma doença cardíaca que pode ser agravada pelo uso de anabolizantes. Ganley revelou, em julho de 2025, que havia começado a usar substâncias .
Fantástico mergulha no universo do fisiculturismo, que exige disciplina extrema
Reprodução/TV Globo
Febre nas redes e mercado bilionário 
Nos últimos anos, o fisiculturismo deixou de ser um nicho restrito às academias e ganhou espaço nas redes sociais, atraindo milhares de jovens. Influenciadores fitness passaram a acumular milhões de seguidores ao compartilhar rotinas de treino, dietas rigorosas e transformações físicas impressionantes. Alguns deles se tornaram celebridades nacionais.
O maior símbolo dessa explosão no Brasil é Ramon Dino, o “Dinossauro do Acre”. O atleta, de 30 anos, se tornou o primeiro homem brasileiro a vencer a principal competição do fisiculturismo mundial.
Ao Fantástico, Dino contou que começou a treinar em praças públicas de Rio Branco usando apenas o peso do próprio corpo. Sem dinheiro para comprar carne, chegou a consumir 30 ovos por dia para manter a dieta. Durante a pandemia, vídeos dos treinos viralizaram nas redes sociais e mudaram completamente sua vida.
""E isso chamou muito a atenção do pessoal. 'Se o cara fez o que ele fez com um pouquinho, imagina investindo nele?'"", conta.
Atualmente, Ramon soma milhões de seguidores e figura entre os principais nomes do fisiculturismo mundial. A ascensão dele coincidiu com o boom do esporte no Brasil — impulsionado principalmente pelas redes sociais.
O crescimento da modalidade também movimentou um mercado gigantesco. Segundo Tamer El Guindy, um dos maiores promotores de eventos fitness do mundo, o setor movimenta entre R$ 2 bilhões e R$ 3 bilhões por ano no país. O Brasil já é considerado o segundo maior mercado de fisiculturismo do mundo, atrás apenas dos Estados Unidos.
A profissionalização trouxe grandes eventos, patrocínios, marcas de suplementos, roupas fitness, academias especializadas e uma legião de fãs que acompanham cada detalhe da rotina dos atletas.
Fantástico mergulha no universo do fisiculturismo, que exige disciplina extrema
Reprodução/TV Globo
Sacrifícios extremos 
Mas por trás dos músculos e da fama existe uma realidade marcada por sacrifícios extremos.
Fisiculturistas chegam a consumir até 8 mil calorias por dia durante determinadas fases da preparação. Em períodos pré-competição, passam semanas em dietas extremamente restritivas para reduzir ao máximo o percentual de gordura corporal. Alguns atletas sobem ao palco com apenas 2% ou 3% de gordura.
Além da alimentação rigorosa, há protocolos intensos de treino, privação social, controle absoluto da rotina e processos severos de desidratação antes das competições para deixar os músculos mais aparentes.
Conhecida como 'Ferrari Humana', fisiculturista brasileira rebate críticas: 'Eu gosto, meu marido acha bonito, então está tudo certo'
Conhecida como 'Ferrari Humana', fisiculturista brasileira rebate críticas sobre corpo
Reprodução/TV Globo
Uso de anabolizantes e os riscos à saúde
Outro ponto central — e mais controverso — do fisiculturismo envolve o uso de hormônios e anabolizantes. 
Embora o uso dessas substâncias seja comum no fisiculturismo profissional, especialistas alertam que não existe dose segura para fins estéticos.
""A testosterona funciona como um tratamento, que é a terapia de reposição hormonal. Fora dessa situação clínica, o uso da mesma, sim, é considerado um uso errado, de um esteroide anabolizante -- que a gente vai chamar aqui, leigamente, de bomba"", destaca endócrino, Ricardo Oliveira.
Médicos ouvidos pela reportagem afirmam que os efeitos colaterais vão desde acne e queda de cabelo até problemas cardiovasculares graves, como infarto, AVC e insuficiência cardíaca. Ainda segundo os especialistas, uso inadequado de testosterona e outros esteroides pode provocar atrofia testicular.
Há ainda os riscos dos anabolizantes para o coração, conforme descreve o cardiologista Alexandre Carvalho.
""O anabolizante faz crescer o músculo, só que ele não é tão seletivo a ponto de excluir o coração. Então ele vai no órgão, no músculo cardíaco e aumenta de uma maneira até disforme o coração. E a contração muscular é tão vigorosa que ela perde a potência ao longo do tempo.""
Questionado, Ramon diz que reconhece os riscos desse estilo de vida que assumiu: 
""Sim. Assumi. Já tem que entrar nele sabendo que corre esse risco. E para as pessoas que estão iniciando, para os jovens, a gente já deixa a dica aqui: não faça isso se você não for um atleta. Se você não tiver um acompanhamento também, não faça isso. É uma coisa muito séria e mexe um pouco com a sua saúde"", enfatiza. 
Fantástico mergulha no universo do fisiculturismo, que exige disciplina extrema
Reprodução/TV Globo
LEIA TAMBÉM:
‘O coração também é um músculo’: como anabolizantes podem levar a arritmias e morte súbita
Fisiculturismo: quais os riscos quando o corpo deixa de ser 'natural' e prática aposta no uso de hormônios e anabolizantes
Gabriel Ganley: fisiculturista morto em SP já relatou ter passado mal depois de usar insulina; entenda os riscos
GloboPop: clique para ver os vídeos do palco do Fantástico
Ouça os podcasts do Fantástico
ISSO É FANTÁSTICO
O podcast Isso É Fantástico está disponível no g1, Globoplay, Deezer, Spotify, Google Podcasts, Apple Podcasts e Amazon Music trazendo grandes reportagens, investigações e histórias fascinantes em podcast com o selo de jornalismo do Fantástico: profundidade, contexto e informação. Siga, curta ou assine o Isso É Fantástico no seu tocador de podcasts favorito. Todo domingo tem um episódio novo. 
PRAZER, RENATA
O podcast 'Prazer, Renata' está disponível no g1, no Globoplay, no Deezer, no Spotify, no Google Podcasts, no Apple Podcasts, na Amazon Music ou no seu aplicativo favorito. Siga, assine e curta o 'Prazer, Renata' na sua plataforma preferida. 
BICHOS NA ESCUTA
O podcast 'Bichos Na Escuta' está disponível no g1, no Globoplay, no Deezer, no Spotify, no Google Podcasts, no Apple Podcasts, na Amazon Music ou no seu aplicativo favorito.",Fato,G1 Saúde / Oficial,https://g1.globo.com/fantastico/noticia/2026/05/26/mercado-bilionario-fama-nas-redes-e-riscos-a-saude-os-bastidores-do-universo-do-fisiculturismo.ghtml
"'Mercado ilegal de canetas é até 5 vezes maior que o formal', diz vice-presidente da EMS","Material apreendido pela PRF, com canetas emagrecedoras, aparelhos eletrônicos e anabolizantes
PRF/ Divulgação
O mercado informal de canetas análogas de GLP-1 —categoria que inclui medicamentos como Ozempic, Wegovy e Mounjaro— pode ser até cinco vezes maior do que o mercado formal da indústria farmacêutica no Brasil, segundo estimativa apresentada pela EMS durante coletiva realizada nesta terça-feira (26), após a aprovação de sua própria versão de semaglutida pela Agência Nacional de Vigilância Sanitária (Anvisa).
LEIA TAMBÉM:
Nova semaglutida da EMS custará 30% menos que Ozempic e deve chegar às farmácias em 30 dias
Anvisa aprova primeira versão nacional de semaglutida após fim da patente da Novo Nordisk
A avaliação foi feita pelo vice-presidente da companhia, Marcus Sanchez, ao comentar o cenário atual dos medicamentos usados para diabetes tipo 2 e obesidade.
Segundo o executivo, a forte procura pela substância nos últimos anos estimulou a formação de um mercado paralelo abastecido por produtos contrabandeados e por versões manipuladas comercializadas fora das condições exigidas para medicamentos registrados.
Na avaliação da empresa, a quantidade de unidades que circulam nesse mercado informal supera amplamente o volume vendido pela indústria farmacêutica regularizada.
A expectativa da EMS é que o Ozivy se torne o medicamento de maior faturamento da empresa nos próximos 12 meses. Segundo a empresa, a plataforma utilizada para produzir o Ozivy tem capacidade produtiva de até 40 milhões de unidades anuais, volume que a farmacêutica considera suficiente para atender à demanda esperada pelo medicamento no país.
Entenda o que acontece com os medicamentos apreendidos na fronteira com o Paraguai
Empresa critica produtos sem registro
Durante a coletiva, Sanchez afirmou que a EMS não vê problema na entrada de novos concorrentes no setor, desde que todos estejam submetidos às mesmas exigências regulatórias.
Segundo ele, parte dos produtos vendidos atualmente como alternativas à semaglutida industrializada chega ao consumidor sem passar pelo mesmo processo de avaliação de qualidade, eficácia e segurança exigido pela Anvisa para medicamentos registrados.
O executivo também criticou a comercialização de produtos oriundos de outros países sem autorização para venda no Brasil.
Ele citou o caso do Paraguai, onde existem versões legalmente comercializadas de semaglutida sob as regras locais, mas ressaltou que a aprovação em outro país não autoriza automaticamente a importação ou venda do produto em território brasileiro.
Quadrilha é presa com carga de canetas emagrecedoras contrabandeadas do Paraguai
globo
Concorrência pode reduzir espaço do mercado paralelo
Para a EMS, a ampliação da oferta de medicamentos registrados tende a reduzir a procura por alternativas irregulares.
Segundo Sanchez, parte do crescimento do mercado paralelo ocorreu em um contexto de forte demanda pelos medicamentos à base de semaglutida e de limitações de oferta.
Na avaliação da companhia, a chegada de novos fabricantes e o aumento da concorrência devem contribuir para uma maior formalização do setor.
A farmacêutica recebeu nesta terça-feira o registro do Ozivy, primeira semaglutida aprovada pela Anvisa após o fim da patente da Novo Nordisk no Brasil. A empresa afirma que o medicamento deverá chegar às farmácias em até 30 dias e terá preço cerca de 30% inferior ao do Ozempic.",Fato,G1 Saúde / Oficial,https://g1.globo.com/saude/noticia/2026/05/26/mercado-ilegal-de-canetas-e-ate-cinco-vezes-maior-que-o-formal-diz-vice-presidente-da-ems.ghtml
"Quando a Ozivy, concorrente do Ozempic feita no Brasil, deve ser lançada e quanto ela deve custar","Paciente aplicando caneta emagrecedora.
GETTY IMAGES via BBC
A Anvisa (Agência Nacional de Vigilância Sanitária) aprovou nesta terça-feira (26/5) o registro da Ozivy, a primeira caneta emagrecedora brasileira feita com semaglutida, o mesmo princípio ativo do Ozempic.
Isso significa que o medicamento tem autorização para ser comercializado. Ele não deve chegar às prateleiras agora, no entanto. A EMS, laboratório responsável pela fabricação, prevê que isso aconteça em dois ou três meses — isto é, até agosto.
A estimativa tem sido divulgada por Marcus Sanchez, vice-presidente da EMS, em entrevistas desde que a patente da semaglutida, que pertencia à empresa dinamarquesa Novo Nordisk, expirou no Brasil, em março.
A EMS, que produzirá a Ozivy em Hortolândia, cidade a cerca de 120 quilômetros de São Paulo, marcou uma entrevista coletiva com jornalistas para a tarde desta terça-feira a fim de esclarecer seus próximos passos.
O preço do medicamento, porém, ainda não foi definido. 
Um estudo do Itaú BBA, setor do banco voltado a investidores, estima que a queda de preços das canetas nacionais, em relação às estrangeiras como o Ozempic, poderá ser de 50% em cinco anos, mas, por hora, não deve ultrapassar os 30%.
Considerando que o Ozempic hoje é vendido por cerca de R$ 1.300, é possível que a Ozivy custe algo em torno de R$ 1.039.
Uma caixa de Ozempic, fabricada pela Novo Nordisk, em uma farmácia em Londres.
HOLLIE ADAMS/REUTERS/ARQUIVO
Não é incomum achar o Ozempic por R$ 999 nas prateleiras, mas isso se deve a um desconto do laboratório, que pode ser reduzido sem aviso nem justificativa, diferentemente do preço de tabela, que não pode ter altas sem autorização da Câmara de Regulação do Mercado de Medicamentos (Cmed).
As canetas brasileiras em análise pela Anvisa serão em sua maioria similares, não genéricas, o que tem efeito direto na precificação dos medicamentos.
A primeira categoria imporia aos laboratórios a obrigação de oferecer um desconto de ao menos 35% em relação ao medicamento de referência, mas a Ozivy se trata de um produto similar. Essa classe permite que a farmacêutica conceda um desconto mais baixo, de cerca de 20%.
Ambos têm o mesmo princípio ativo. A diferença é que o genérico não tem marca comercial e é identificado pelo nome da substância, enquanto o similar tem nome próprio e embalagem personalizada.
Para estabelecer os preços tanto de similares quanto de genéricos, vale lembrar, são levados em consideração os preços máximos de tabela do medicamento original.
Quando a Ozivy começar a ser vendida, a Novo Nordisk pode oferecer descontos maiores na tentativa de frear a concorrência brasileira, que, por sua vez, também poderia baixar mais ainda os preços para se manter competitiva.
Baixa concorrência deve frear redução de preços
Mais de uma dezena pedidos para produção e importação de semaglutida são avaliados pela Anvisa, que concederá no máximo três autorizações por semestre — um trabalho, portanto, que deve se estender até o fim de 2027.
Isso significa que, embora outros laboratórios brasileiros queiram lançar suas canetas à base de semaglutida, elas não devem chegar todas de uma vez às farmácias, o que deve levar anos para acontecer.
Isso se deve não só à celeridade da Anvisa e suas aprovações, mas à necessidade de uma infraestrutura que pode custar bilhões para que as empresas sejam capazes de fabricar as versões nacionais das canetas.
As fábricas de injetáveis enfrentam exigências mais rigorosas do que as que produzem comprimidos, cápsulas ou soluções líquidas não injetáveis.
Além de cuidados com envase e monitoramento ambiental e microbiológico, para garantir a esterilidade de lote a lote, as canetas passam por uma série de testes para que possam ser transportadas em condições mais adversas do que as do laboratório sem perder qualidade. O transporte, aliás, é um desafio à parte, por exigir refrigeração constante.
Poucos laboratórios são aptos para esse tipo de produção no Brasil. Entre as exceções estão a Biomm e a EMS, que diz ter investido R$ 1,2 bilhão na construção de sua planta fabril em Hortolândia.
A maioria dos laboratórios brasileiros deve se unir a empresas estrangeiras. É o caso do Aché, da Hypera e da Cimed, que alardeou a ideia de produzir suas canetas no Brasil, mas desistiu devido ao custo.
Em geral, as parcerias são com farmacêuticas da Ásia, principalmente as indianas, conhecidas por produzir insumos a custos competitivos.
São duas alternativas: importar o medicamento já pronto e reembalá-lo para a revenda no Brasil — prática conhecida como licenciamento — ou contratar um laboratório estrangeiro para terceirizar a produção de uma versão própria.
Ambas as opções, no entanto, implicam importar as canetas, o que pode submeter essas empresas a impostos capazes de comprometer sua competitividade. A taxação dos insumos para produção nacional está em discussão.
Onde as canetas emagrecedoras agem no corpo.
BBC
O que é semaglutida?
A semaglutida, que teve sua patente no Brasil expirada em março, é o princípio ativo do Ozempic. É considerada a segunda geração das canetas emagrecedoras, que levam à perda de até 15% do peso corporal.
Já foi superada, no entanto, pela tirzepatida, fármaco por trás do Mounjaro, da farmacêutica americana Eli Lilly, que pode levar à redução de até 22,5% do peso.
A liraglutida, princípio ativo da primeira geração, leva à redução de até 8% do peso. Revolucionária quando lançada, logo ela foi ultrapassada pela semaglutida, mas ainda é indicada para alguns pacientes — e, no Brasil, já tem versões nacionais e mais baratas (Oliri e Lirux, que também são da EMS).
Isso significa que a Ozivy não é a primeira caneta emagrecedora brasileira, mas a primeira feita à base de semaglutida, um fármaco mais potente do que a liraglutida. 
A terceira geração das canetas, à base de tirzepatida, não deve ter versões nacionais tão cedo — no Brasil, sua patente, que pertence à Eli Lilly, cai em 2036.
As diferenças entre as moléculas emagrecedoras.
BBC",Fato,G1 Saúde / Oficial,https://g1.globo.com/saude/noticia/2026/05/26/quando-a-ozivy-concorrente-do-ozempic-feita-no-brasil-deve-ser-lancada-e-quanto-ela-deve-custar.ghtml
"Preço máximo de caneta nacional ainda será definido entre duas e três semanas, diz Padilha","Ministro da Saúde fala sobre aprovação da 1º caneta para emagrecimento feita no país
A Agência Nacional de Vigilância Sanitária (Anvisa) publicou nesta terça-feira (26) o registro do medicamento Ozivy, genérico que usa o mesmo princípio ativo do Ozempic. Essa é a primeira versão brasileira da caneta emagrecedora depois da quebra da patente internacional da Novo Nordisk, encerrada em março deste ano.  
O produto chegará às farmácias brasileiras em até 30 dias com preço cerca de 30% inferior ao do Ozempic.
O ministro da saúde, Alexandre Padilha, esteve na GloboNews para falar sobre o registro e  afirmou que o preço máximo da caneta nacional ainda será definido entre duas e três semanas. Ele defendeu um rigoroso acompanhamento da venda deste tipo de medicamento e destacou que, quanto mais empresas produzirem, maior será a concorrência e melhor o preço. 
 “Isso permite não só o acesso direto às pessoas, mas também uma  situação de incorporação no SUS mais importante”, disse. 
'Mercado ilegal de canetas é até cinco vezes maior que o formal', diz vice-presidente da EMS
Quando a Ozivy, concorrente do Ozempic feita no Brasil, deve ser lançada e quanto ela deve custar
Padilha comentou ainda sobre produtos com insulina e placebo apreendidos pela Polícia Federal e destacou a importância da conscientização durante o uso do produto, com a prática de exercício físico regular, alimentação adequada e acompanhamento médico.  
“Não é uma caneta emagrecedora milagrosa que vai enfrentar o problema da obesidade. Tem que estar combinado com outras ações”, afirmou. 
O ministro destacou também que colocar uma medicação no SUS significa milhões de pessoas terem acesso e por isso é preciso ser algo controlado, de forma recomendada e com protocolo.
“Nós já estamos iniciando um protocolo no Grupo Hospitalar Conceição (GHC), do Ministério da Saúde que fica no Rio Grande do Sul, que vai avaliar a utilização e indicações da utilização desses medicamentos. Vamos avaliar o uso, a segurança, conservação, efeito e cuidado”, afirma. 
Ele acrescentou também que esse tipo de medicamento no SUS deve reduzir a quantidade de cirurgias bariátricas por exemplo e destacou que deter esta tecnologia é muito importante:
“É uma tecnologia hoje usada para diabetes, obesidade, mas essa plataforma tecnológica pode vir a ser utilizada para outras doenças crônicas e autoimunes. Então, deter esta tecnologia conosco é muito importante”, afirmou. 
Ozivy poderá ser divulgado apenas para diabetes no início 
A substância da Ozivy, é a mesma utilizada nos medicamentos Ozempic e Wegovy, indicados para diabetes tipo 2 e obesidade. 
Apesar da popularidade da semaglutida no tratamento da obesidade, a EMS informou que, neste primeiro momento, o Ozivy poderá ser divulgado apenas para diabetes, seguindo as indicações atualmente aprovadas em bula. A empresa já apresentou à Anvisa um pedido para ampliação das indicações do medicamento.",Fato,G1 Saúde / Oficial,https://g1.globo.com/saude/noticia/2026/05/26/preco-maximo-de-caneta-nacional-ainda-sera-definido-entre-duas-e-tres-semanas-diz-padilha.ghtml
Nova semaglutida da EMS custará 30% menos que Ozempic e deve chegar às farmácias em 30 dias,"Ozivy, novo medicamento da EMS
Divulgação
A EMS afirmou nesta terça-feira (26) que o Ozivy, sua nova caneta de semaglutida aprovada pela Agência Nacional de Vigilância Sanitária (Anvisa), chegará às farmácias brasileiras em até 30 dias com preço cerca de 30% inferior ao do Ozempic.
A previsão foi anunciada pelo vice-presidente da companhia, Marcus Sanchez, durante coletiva realizada após a publicação do registro do medicamento no Diário Oficial da União. Segundo ele, a farmacêutica também prepara um programa de adesão ao tratamento, com descontos, para ampliar o acesso dos pacientes.
""Nos primeiros pacientes, a redução será maior. É um produto que está reposicionando o preço da categoria e terá um programa de adesão ao tratamento"", afirmou.
O Ozivy é a primeira semaglutida aprovada no país desde o fim da patente da Novo Nordisk, encerrada em março deste ano. A substância é a mesma utilizada nos medicamentos Ozempic e Wegovy, indicados para diabetes tipo 2 e obesidade.
Apesar da popularidade da semaglutida no tratamento da obesidade, a EMS informou que, neste primeiro momento, o Ozivy poderá ser divulgado apenas para diabetes, seguindo as indicações atualmente aprovadas em bula. A empresa já apresentou à Anvisa um pedido para ampliação das indicações do medicamento.
Projeto começou antes do fim da patente
Segundo a EMS, o desenvolvimento da plataforma utilizada para produzir a semaglutida começou anos antes da expiração da patente da Novo Nordisk.
O processo regulatório teve início em 2020, quando a unidade produtiva recebeu o primeiro Certificado de Boas Práticas de Fabricação (CBPF). O registro da liraglutida, primeiro medicamento desenvolvido na plataforma, foi aprovado em 2024. Já o aval para a semaglutida foi concedido nesta terça-feira.
De acordo com a companhia, foram cerca de seis anos entre as primeiras autorizações regulatórias da fábrica e a aprovação do Ozivy.
Corrida por um mercado bilionário
A aprovação abre um novo capítulo na disputa pelo mercado brasileiro de medicamentos à base de semaglutida.
Com o fim da patente, diversas farmacêuticas passaram a disputar espaço em um segmento que cresceu rapidamente nos últimos anos, impulsionado pela procura por tratamentos para diabetes e obesidade.
A EMS avalia que ainda existe uma demanda reprimida significativa e aposta que a combinação entre preço mais baixo e maior oferta pode acelerar a expansão desse mercado.
Segundo Sanchez, a companhia vê espaço para ampliar o acesso ao tratamento e ganhar participação em um setor que, até recentemente, era dominado por um único fabricante.
O que foi aprovado
Segundo a resolução publicada pela Anvisa, o Ozivy recebeu registro válido até junho de 2036 e foi aprovado em quatro apresentações injetáveis, acompanhadas de canetas aplicadoras e agulhas:
solução injetável de 1,34 mg/ml em cartucho de 1,5 ml com caneta aplicadora;
solução injetável de 1,34 mg/ml em dois cartuchos de 1,5 ml;
solução injetável de 1,34 mg/ml em cartucho de 3 ml;
solução injetável de 1,34 mg/ml em dois cartuchos de 3 ml.
Ozempic: Com queda de patente o preço vai cair? Vamos ter versão genérica?
Pode chegar ao SUS?
Questionado sobre uma eventual incorporação da semaglutida ao Sistema Único de Saúde (SUS), Sanchez afirmou que o governo acompanha com atenção o potencial dessa classe de medicamentos, mas reconheceu que o custo continua sendo um dos principais obstáculos para sua adoção em larga escala na rede pública.
Segundo ele, existem discussões sobre formas de ampliar o acesso a esses tratamentos no futuro, mas não há qualquer acordo ou definição envolvendo o Ozivy.
EMS mira próxima geração de medicamentos
Durante a coletiva, Sanchez também afirmou que a empresa já investe no desenvolvimento de uma versão da tirzepatida, substância usada no Mounjaro, da Eli Lilly.
Segundo o executivo, a EMS já protocolou pedidos regulatórios relacionados ao produto nos Estados Unidos e pretende disputar esse mercado quando a proteção patentária permitir a entrada de novos concorrentes.
Atualmente, a tirzepatida é considerada a principal concorrente da semaglutida no tratamento da obesidade e do diabetes tipo 2.
40 milhões de unidades e aposta de faturamento
A expectativa da EMS é que o Ozivy se torne o medicamento de maior faturamento da empresa nos próximos 12 meses.
Segundo a empresa, a plataforma utilizada para produzir o Ozivy tem capacidade produtiva de até 40 milhões de unidades anuais, volume que a farmacêutica considera suficiente para atender à demanda esperada pelo medicamento no país.",Fato,G1 Saúde / Oficial,https://g1.globo.com/saude/noticia/2026/05/26/preco-sera-muito-mais-acessivel-diz-vice-presidente-da-ems-sobre-nova-semaglutida-aprovada-pela-anvisa.ghtml
Médicos britânicos comparam perigos das redes sociais aos do tabagismo,"Médicos britânicos comparam perigos das redes sociais aos do tabagismo
Adobe Stock
O uso das redes sociais representa uma ameaça à saúde dos jovens comparável ao tabagismo, alertam médicos britânicos, em uma consulta pública patrocinada pelo governo que termina nesta terça-feira (26).
Em seu relatório, a Academy of Medical Royal Colleges, organização que reúne as principais instituições médicas britânicas, considera o uso das redes sociais um problema de saúde pública ""comparável ao tabagismo e ao uso do cinto de segurança no carro"". 
Entre os 454 médicos entrevistados, metade relatou tratar pelo menos uma criança por semana com angústia mental ou lesões físicas relacionadas a conteúdos na internet. 
Os médicos também relatam observar uma ""onda de crianças radicalizadas"" devido à exposição a conteúdos ""de ódio, viciantes e extremamente perturbadores"". 
Agora no g1
O alerta dos médicos britânicos surge no último dia de uma consulta pública iniciada em janeiro pelo governo trabalhista sobre a possibilidade de proibir o uso de redes sociais para menores de 16 anos no Reino Unido, seguindo o modelo australiano. 
O primeiro-ministro, Keir Starmer, deve se reunir nesta terça-feira com pais que acreditam que as redes sociais contribuíram para a morte de seus filhos.
Entre eles estão os defensores da proibição do uso de redes sociais por menores, como Esther Ghey, mãe de uma adolescente transgênero assassinada por dois adolescentes em 2023. 
Mas também há opositores à proibição, como Ian Russell, cuja filha tirou a própria vida aos 14 anos após acessar conteúdos que promoviam o suicídio. 
Wes Streeting, que deixou o cargo de secretário da Saúde neste mês e é um potencial rival de Keir Starmer pela liderança do Partido Trabalhista e pelo cargo de primeiro-ministro, expressou apoio à proibição do uso de redes sociais por menores. 
""Acho que o que vimos das grandes empresas de tecnologia é semelhante ao comportamento da indústria do tabaco"", disse ele à BBC. 
Em meados de abril, Starmer insinuou que poderia restringir o acesso de menores às redes sociais devido a riscos à segurança, embora tenha insistido que esperaria até o final da consulta pública antes de tomar uma decisão final. 
O primeiro-ministro britânico também não descartou a proibição do uso de redes sociais por menores. A ministra da Tecnologia, Liz Kendall, indicou que o governo agirá antes do final do ano para implementar os resultados da consulta.
Educação sexual e controle digital são chave contra abuso infantil, alerta juíza",Fato,G1 Saúde / Oficial,https://g1.globo.com/saude/noticia/2026/05/26/medicos-britanicos-comparam-perigos-das-redes-sociais-aos-do-tabagismo.ghtml
Pesquisa identifica 3 tipos cerebrais diferentes de TDAH: como isso pode mudar tratamento para o transtorno,"Pesquisa identifica 3 tipos cerebrais diferentes de TDAH: como isso pode mudar tratamento para o transtorno
Getty Images / BBC
Por décadas, médicos e pesquisadores trataram o Transtorno do Déficit de Atenção com Hiperatividade — o TDAH — como se fosse uma condição relativamente única, variando apenas no quanto cada pessoa era desatenta, hiperativa ou impulsiva.
Agora, um estudo publicado em fevereiro de 2026 na revista científica JAMA Psychiatry, uma das publicações de psiquiatria mais respeitadas do mundo, vem colocar em xeque essa visão.
Usando imagens de ressonância magnética do cérebro de mais de mil crianças, pesquisadores de universidades na China, nos Estados Unidos e na Austrália conseguiram identificar três perfis cerebrais distintos dentro do TDAH — o que a pesquisa chama de ""biotipos"".
Segundo o estudo, cada um dos perfis tem suas próprias características no cérebro, com diferentes sintomas predominantes e implicações para quais tratamentos funcionam melhor para cada perfil.
Agora no g1
O problema com o diagnóstico atual
O manual que orienta os diagnósticos psiquiátricos em boa parte do mundo, o DSM, classifica o TDAH com base em comportamentos observáveis — dificuldade de atenção, impulsividade, agitação — e a partir daí define se o quadro é predominantemente desatento, hiperativo ou combinado.
O problema é que esse sistema foi construído com base em consenso clínico — grupos de especialistas deliberando sobre quais comportamentos são clinicamente relevantes — e não necessariamente no que ocorre no funcionamento do cérebro.
Mas o novo estudo demonstra que o que ocorre no cérebro é muito mais variado do que as categorias do DSM conseguem descrever.
""O TDAH é caracterizado por uma considerável heterogeneidade clínica, e os sistemas de classificação existentes limitam o desenvolvimento de abordagens baseadas em neurobiologia"", escrevem os pesquisadores logo na abertura do artigo.
Para Guilherme Polanczyk, coordenador do Núcleo de Pesquisa em Neurodesenvolvimento e Saúde Mental da USP e do Programa de Diagnóstico e Intervenções Precoces do IPq (Instituto de Psiquiatria), o DSM continua sendo um instrumento válido — mas insuficiente para dar conta da diversidade real dos pacientes.
""Existe um grupo muito heterogêneo de pessoas com TDAH, assim como ocorre em outros diagnósticos"", afirma.
""As técnicas de neurociência, sem dúvida, têm potencial para identificar esses subgrupos, e entendemos que, eventualmente, isso poderia levar a tratamentos mais direcionados e específicos.""

Getty Images / BBC
Como o estudo foi feito
A equipe, liderada pelo médico e pesquisador Qiyong Gong, da Universidade de Sichuan, na China, coletou imagens de ressonância magnética estrutural — um exame que mostra a anatomia do cérebro em detalhes — de crianças com e sem TDAH em seis centros de pesquisa diferentes, espalhados por China e Estados Unidos.
No total, participaram 446 crianças com diagnóstico de TDAH e 708 sem o transtorno no grupo principal do estudo. Os resultados foram depois verificados em um segundo grupo independente, com mais 554 crianças com TDAH. A média de idade era de cerca de 11 anos.
A partir das imagens, os pesquisadores construíram o que chamam de ""redes de similaridade morfométrica"" — uma forma de mapear como diferentes regiões do cérebro se assemelham entre si em estrutura e volume. 
Regiões que crescem e se desenvolvem de forma parecida tendem a trabalhar juntas, e alterações nessa rede podem revelar como o cérebro de uma criança difere do padrão esperado.
Para estabelecer esse padrão de referência, os pesquisadores utilizaram uma técnica chamada modelagem normativa. Com ela, é montada uma espécie de curva de crescimento aplicada ao cérebro. 
Assim como um pediatra usa uma curva de peso para avaliar se uma criança está dentro do esperado para sua idade, essa abordagem quantifica o quanto o cérebro de cada criança se afasta da norma em determinadas regiões.
Com esses desvios mapeados individualmente, os pesquisadores aplicaram algoritmos para agrupar as crianças de acordo com os padrões encontrados — sem usar nenhuma informação clínica, apenas os dados cerebrais. 
O que emergiu foram três grupos distintos.
Os três biotipos
Biotipo 1 — O mais grave: combinado com desregulação emocional
Este grupo reuniu 142 crianças e foi o que apresentou os quadros mais intensos. As alterações cerebrais estavam concentradas no córtex pré-frontal medial e numa estrutura chamada pálido — regiões ligadas ao controle emocional, à tomada de decisão e à regulação do comportamento.
Clinicamente, essas crianças tinham os maiores níveis tanto de desatenção quanto de hiperatividade/impulsividade. Mas o que mais se destacou foi a dificuldade de controlar as emoções: elas tinham mais problemas para lidar com frustração, raiva e angústia do que os outros grupos. 
Ao longo do tempo, enquanto os outros biotipos mostraram melhora nessa área, o biotipo 1 permaneceu mais estável — ou seja, os sintomas emocionais persistiam. 
Esse grupo também apresentou maior taxa de transtornos de humor associados, como ansiedade e depressão, embora o número de casos não fosse grande o suficiente para ser conclusivo estatisticamente.
O destaque dado à desregulação emocional é um dos pontos que mais chamou a atenção de especialistas. Para Polanczyk, esse achado dialoga diretamente com uma linha de pesquisa em crescimento. 
""A irritabilidade vem sendo bastante estudada e reconhecida como um fator associado a maior gravidade e a maior dificuldade de resposta aos tratamentos"", diz. 
O próprio grupo do pesquisador tem um estudo em fase de publicação que, usando o temperamento como critério de agrupamento em crianças pequenas com TDAH, chegou a conclusão semelhante: a irritabilidade distingue um subgrupo específico de pacientes.
Para Danielle Admoni, psiquiatra especializada em infância e adolescência pela Unifesp, o estudo confirma algo que a prática clínica já sinalizava: a dificuldade de controlar emoções não é apenas um efeito colateral do TDAH — em certos perfis, ela pode ser tão definidora do quadro quanto a desatenção ou a hiperatividade.
Ela aponta implicações diretas para o tratamento: ""A gente tem casos de TDAH que melhoram muito pouco com a medicação. Será que nesses casos a gente não precisa associar alguma coisa pensando nessa desregulação emocional — de repente um estabilizador de humor, alguma outra medicação — entendendo que isso pode ser algo mais central do que se pensava até então?""
Biotipo 2 — Predominantemente hiperativo/impulsivo
Com 177 crianças, este foi o maior dos três grupos.
As alterações cerebrais estavam concentradas no córtex cingulado anterior e, novamente, no pálido — um circuito ligado ao controle de impulsos e à capacidade de inibir comportamentos.
O perfil clínico bateu bem com a neurobiologia: hiperatividade e impulsividade eram os sintomas dominantes, com a desatenção aparecendo em menor grau. 
Ao longo do acompanhamento, esse grupo mostrou melhora na regulação emocional — ao contrário do biotipo 1.
Biotipo 3 — Predominantemente desatento
Este grupo reuniu 127 crianças. As alterações cerebrais eram mais localizadas, concentradas principalmente no giro frontal superior, uma região associada à atenção sustentada e à memória de trabalho — aquela capacidade de manter informações na cabeça enquanto se realiza uma tarefa. 
Clinicamente, a desatenção era o sintoma dominante, com hiperatividade e impulsividade em segundo plano. 
Das três, foi a configuração que apresentou os desvios cerebrais menos extensos, sugerindo um quadro mais focal e, possivelmente, mais específico de responder a certas intervenções.
Biotipo 3 — Predominantemente desatento
Getty Images / BBC
Por que as descobertas importam
A descoberta mais relevante do estudo não é simplesmente o número de biotipos — mas sim o fato de que esses grupos foram identificados sem que os pesquisadores usassem qualquer informação clínica. 
O algoritmo olhou apenas para o cérebro e chegou a agrupamentos que, depois, se mostraram coerentes com o comportamento das crianças. Isso é o que os cientistas chamam de validação convergente: duas formas diferentes de olhar para o mesmo problema chegam à mesma conclusão.
Isso é relevante porque sugere que esses biotipos não são apenas uma construção estatística conveniente — eles podem refletir diferenças biológicas reais. E se as diferenças são biológicas, elas potencialmente respondem de formas diferentes a tratamentos.
O estudo foi além e investigou quais substâncias químicas do cérebro apresentavam alterações em cada biotipo. 
Os três perfis mostraram padrões distintos: o biotipo 1 envolve dopamina e serotonina — ligadas a humor, motivação e bem-estar — além de acetilcolina, relacionada à memória e atenção. O biotipo 2 apresentou alterações em glutamato, o principal mensageiro de ativação do cérebro, entre outras substâncias. O biotipo 3 mostrou alterações mais restritas, também ligadas à serotonina.
Os medicamentos mais usados no TDAH hoje — como o metilfenidato, conhecido como Ritalina — agem principalmente na dopamina e na noradrenalina, substâncias ligadas à atenção e ao autocontrole.
Mas se o biotipo 2 tem seu perfil dominante ligado ao glutamato — principal mensageiro de ativação do cérebro — e ao sistema endocanabinoide — rede de receptores que regula humor, dor e sono —, a pergunta que se coloca é direta: esse grupo responde da mesma forma ao tratamento convencional? Talvez não.
O que o estudo não responde — e por que os resultados ainda pedem cautela
Apesar da consistência dos achados, os próprios pesquisadores foram cuidadosos ao demarcar o que o estudo pode e não pode afirmar. E há críticas externas que merecem atenção.
O estudo fotografa o cérebro em um momento — não acompanha as mesmas crianças por anos para ver se o biotipo muda com o tempo. 
Em crianças, cujo cérebro ainda está em intensa formação, isso é uma limitação real. 
A psiquiatra Danielle Admoni lembra que o desenvolvimento cerebral segue em transformação até por volta dos 30 anos, o que torna o quadro ainda mais dinâmico.
Mas ela vê nisso não apenas uma limitação, e sim uma pista clínica importante: ""Você pode transitar entre esses três subtipos ao longo da vida — pode começar com um e depois migrar para outro. Os biotipos não são estanques, assim como a plasticidade neuronal também não é."" 
Isso, na sua avaliação, reforça a necessidade de acompanhar o paciente longitudinalmente, e não apenas fazer um diagnóstico fixo em um momento.
Outro ponto de atenção é que a amostra é predominantemente masculina — 76% dos participantes com TDAH eram meninos. 
Como o transtorno se apresenta de formas diferentes em meninas, Polanczyk reforça que validar os biotipos em amostras com maior representação feminina é um passo necessário antes de qualquer generalização.
Outro ponto diz respeito à viabilidade prática. O estudo foi feito em centros de pesquisa com equipamentos sofisticados e protocolos rigorosos.
""A neuroimagem é pouco acessível quando se pensa em saúde pública — essa é uma barreira concreta"", alerta Polanczyk. Para que esses achados possam ser traduzidos para a prática clínica, será necessário desenvolver métodos de subtipagem que funcionem com recursos disponíveis em diferentes contextos.
E, talvez o ponto mais importante: o fato de existirem três perfis cerebrais distintos não significa que tratar cada um de forma diferente vai necessariamente mudar os resultados clínicos. 
Isso ainda precisa ser testado em ensaios clínicos específicos — o que pode levar anos. O próprio Polanczyk adverte contra o entusiasmo prematuro: ""Muitas vezes as pessoas antecipam implicações clínicas e já propõem tratamentos específicos, mas ainda não chegamos a esse ponto.""

Getty Images / BBC
O que vem a seguir
O estudo lança as bases para uma abordagem que cientistas chamam de ""medicina de precisão"" aplicada à psiquiatria: em vez de tratar o TDAH como um bloco único, identificar qual é o perfil neurobiológico de cada paciente e ajustar o tratamento a partir daí.
""As pessoas não vão manifestar a mesma doença da mesma maneira, e o tratamento não vai ser o mesmo. A ideia é uma coisa mais precisa — sintomas específicos, subtipos específicos, e não só da parte de sintomas, mas também da parte de tratamento e de acompanhamento"", resume Admoni.
O caminho, contudo, passa necessariamente por ensaios clínicos que testem se subgrupos diferentes respondem de forma distinta a intervenções distintas.
Um estudo randomizado do grupo de Polanczyk, publicado há alguns anos, já apontou nessa direção: crianças pequenas com TDAH e irritabilidade respondiam melhor ao treinamento parental do que à medicação, que se mostrou mais eficaz nas questões de atenção e cognição. 
""Estudos como esse, que identifiquem quais subgrupos respondem melhor ou pior a determinadas intervenções, são fundamentais"", diz o pesquisador. ""A escolha de medicações específicas por subgrupo só será possível depois desse caminho percorrido.""
É uma visão que ainda está no horizonte — não na mesa do consultório. ""É um caminho promissor, mas ainda em construção"", resume Polanczyk.",Fato,G1 Saúde / Oficial,https://g1.globo.com/saude/noticia/2026/05/26/pesquisa-identifica-3-tipos-cerebrais-diferentes-de-tdah-como-isso-pode-mudar-tratamento-para-o-transtorno.ghtml
Anvisa aprova primeira versão nacional de semaglutida após fim da patente da Novo Nordisk,"Anvisa aprova primeira versão nacional de semaglutida após fim da patente da Novo Nordisk
A Agência Nacional de Vigilância Sanitária (Anvisa) aprovou o registro do Ozivy, medicamento à base de semaglutida fabricado pela EMS. A decisão marca a primeira aprovação de um concorrente nacional da substância após o fim da patente da Novo Nordisk no Brasil.
📱Favorite o g1 no Google e acompanhe as principais notícias do dia
A semaglutida é o princípio ativo dos medicamentos Ozempic, indicado para diabetes tipo 2, e Wegovy, aprovado para tratamento da obesidade. Desde a queda da patente, em março deste ano, diversas farmacêuticas passaram a disputar espaço em um mercado que movimenta bilhões de reais e transformou as chamadas ""canetas emagrecedoras"" em um dos produtos mais procurados da indústria farmacêutica.
O Ozivy foi registrado como um ""medicamento novo"" por uma modalidade chamada desenvolvimento abreviado, utilizada para produtos que se baseiam em substâncias já conhecidas, mas que ainda precisam demonstrar qualidade, segurança e eficácia perante a agência reguladora.
A aprovação ocorre após meses de análise da Anvisa. Até então, nenhum produto baseado em semaglutida havia conseguido autorização para chegar ao mercado desde a expiração da patente. Em abril, a agência chegou a negar alguns pedidos por falhas na documentação e na comprovação de requisitos técnicos.
semaglutida, ozempic
Freepik
Segundo a publicação oficial, o Ozivy foi aprovado em apresentações de solução injetável para aplicação subcutânea, com diferentes volumes e acompanhadas de canetas aplicadoras e agulhas.
Apesar do registro da Anvisa, o Ozivy ainda não tem data de lançamento divulgada. Antes de chegar às farmácias, a EMS precisa concluir etapas comerciais e logísticas, como definição de preço, produção dos primeiros lotes e distribuição para o varejo farmacêutico.
Ozempic: Com queda de patente o preço vai cair? Vamos ter versão genérica?
Corrida bilionária após a queda da patente
O registro representa um marco em uma corrida iniciada ainda antes da expiração da patente.
Levantamento feito pelo g1 mostrou que ao menos 17 pedidos envolvendo medicamentos à base de semaglutida estavam em tramitação na Anvisa. Os processos começaram a ser protocolados em 2023, antecipando o interesse da indústria pela abertura do mercado.
Na época, a própria agência informou que os produtos passavam por uma avaliação rigorosa devido à complexidade da molécula. Entre os pontos analisados estavam estudos de imunogenicidade, controle de impurezas e métodos capazes de detectar pequenas alterações na estrutura da substância.
""O que estamos falando é de um produto que está na fronteira entre um sintético e um biológico"", afirmou anteriormente ao g1 o gerente-geral de medicamentos da Anvisa, Raphael Sanches.
Preço pode cair?
A entrada de concorrentes tende a aumentar a competição em um mercado que, até março deste ano, era exclusivo da Novo Nordisk. Com mais fabricantes disputando espaço, a expectativa é de que os preços diminuam gradualmente ao longo dos próximos anos.
Isso porque a semaglutida não tem versões genéricas tradicionais. Por se tratar de uma molécula complexa, os novos produtos precisam seguir caminhos regulatórios próprios e demonstrar qualidade, eficácia e segurança.
Em reportagem anterior, o g1 mostrou que o próprio Ministério da Saúde avalia que a entrada de novos fabricantes pode ampliar o acesso ao tratamento no futuro.
A concorrência já começou a produzir efeitos no mercado. Recentemente, a Novo Nordisk anunciou estratégias comerciais para ampliar o acesso a seus produtos, incluindo condições especiais para algumas apresentações do Wegovy e ajustes de preços do Rybelsus.
Por enquanto, a EMS ainda não divulgou preço nem previsão de lançamento do Ozivy.
Se a patente do Ozempic caiu, por que a gente ainda não tem uma versão brasileira?
O que foi aprovado
Segundo a resolução publicada pela Anvisa, o Ozivy recebeu registro válido até junho de 2036 e foi aprovado nas seguintes apresentações:
Solução injetável de 1,34 mg/ml em cartucho de 1,5 ml com caneta aplicadora;
Solução injetável de 1,34 mg/ml em dois cartuchos de 1,5 ml;
Solução injetável de 1,34 mg/ml em cartucho de 3 ml;
Solução injetável de 1,34 mg/ml em dois cartuchos de 3 ml.
A empresa ainda precisará concluir etapas comerciais e de distribuição antes de disponibilizar o medicamento nas farmácias.",Fato,G1 Saúde / Oficial,https://g1.globo.com/saude/noticia/2026/05/26/anvisa-aprova-primeira-versao-nacional-de-semaglutida-apos-fim-da-patente-da-novo-nordisk.ghtml
‘O coração também é um músculo’: como anabolizantes podem levar a arritmias e morte súbita,"Entenda a doença cardíaca citada na morte do fisiculturista Gabriel Ganley
Quando se fala em anabolizantes, a imagem que costuma vir à cabeça é a do ganho acelerado de massa muscular. Braços maiores, pernas mais fortes, recuperação mais rápida dos treinos. Mas há um detalhe que costuma passar despercebido: o coração também é um músculo.
E, assim como os demais músculos do corpo, ele responde aos hormônios que estimulam o crescimento muscular.
Na segunda-feira (25), foi divulgado o laudo que apontou cardiomiopatia hipertrófica como causa da morte do fisiculturista Gabriel Ganley, de 22 anos. O documento não estabelece uma relação direta entre a doença e o uso de hormônios, mas especialistas ouvidos pelo g1 afirmam que os anabolizantes podem provocar alterações estruturais no músculo cardíaco e aumentar o risco de arritmias potencialmente fatais.
“O coração também é um músculo; com os esteroides, ele passa a trabalhar contra uma resistência maior e começa a sofrer hipertrofia. Só que esse crescimento acontece de forma desorganizada”, explica Elzo Mattar, diretor do departamento de hipertensão arterial da Sociedade Brasileira de Cardiologia.
O problema é que o coração não foi feito para crescer da mesma forma que um bíceps ou um peitoral.
Enquanto o aumento dos músculos esqueléticos costuma ser o objetivo de quem busca essas substâncias, o crescimento exagerado do músculo cardíaco pode comprometer a capacidade do órgão de manter o organismo vivo.
Atestado de óbito aponta que fisiculturista Gabriel Ganley teve morte súbita causada por uma doença no coração
Jornal Nacional/ Reprodução
Parede grossa, menos espaço para o sangue
A cardiomiopatia hipertrófica é caracterizada pelo espessamento das paredes do coração.
Em termos simples, o músculo cardíaco fica mais grosso e ocupa parte do espaço que deveria estar disponível para receber e bombear sangue.
Segundo o cirurgião cardiovascular Ricardo Katayose, da BP – A Beneficência Portuguesa de São Paulo, isso reduz o tamanho da cavidade interna do ventrículo, dificultando o enchimento adequado do coração.
Uma forma de visualizar o problema é imaginar uma sala cujas paredes começam a avançar para dentro. O espaço útil diminui, mesmo que a estrutura externa continue parecendo a mesma.
“A parede fica mais espessa e a cavidade acaba ficando menor”, resume o especialista.
O resultado é um coração mais rígido, com maior dificuldade para acomodar e impulsionar o sangue, especialmente em momentos de esforço físico.
A doença pode ter origem genética —e, nesse caso, está entre as principais causas de morte súbita em jovens atletas—, mas também pode ser adquirida ou agravada por condições como hipertensão arterial prolongada e exposição a esteroides anabolizantes.
Gabriel Ganley: quem era o fisiculturista e influenciador que morreu aos 22 anos em SP
Reprodução/Redes Sociais
O perigo não está apenas no tamanho do coração
O aumento da musculatura cardíaca é apenas parte do problema.
Segundo Mattar, quando o coração cresce rapidamente, a rede de vasos sanguíneos responsável por irrigar o músculo nem sempre consegue acompanhar essa expansão.
Algumas células passam a receber menos oxigênio, sofrem lesões e acabam morrendo. No lugar delas surgem áreas de fibrose —pequenas cicatrizes permanentes espalhadas pelo músculo cardíaco.
Essas cicatrizes alteram a forma como os impulsos elétricos circulam dentro do coração.
“A fibrose funciona como um substrato para gerar arritmia”, afirma o cardiologista.
Em um coração saudável, os sinais elétricos percorrem um caminho organizado que coordena cada batimento. Quando encontram áreas de tecido cicatricial, podem sofrer bloqueios ou desvios capazes de desencadear ritmos anormais.
É nesse ponto que o risco se torna mais perigoso.
Gabriel Ganley: quem era o fisiculturista e influenciador que morreu aos 22 anos em SP
Reprodução
Uma doença que pode permanecer silenciosa por anos
Embora importantes, alterações importantes no coração nem sempre provocam sintomas imediatos. A pessoa continua treinando, competindo, aumentando cargas e ganhando massa muscular sem perceber que mudanças estruturais estão acontecendo dentro do órgão.
Segundo Katayose, a cardiomiopatia hipertrófica frequentemente permanece assintomática durante anos. Em alguns casos, a primeira manifestação da doença pode ser a morte súbita.
Quando sintomas aparecem, os mais comuns incluem falta de ar, dor no peito, palpitações, tontura e episódios de desmaio.
Por isso, médicos costumam dar atenção especial a jovens atletas que apresentam síncopes —perdas temporárias de consciência— durante exercícios físicos.
Também é recomendada a investigação de familiares quando há histórico de mortes súbitas em parentes jovens, já que a forma genética da doença pode ser herdada.
Como uma arritmia pode interromper o coração
O mecanismo que leva à morte costuma envolver arritmias ventriculares graves, como a taquicardia ventricular e a fibrilação ventricular.
Nessas situações, o coração deixa de contrair de forma coordenada e perde a capacidade de bombear sangue adequadamente para o cérebro e os demais órgãos.
“O coração perde a função contrátil”, explica Katayose.
Sem circulação eficiente, a pessoa pode perder a consciência em segundos. Se o ritmo cardíaco não for revertido rapidamente, o quadro evolui para parada cardiorrespiratória.
Segundo Mattar, o esforço físico intenso costuma ser um dos gatilhos mais frequentes para esse tipo de evento em pessoas predispostas.
Não existe uma fórmula para prever quem será afetado
Uma das razões pelas quais especialistas demonstram preocupação com a popularização dos anabolizantes é a dificuldade de prever como cada organismo responderá à exposição prolongada.
Genética, pressão arterial, intensidade dos treinos, tempo de uso, doses empregadas e características individuais influenciam o risco.
Isso ajuda a explicar por que algumas pessoas desenvolvem complicações graves ainda jovens, enquanto outras passam anos utilizando substâncias semelhantes sem apresentar sintomas aparentes.
Mas os cardiologistas alertam que a ausência de sintomas não significa ausência de dano.
O processo pode avançar silenciosamente até que uma arritmia, um infarto ou uma insuficiência cardíaca revelem um problema que vinha se desenvolvendo havia muito tempo.
O risco não se limita à cardiomiopatia
Os efeitos cardiovasculares dos esteroides vão além do crescimento do músculo cardíaco.
Segundo Mattar, essas substâncias podem elevar a pressão arterial, alterar os níveis de colesterol, aumentar a tendência à coagulação do sangue e provocar danos à microcirculação do coração.
Em alguns casos, isso favorece a formação súbita de trombos dentro das artérias coronárias.
“Um usuário pode aparentemente ter uma vida normal e, de uma hora para outra, desenvolver uma trombose coronariana aguda, evoluir para um infarto e sofrer morte súbita”, afirma.
Para os especialistas, esse é um dos principais desafios atuais. O risco costuma ser percebido apenas quando surgem sintomas ou quando um caso de grande repercussão chama atenção para um problema que, muitas vezes, vinha se desenvolvendo longe dos olhos.",Fato,G1 Saúde / Oficial,https://g1.globo.com/saude/noticia/2026/05/26/o-coracao-tambem-e-um-musculo-como-anabolizantes-podem-levar-a-arritmias-e-morte-subita.ghtml
Dor de cabeça não é ‘tudo igual’: o que os sintomas revelam sobre cada tipo de cefaleia,"Maio bordô alerta sobre os impactos da enxaqueca na população

A dor começa atrás dos olhos. Ou como um aperto constante na cabeça inteira. Às vezes vem acompanhada de náusea, intolerância à luz, tontura ou flashes luminosos. Em outras, parece só efeito de um dia estressante.
Mas dor de cabeça não é tudo igual —e identificar os sinais que acompanham cada tipo de cefaleia pode evitar anos de crises recorrentes, automedicação e diagnósticos tardios.
Embora a maioria das dores seja benigna, neurologistas afirmam que sintomas como localização, intensidade, frequência e alterações neurológicas ajudam a diferenciar os principais quadros. E isso faz diferença porque enxaqueca, cefaleia tensional e dor provocada pelo excesso de analgésicos exigem abordagens diferentes.
Sensação de pressão costuma indicar cefaleia tensional
cefaleia tensional
Freepik
A cefaleia tensional é o tipo mais comum de dor de cabeça. Em geral, provoca sensação de pressão ou aperto nos dois lados da cabeça, como se houvesse um peso contínuo comprimindo a região.
A dor pode irradiar para o pescoço e os ombros e costuma aparecer em períodos de estresse, privação de sono, ansiedade ou fadiga visual. Diferentemente da enxaqueca, não costuma vir acompanhada de náusea, vômitos ou grande sensibilidade à luz.
A neurologista Renata Londero, coordenadora do Departamento Científico de Cefaleia da Academia Brasileira de Neurologia, explica que tanto a cefaleia tensional quanto a enxaqueca podem ser desencadeadas pelo estresse —o que muda é o padrão da dor e os sintomas associados.
O aumento do tempo diante de telas também passou a pesar nessa equação. Segundo os especialistas, horas seguidas no celular ou computador favorecem tensão muscular, piora do sono, ressecamento ocular e sobrecarga visual —combinação frequentemente ligada ao aumento das crises.
Enxaqueca afeta mais do que a dor
enxaqueca
AdobeStock
Na enxaqueca, a dor costuma ser pulsátil, mais intensa e frequentemente concentrada de um lado da cabeça, embora possa alternar entre os lados.
Mas o quadro vai muito além da dor.
Durante as crises, é comum que o paciente apresente náusea, vômitos, hipersensibilidade à luz, sons e cheiros, além de dificuldade para se concentrar ou realizar tarefas simples.
Neurologista do Hospital São Luiz Morumbi, da Rede D'Or, Márcio Sueto afirma que muitos pacientes relatam lentificação do pensamento durante as crises, com dificuldade para compreender textos ou manter conversas.
Em cerca de um terço dos casos, a enxaqueca vem acompanhada da chamada aura —alterações neurológicas transitórias que surgem antes ou no início da dor.
Os sintomas mais conhecidos são flashes luminosos, pontos brilhantes, embaçamento visual e formigamento. Em alguns casos, também podem ocorrer tontura e fala enrolada.
A neurologista Sara Casagrande, membro da Sociedade Brasileira de Cefaleias e da International Headache Society, afirma que um dos problemas mais comuns é que muitos pacientes passam anos tratando a enxaqueca apenas com analgésicos até que a dor “muda de padrão” e começa a se parecer com tensão muscular ou dor cervical.
Segundo ela, isso pode dificultar o diagnóstico e contribuir para a cronificação do quadro.
O remédio pode virar parte do problema
E aí surge outro problema frequente nos consultórios: a cefaleia provocada pelo uso excessivo de medicação.
Tomar analgésico para aliviar uma crise parece um gesto inofensivo. Mas o uso frequente dessas medicações pode alimentar um ciclo difícil de interromper.
Neurologistas chamam esse quadro de cefaleia por abuso de medicação —situação em que o cérebro passa a responder pior aos estímulos de dor depois da exposição repetida aos remédios.
Sueto explica que o problema costuma ser identificado quando o paciente apresenta dor de cabeça em 15 ou mais dias por mês e mantém uso regular de medicamentos para dor por mais de três meses.
Sara Casagrande afirma que muitos pacientes passam a desenvolver uma espécie de dependência do analgésico. “A dor melhora parcialmente e depois volta”, afirma.
Entre os medicamentos mais associados à cronificação estão remédios combinados com cafeína, opioides e alguns tratamentos específicos para enxaqueca.
Quando a dor exige avaliação urgente
Embora a maioria das dores de cabeça seja benigna, alguns sintomas exigem atendimento imediato.
Entre os principais sinais de alerta estão:
dor súbita e extremamente intensa;
perda de força;
alteração da fala;
perda visual;
convulsões;
febre associada à cefaleia;
confusão mental;
dor após trauma;
piora progressiva ao longo dos dias.
Nesses casos, a cefaleia pode estar associada a problemas graves, como meningite, hemorragias cerebrais e acidente vascular cerebral (AVC).
Especialistas também recomendam investigação quando a dor aparece em três ou mais dias por mês durante pelo menos três meses consecutivos.
Tratamento mudou nos últimos anos
Os tratamentos para enxaqueca avançaram de forma importante nos últimos anos com o desenvolvimento de medicamentos direcionados aos mecanismos da doença, como os anticorpos monoclonais anti-CGRP.
Também há expectativa pela chegada de novas drogas orais da classe dos gepants ao Brasil. E, nesta segunda-feira (25), a Agência Nacional de Vigilância Sanitária aprovou o registro do Nurtec ODT, da Pfizer, primeiro medicamento oral com rimegepanto autorizado no país para tratar e prevenir crises de enxaqueca.
O remédio dissolve na boca e pertence justamente à classe dos gepants, desenvolvida para bloquear a ação do CGRP, proteína ligada à inflamação e à transmissão da dor durante as crises.
Mas os neurologistas reforçam que remédio sozinho não resolve.
Sono regular, atividade física, alimentação adequada, hidratação e manejo do estresse continuam sendo parte central do controle das crises.
Renata Londero afirma que a enxaqueca ainda é subdiagnosticada e subtratada no mundo todo, apesar do impacto importante sobre qualidade de vida e produtividade.
E talvez esse seja um dos maiores problemas da dor de cabeça: por ser tão comum, ela muitas vezes deixa de ser levada a sério —até começar a ocupar espaço demais na rotina.",Fato,G1 Saúde / Oficial,https://g1.globo.com/saude/noticia/2026/05/26/dor-de-cabeca-nao-e-tudo-igual-o-que-os-sintomas-revelam-sobre-cada-tipo-de-cefaleia.ghtml
"Unidos pela língua, separados pela desigualdade","Entre os dias 13 e 15 de maio, o Rio de Janeiro sediou o 2º Summit Integração de Cuidados de Saúde nos Países de Língua Portuguesa – que, a propósito, são nove: em ordem alfabética, Angola, Brasil, Cabo Verde, Guiné-Bissau, Guiné Equatorial, Moçambique, Portugal, São Tomé e Príncipe e Timor-Leste. Unidos pela língua, separados pela desigualdade:
Há uma diferença de 18 anos na expectativa de vida entre Portugal (82,5 anos) e Moçambique (62 anos).
A mortalidade materna na Guiné-Bissau é 34 vezes superior à de Portugal.
As despesas em saúde per capita variam em até cem vezes dentro da Comunidade dos Países de Língua Portuguesa (CPLP).
Determinantes sociais e desigualdade: há uma diferença de 18 anos na expectativa de vida entre Portugal (82,5 anos) e Moçambique (62 anos)
Tim Donahue para Pixabay
Esses foram alguns dos dados apresentados por Ann Lindstrand, pediatra sueca que se expressa num português bastante razoável e é representante da Organização Mundial da Saúde (OMS) em Cabo Verde. O cenário é ainda pior quando se pensa em termos planetários. De acordo com a entidade, a disparidade na expectativa de vida entre as nações chega a 33 anos; nas mais pobres, o índice de mortalidade de crianças menores de 5 anos é 13 vezes maior. No Brasil, enquanto se estima que um homem negro em Alagoas viva 66,7 anos, uma mulher branca em Santa Catarina pode viver, em média, 80,9 anos. Os dados são do Instituto Mobilidade e Desenvolvimento Social) em parceria com o Cedeplar/UFMG.
E o que está por trás desse panorama? Os chamados determinantes sociais de saúde, que vão muito além das escolhas pessoais. Eles englobam as condições em que os indivíduos nascem, crescem, vivem, trabalham e envelhecem. Imagine um enorme guarda-chuva socioeconômico e cultural que abriga todos os aspectos que afetam nossa existência: educação, moradia, trabalho, saneamento, segurança alimentar, riscos ambientais e o próprio acesso aos serviços de saúde. O estilo de vida de cada um está intimamente relacionado com todas essas variáveis. Quando elas falham, os resultados são sombrios:
Populações com menor rendimento representam o maior volume de atendimentos hospitalares e apresentam a maior taxa de mortalidade.
Condições habitacionais deficientes aumentam doenças respiratórias e problemas de saúde mental.
Desemprego e precarização laboral sobrecarregam os cuidados de emergência.
“Os sistemas de saúde são um modelo de atrasos: para que o paciente chegue aos cuidados iniciais e os receba; e depois, numa etapa posterior e mais complexa, para ter acesso aos cuidados de referência”, afirmou Lindstrand. A médica recorreu a uma declaração da própria OMS que sintetiza o paradoxo da situação: “Por que deveria o setor de saúde apenas curar as pessoas para devolvê-las às condições que as adoeceram inicialmente?”.
É importante que países que têm laços culturais compartilhem informações e boas práticas e, principalmente, formulem políticas públicas para reduzir a desigualdade e promover a equidade. Afinal, os fatores de risco modificáveis são de conhecimento geral, mas exigem uma resposta estrutural: 
Alimentação inadequada: dietas pobres em vegetais e ricas em ultraprocessados estão associadas à mortalidade cardiovascular.
Sedentarismo: contribui para obesidade, diabetes tipo 2 e doenças cardíacas.
Tabagismo e álcool: são responsáveis por um número expressivo de mortes e casos de câncer. 
Poluição atmosférica: impacto direto no desencadeamento de doenças respiratórias e cardiovasculares.
Alterações climáticas: acarretam ondas de calor, eventos extremos e a redistribuição de vetores de doenças infecciosas.
Vidas: 24% das mortes globais estão ligadas a questões ambientais e o custo anual da poluição está na casa dos 820 bilhões de dólares.
Projeto “Conversações de Além-Mar” aproxima autores e leitores lusófonos",Fato,G1 Saúde / Oficial,https://g1.globo.com/bemestar/blog/longevidade-modo-de-usar/post/2026/05/26/unidos-pela-lingua-separados-pela-desigualdade.ghtml
Estudo valida tecnologia brasileira inovadora para monitorar pacientes neurocríticos em UTIs,"Estudo valida tecnologia brasileira inovadora para monitorar pacientes neurocríticos em UTIs
Adobe Stock
Um dos grandes desafios da medicina intensiva, praticada em UTIs, é determinar qual é o nível de pressão arterial adequado para pacientes com lesões cerebrais graves. Um estudo recente demonstrou, pela primeira vez, que é possível identificar esse valor de forma não invasiva – utilizando sensores externos – e com precisão equivalente ao método considerado referência (o chamado padrão-ouro). A descoberta abre caminho para um manejo individualizado e mais seguro de pacientes neurocríticos, sem a necessidade de procedimentos cirúrgicos.
A circulação sanguínea cerebral possui mecanismos próprios de ajuste, de acordo com suas necessidades. Na presença de certas doenças agudas ou crônicas, esses mecanismos ficam comprometidos, levando a uma dissociação entre a pressão arterial no corpo (sistêmica) e a cerebral. Com isso, o médico não consegue saber exatamente quais níveis de pressão arterial estão adequados a cada paciente para garantir fluxo sanguíneo suficiente para o cérebro. 
O estudo recém-concluído foi realizado com dados retrospectivos de pacientes no Brasil, Portugal e Estados Unidos. Meus colegas e eu analisamos informações obtidas em prontuários, exames ou bancos de dados para avaliar o desempenho do novo método não invasivo em comparação com a monitorização invasiva, considerada a principal referência. A concordância entre os métodos indicaria um caminho para monitorar o cérebro sem recorrer a uma cirurgia – e foi o que observamos.
O resultado demonstrou que é possível usar com sucesso um sensor externo para orientar o tratamento individualizado de pacientes com lesões cerebrais graves. Nossa pesquisa foi publicada em abril na revista Critical Care, do grupo Springer Nature, uma das referências mundiais em medicina intensiva. 
Agora no g1
Para chegar a essa conclusão, meus colegas e eu trabalhamos com uma base de dados que reuniu 114 pacientes com patologias neurológicas críticas. A maioria deles apresentava traumatismo cranioencefálico grave (68%), além de hemorragia subaracnoidea (sangramento grave que acontece no espaço entre o cérebro e suas membranas), hematomas intracranianos e AVC isquêmico. Foram 268 sessões de monitorização simultânea.
O desafio da pressão intracraniana
Ao longo de anos cuidando de pacientes com problemas neurológicos graves e agudos, meus colegas e eu convivemos com uma importante limitação: não havia como determinar, de maneira segura e precisa, o nível ideal de pressão arterial para o cérebro de cada paciente. Na prática, contávamos com a experiência clínica, com protocolos gerais e com uma boa dose de intuição.
Esse ajuste da pressão ainda representa um sério desafio, pois o valor ideal não é igual para todos. Uma pressão considerada “normal” pode ser excessiva para um paciente e insuficiente para outro. De modo geral, essa pressão é mantida de forma empírica, sem considerar as necessidades individuais de cada cérebro. A monitorização invasiva é uma alternativa para estimar a pressão arterial ideal para o paciente.
Além disso, o cérebro lesionado é muito vulnerável a dois extremos: pressão de perfusão (proporciona a irrigação sanguínea cerebral) baixa demais causa isquemia e o tecido morre por falta de sangue. Alta demais, aumenta o edema e a pressão intracraniana. O equilíbrio preciso é o que chamamos de manejo hemodinâmico cerebral personalizado.
A tecnologia não invasiva, validada pelo estudo que conduzimos, utiliza um sensor fixado externamente na cabeça do paciente para captar as pulsações do crânio. Em tempo real, os dados são transmitidos para um dispositivo conectado à internet, onde visualizamos gráficos em forma de onda que mostram as variações do volume e da pressão intracraniana.
Esses dados são processados por uma plataforma baseada em inteligência artificial e devolvidos em forma de relatórios. Essa tecnologia já está sendo utilizada por hospitais no Brasil e nos Estados Unidos. Entre as instituições brasileiras que fazem uso do sensor externo estão os hospitais Albert Einstein e Nove de Julho, ambos em São Paulo, e o Hospital Cristo Redentor, em Porto Alegre. Nos Estados Unidos, o método está em uso no Hospital da University of California, San Diego (UCSD), entre outros.
Até o momento, o único método validado para medir a pressão intracraniana exige um procedimento cirúrgico para a inserção de um cateter diretamente no cérebro do paciente. Além dos riscos inerentes à cirurgia, o monitoramento depende de um software proprietário desenvolvido pela Universidade de Cambridge, no Reino Unido, uma tecnologia de alto custo e disponível em poucos centros especializados no mundo.
Opção poderá ampliar acesso
A alternativa não invasiva mais conhecida é o Doppler transcraniano, exame que fornece informações sobre a circulação sanguínea no cérebro. Sua eficiência, porém, é prejudicada justamente nos pacientes que mais precisam de monitoramento intensivo. Pessoas internadas em UTI frequentemente apresentam condições como anemia, febre e alterações na concentração de gás carbônico no sangue, fatores que interferem nos resultados do exame e reduzem sua precisão. Na prática, isso significa que o Doppler transcraniano não consegue substituir plenamente o método invasivo considerado padrão-ouro.
Com este estudo, conseguimos demonstrar, por meio da comparação entre métodos, que é possível usar o monitoramento não invasivo para identificar a pressão de perfusão cerebral ótima, ou seja, o valor individualizado de pressão arterial intracraniana. Enfim, temos evidências de que um sensor externo, sem riscos cirúrgicos e de custo acessível, pode guiar decisões clínicas que antes dependiam de um procedimento que exigia um investimento proibitivo para a maioria das instituições de saúde.
Até hoje, esse cuidado personalizado era privilégio de poucos centros de excelência no mundo. O uso do sensor externo inaugura torna a alternativa não invasiva acessível a mais hospitais no Brasil e em outros países.
A hipótese que nos motivou foi testada, sustentada e abre caminho para mais pesquisas. A partir de agora, é preciso realizar ensaios clínicos prospectivos (para acompanhar os pacientes ao longo do tempo) e randomizados (com pacientes distribuídos aleatoriamente em grupos) para confirmar se o uso dessa tecnologia em tempo real, no leito, melhora os desfechos dos pacientes.
O estudo utilizou tecnologia desenvolvida pela empresa brain4care. O autor declara que não possui participação societária ou vínculo remunerado com a empresa e que a pesquisa não teve outro tipo de financiamento.",Fato,G1 Saúde / Oficial,https://g1.globo.com/saude/noticia/2026/05/26/estudo-valida-tecnologia-brasileira-inovadora-para-monitorar-pacientes-neurocriticos-em-utis.ghtml
NR-1: Como saber se você está em um ambiente de trabalho tóxico? Faça o QUIZ e descubra como denunciar,"NR-1: veja o que muda com a nova regra sobre saúde mental no trabalho
A atualização da Norma Regulamentadora nº 1 (NR-1), que entra em vigor nesta terça-feira (26), amplia a responsabilidade das empresas sobre a saúde mental dos trabalhadores.
Anunciada pelo Ministério do Trabalho e Emprego (MTE) em agosto de 2024, a medida estava inicialmente prevista para valer em maio de 2025 — ano em que, como revelou o g1, o Brasil bateu recorde no número de afastamentos por transtornos mentais.
🗒️ Tem alguma sugestão de reportagem? Mande para o g1
Após pressão de sindicatos patronais e empresas, o governo decidiu adiar a entrada em vigor da norma por um ano. Mais recentemente, diante de novos pedidos de prorrogação, um segundo adiamento chegou a ser discutido pelo Ministério do Trabalho.
O ministro Luiz Marinho, no entanto, afirmou que não pretende voltar atrás novamente. Segundo especialistas, a exposição contínua a situações de risco no ambiente profissional está entre as principais causas de adoecimento mental e afastamentos do trabalho.
Em parceria com a Associação Brasileira de Recursos Humanos (ABRH), o g1 preparou uma sequência de perguntas para ajudar você a identificar sinais de um ambiente de trabalho que pode estar prejudicando a saúde mental dos trabalhadores.
Como saber se você está em um ambiente de trabalho tóxico?
Como é identificado um local de trabalho tóxico? 🤔
Segundo a Auditora-Fiscal do Trabalho, Viviane Forte, existem diversas situações e indícios que levam um ambiente de trabalho a ser considerado tóxico. 
Entre os principais fatores estão: 
metas excessivas
jornadas extensas
ausência de suporte
assédio moral
conflitos interpessoais
falta de autonomia no trabalho
condições precárias de trabalho
Segundo Thatiana Cappellano, pesquisadora sobre os transtornos mentais no contexto do trabalho, um dos principais gatilhos que causam o adoecimento mental do trabalhador é a intensificação da jornada, pressão excessiva por meta, e a precarização dos empregos.
“Boa parte das pessoas hoje seguem tendo que fazer atividade de três pessoas, mas em uma só função. Se as pessoas continuarem trabalhando no ritmo que elas trabalham, elas vão continuar adoecendo mentalmente”, explica. 
Já a especialista Luana Carvalho, Diretora de Comunicação da Associação Brasileira de Recursos Humanos (ABRH), afirma que é essencial encontrar um equilíbrio entre a vida profissional e pessoal, além de priorizar os cuidados com a saúde mental.
⚠️ Como denunciar?
Existem diversos canais para denúncias trabalhistas nos casos de empregados que estão passando por situações de riscos psicossociais. São eles: 
Canal de Denúncias para Inspeção do Trabalho: canal online do Ministério do Trabalho para denúncias trabalhistas;
Fala.br: plataforma integrada de ouvidoria e acesso à informação da Controladoria-Geral da União;
Central Alô Trabalho: o número 158 funciona de segunda a sábado, das 7h às 22h (horário de Brasília). A ligação gratuita de qualquer telefone fixo, mas chamadas por celular serão cobradas;
Superintendências Regionais do Trabalho: são responsáveis por executar, supervisionar e monitorar ações relacionadas a políticas públicas de trabalho nos estados;
Canal do Ministério Público do Trabalho: O MPT tem um canal de denúncias e atua para combater o assédio moral nas relações de trabalho;
Disque 100: Serviço gratuito e disponível 24 horas por dia, o disque 100 recebe denúncias de violações de direitos humanos, inclusive assédio moral no trabalho.
O denunciante não precisa se identificar, basta acessar um dos sistemas e inserir o maior número possível de informações.
A ideia é que os órgãos possam, a partir dessas informações do denunciante, analisar se o caso de fato configura em assédio moral e realizar as verificações no local de trabalho.
Assédio moral no trabalho pode causar consequências na saúde mental e física da vítima
Freepik
Brasil tem mais de 546 mil afastamentos por saúde mental em 2025 e bate recorde",Fato,G1 Saúde / Oficial,https://g1.globo.com/trabalho-e-carreira/noticia/2026/05/26/nr-1-ambiente-de-trabalho-toxico-quiz.ghtml
Lugar onde se vive influencia velocidade do envelhecimento,"Lugar onde se vive influencia o envelhecimento.
Freepik
As pessoas envelhecem mais rápido na Ásia ou na Europa? A resposta, ao que parece, depende de fatores genéticos, mas também dos locais onde elas moram.
Um estudo internacional encontrou indícios de que a geografia e a genética interagem de maneiras complexas, podendo influenciar o envelhecimento. Ou seja, não basta saber de onde a pessoa vem para entender como o seu corpo envelhece, também importa onde o indivíduo vive atualmente. E, segundo os pesquisadores, mudar de continente está associado a diferenças no envelhecimento biológico das nossas células.
Essa é a conclusão de uma equipe de cientistas liderada pela Universidade de Stanford, que publicou na revista Cell uma das análises mais completas sobre como genética e ambiente afetam o corpo humano.
VEJA TAMBÉM:
Agora no g1
Retrato molecular da diversidade humana
O estudo analisou 322 pessoas saudáveis de ascendência europeia, do leste asiático e do sul da Ásia, muitas delas recrutadas em conferências científicas internacionais. A ideia foi comparar indivíduos com a mesma origem genética vivendo em continentes diferentes, permitindo diferenciar quais características biológicas estão mais ligadas à genética e quais ao ambiente.
Para isso, os pesquisadores utilizaram ferramentas de ""multiômica"", uma técnica capaz de analisar simultaneamente dados genéticos, proteínas, microbioma intestinal e processos metabólicos. O resultado foi uma espécie de retrato molecular da diversidade humana, algo inédito nesse nível de detalhe.
Segundo explicou Michael Snyder, citado em comunicado da Universidade de Manchester, esta foi a primeira vez que se elaborou ""um perfil detalhado de pessoas de todo o mundo"" capaz de distinguir o que está relacionado à ancestralidade genética e o que se deve à geografia de onde vivem.
A marca persistente da genética
O primeiro grande achado confirmou algo que muitos cientistas já suspeitavam: a ancestralidade genética deixa uma marca biológica profunda e surpreendentemente duradoura.
Por exemplo, pessoas de origem sul-asiática apresentaram maiores sinais de exposição a patógenos; as de ascendência do leste asiático mostraram padrões distintos no metabolismo das gorduras; e as de origem europeia tinham maior diversidade do microbioma intestinal, além de níveis mais elevados de metabólitos associados a doenças cardiovasculares.
O mais impressionante é que esses padrões permaneceram estáveis mesmo quando os participantes viviam em continentes diferentes dos de seus ancestrais.
""Ficamos impressionados com a consistência com que a origem étnica influenciava a imunidade, o metabolismo e o microbioma, mesmo quando as pessoas se mudavam para milhares de quilômetros de distância"", explicou o coautor do estudo, Richard Unwin, da Universidade de Manchester.
Migrar pode influenciar envelhecimento biológico
Mas o continente onde vivemos também deixa sua marca. Os pesquisadores descobriram que morar longe da região de origem dos próprios antepassados está associado a mudanças importantes nas redes metabólicas e lipídicas, assim como a alterações na composição do microbioma intestinal.
O ambiente – como alimentação, poluição, estresse ou acesso aos serviços de saúde – parece modificar parte do ""roteiro"" molecular, embora sem apagar completamente a versão original.
O resultado mais surpreendente apareceu ao analisar o envelhecimento biológico, ou seja, a idade biológica estimada das células, que nem sempre coincide com a idade cronológica. Participantes de ascendência do leste asiático que viviam fora da Ásia apresentaram envelhecimento celular mais acelerado do que aqueles que permaneciam na região. Entre os europeus ocorreu o contrário: aqueles que viviam fora da Europa pareciam biologicamente mais jovens do que seus equivalentes no continente.
Em outras palavras, migrar pode acelerar ou desacelerar o envelhecimento celular. Tudo depende de quem você é e do lugar para onde você se muda.
Conexão com o intestino
O estudo também descobriu uma conexão, até então não descrita, entre uma bactéria intestinal específica e um gene associado à telomerase – a enzima responsável por manter os telômeros, estruturas protetoras dos cromossomos – e ligada ao envelhecimento celular. Ambos estavam conectados por meio de uma molécula chamada esfingomielina, que pertence a uma família de gorduras conhecidas como esfingolipídios.
Segundo os pesquisadores, essa relação pode indicar mecanismos moleculares pelos quais certas bactérias intestinais poderiam influenciar o envelhecimento celular. Além disso, estudos anteriores já haviam associado níveis elevados de alguns esfingolipídios a um maior risco de doenças cardiovasculares, resistência à insulina, aterosclerose e doenças neurodegenerativas.
Rumo a uma medicina personalizada
O trabalho pode ter implicações importantes para a medicina personalizada. Os autores defendem que o atendimento de saúde deve se adaptar melhor às diferenças entre a ancestralidade genética e o ambiente. Isso coloca em dúvida a ideia de um ""paciente padrão"", já que a biologia humana pode variar muito entre diferentes populações.
Assim, o estudo não sugere que um grupo étnico envelheça ""melhor"" que outro, mas sim que o aconselhamento médico e nutricional provavelmente deve considerar tanto a ancestralidade genética quanto a geografia para ser realmente preciso.
Todos os dados do estudo foram disponibilizados de forma aberta, para que outros pesquisadores possam continuar investigando o tema. O objetivo, segundo os cientistas, é avançar em direção a uma medicina personalizada, adaptada à enorme diversidade humana, em vez de depender de modelos universais que podem ignorar diferenças biológicas importantes entre populações.",Fato,G1 Saúde / Oficial,https://g1.globo.com/saude/noticia/2026/05/26/lugar-onde-se-vive-influencia-velocidade-do-envelhecimento.ghtml
A epidemia de anabolizantes no Brasil e seus riscos à saúde - O Assunto #1.727,"A notícia da morte súbita de um jovem atleta dominou as redes sociais no sábado (23). O fisiculturista Gabriel Ganley, de 22 anos, foi acometido de uma cardiomiopatia hipertrófica, uma doença cardíaca que pode ser agravada pelo uso de anabolizantes – nas redes sociais, onde acumulava mais de 1,7 milhão de seguidores, Ganley relatava a administração de hormônios, como a insulina e a testosterona.
Um levantamento da Sociedade Brasileira de Endocrinologia e Metabologia aponta um em cada 16 estudantes matriculados no Ensino Fundamental ou Médio já usou anabolizantes. Um número que saltou nos últimos cinco anos: de acordo com a Anvisa, o uso de testosterona cresceu 670% no período. 
Neste episódio, Natuza Nery conversa com dois médicos. Primeiro, ela entrevista Filippo Aragão Savioli sobre os diversos tipos de anabolizantes, seus usos e seus riscos. Depois, Alexandre Arraes explica a relação entre os hormônios e o universo do esporte de alto rendimento. 
Convidados: Filippo Aragão Savioli, médico especialista em clínica médica, cardiologia e cardiologia do exercício – foi professor no setor de Medicina Esportiva da Unifesp; e Alexandre Arraes, médico pós-graduado em cardiologia do esporte que atende atletas de fisiculturismo.
O podcast O Assunto é produzido por: Luiz Felipe Silva, Sarah Resende, Carlos Catelan, Luiz Gabriel Franco, Juliene Moretti, Stéphanie Nascimento e Guilherme Gama. Apresentação: Natuza Nery. 
Se não há dose segura, para quem é indicada?
O que você precisa saber: 
Por que fisiculturistas usam insulina e o que torna a prática perigosa;
O que pode acontecer no corpo de quem leva o fisiculturismo além do limite da prática saudável?;
Fisiculturista Gabriel Ganley teve morte súbita por doença no coração, diz atestado de óbito;
Cardiomiopatia hipertrófica pode ser genética ou agravada por anabolizantes; entenda doença citada em morte de fisiculturista
O Assunto é o podcast diário produzido pelo g1, disponível em todas as plataformas de áudio e no YouTube. Desde a estreia, em agosto de 2019, o podcast O Assunto soma mais de 168 milhões de downloads em todas as plataformas de áudio. No YouTube, o podcast diário do g1 soma mais de 14,2 milhões de visualizações.
Médicos alertam para riscos de uso de insulina
Reprodução/TV Globo
Gabriel Ganley: quem era o fisiculturista e influenciador que morreu aos 22 anos em SP
Reprodução",Fato,G1 Saúde / Oficial,https://g1.globo.com/podcast/o-assunto/noticia/2026/05/26/a-epidemia-de-anabolizantes-no-brasil-e-seus-riscos-a-saude-o-assunto-1727.ghtml
Fisiculturismo: quais os riscos quando o corpo deixa de ser 'natural' e prática aposta no uso de hormônios e anabolizantes,"Quais os riscos do fisiculturismo quando o corpo deixa de ser 'natural' com o uso de hormônios.
O falecimento de mais um fisiculturista levanta, novamente, discussões sobre qual o limite saudável da prática desse esporte e como o uso de anabolizantes pode levar o corpo ao colapso.
Neste fim de semana, o atleta Gabriel Ganley, de 22 anos, foi encontrado morto. De acordo com o atestado de óbito, a cardiomiopatia hipertrófica foi a causa do falecimento.
➡️A doença, caracterizada pelo espessamento anormal do músculo do coração, pode ser genética ou adquirida ao longo da vida, inclusive pelo uso de anabolizantes.
Nas redes sociais, Ganley havia relatado que usava insulina, considerada um tipo de anabolizante. Semanas antes, ele passou mal em um episódio de hipoglicemia, após aplicar o hormônio em um dia de alimentação restrita.
O caso ganhou repercussão pela forte presença do atleta nas redes sociais e por se tratar de um fisiculturista muito novo, em ascensão, mas não é um fato isolado.
Nos últimos meses, o g1 noticiou diversas mortes de praticantes dessa modalidade. Em alguns casos, o uso de anabolizantes levou a complicações. Em outros, o falecimento aconteceu por conta de problemas cardíacos.
De acordo com os especialistas, a prática pode ser realizada de maneira saudável e não necessariamente leva a consequências prejudiciais para o corpo. 
Mas também é fato que o fisiculturismo é um dos exercícios que mais exige do organismo e coloca o corpo à prova.
Campeonato de fisiculturismo.
Reprodução/TV Globo
""Para chegar a um físico de competição, o atleta passa por fases de treino intenso, cuidados alimentares gigantesco e, muitas vezes, pouca recuperação"", analisa o endocrinologista e médico do esporte, Clayton Macedo.
O médico, que também é diretor da Sociedade Brasileira de Endocrinologia e Metabologia (SBEM), pontua que o treinamento excessivo altera a produção hormonal, principalmente do cortisol, hormônios sexuais e tireoidianos – quadro que pode ser muito agravado pelo uso de esteroides anabolizantes.
👉Em resumo, os especialistas explicam que:
O fisiculturismo pode ser realizado de forma saudável se for uma prática acompanhada por profissionais, evitar o uso de substâncias proibidas e focar no equilíbrio.
O uso de anabolizantes e práticas como desidratação e corte de sódio são os principais responsáveis por levar a morte de atletas dessa modalidade.
Os riscos para aqueles que não praticam de maneira responsável vão desde quedas de pressão até trombose e morte súbita.
Na reportagem abaixo, você entende melhor cada um desses pontos.
Febre do fisiculturismo: homens e mulheres encaram sacrifícios e riscos à saúde na busca por um corpo superforte e esculpido
Cuidados para a prática saudável
Tendo como objetivo a evolução e definição muscular de maneira simétrica, o fisiculturismo costuma exigir ações extremas para atingir o corpo desejado.
Nesse processo, os três pilares principais – e que devem ser feitos de maneira equilibrada para que a modalidade seja saudável – são:
🏋🏻‍♂️Treino
Precisa ser estruturado, com fases de ganho de massa e fases de definição muscular.
Átila Alexandre, professor da Escola de Educação Física e Esporte da USP de Ribeirão Preto, explica que o treino é o estressante que vai gerar o desenvolvimento muscular. 
Mas, para que isso aconteça, é necessário que o músculo se recupere desse pequeno processo inflamatório. 
""Não adianta treinar até a exaustão todos os dias. O músculo cresce enquanto descansa"", alerta Macedo.
🥗Dieta 
A alimentação é um ponto essencial para o fisiculturista, com uma dieta que deve ser calculada com precisão.
O atleta deve consumir muitas fontes de proteínas, como peixe, ovo, frango e laticínios, e vai ajustando a quantidade de carboidratos conforme o tipo de treino.
Na fase de definição, por exemplo, a dieta costuma ser mais restrita, com o corpo recebendo menos energia. Mas os especialistas lembram que esse processo precisa ser feito de forma gradual, sempre acompanhado por um nutricionista.
🛌🏻Descanso
Muitas vezes ignorado, o descanso é um ingrediente fundamental para a evolução dentro do fisiculturismo.
""Dormir bem, controlar o estresse e respeitar os dias de recuperação são fundamentais para que o corpo realmente se fortaleça"", recomenda Clayton.
Além de balancear corretamente esses pontos ao longo do processo de ganha de massa e definição muscular, alguns outros cuidados para garantir a integridade do organismo.
➡️Entre os principais, estão:
Realizar exames periódicos de sangue e coração
Ter orientação médica e nutricional para casa fase do treino
Evitar o uso de substâncias proibidas pelo Conselho Federal de Medicina e pela Anvisa para fins estéticos e de performance
Manter a hidratação adequada
 Átila ainda comenta que o respeito à genética de cada um também é muito importante para a modalidade.
""As pessoas têm genéticas diferentes e, por isso, serão capazes de atingir resultados diferentes. Existe um limite na genética, mas se a pessoa souber administrar em variáveis de treino, alimentação e sono, ela pode chegar em um resultado bem satisfatório"", afirma.
LEIA TAMBÉM:
Quando o ideal estético passa a colocar a saúde em risco? Os perigos dos anabolizantes
Anabolizantes clandestinos levam até remédio de sarna na fórmula
Anabolizantes e o risco de desidratação
Para além do estresse a que o corpo é submetido no fisiculturismo, com treinos muito intensos e dietas restritas, os especialistas pontuam que o uso de anabolizantes está entre os principais riscos para quem compete.
Átila alerta que a utilização de hormônios sintéticos contribui para o desequilíbrio do organismo.
""O corpo é muito inteligente e trabalha com o mecanismo de feedback. A partir do momento que ele entende que precisa ter uma quantidade de testosterona circulando, por exemplo, [...] e detecta a testosterna injetada, ele interpreta que pode parar de produzir"", explica.
Há alguns campeonatos onde o uso dessas substâncias é proibido e testado. Mas, de maneira geral, no alto rendimento o uso é muito comum e perigoso.
Clayton explica que essas drogas prometem acelerar o ganho de músculo e reduzir o percentual de gordura, mas o preço que se paga por isso é alto.
🚨Elas causam diversos problemas e em diferentes partes do organismo:
Para o coração, aumentam o risco de infarto, AVC, embolia, morte súbita, arritmia e hipertensão.
Para o fígado e rins, podem causar inflamações graves, insuficiência e até tumores.
Para os hormônios, o corpo para de produzir testosterona de forma natural, o que leva à infertilidade e impotência.
Para o humor, aumentam agressividade, irritação e depressão.
Em mulheres, podem causar voz grossa, calvície, aumento do clitóris, pelos, acne, alterações menstruais e infertilidade.
""Enfatizo: não existe dose segura de esteroides anabolizantes, para crescer músculo no nível do fisiculturismo as doses precisam ser literalmente cavalares e principalmente, não existe acompanhamento médico que garanta segurança para o uso dessas substâncias"", alerta o médico. 
Outra prática muito comum na modalidade e que também podem trazer riscos é o corte de água e sal antes das competições. A ideia é parecer mais ""seco"" no palco. 
⚠️Mas, uma vez que o corpo depende do equilíbrio de água e sais minerais para o bom funcionamento do coração e dos músculos, isso pode causar problemas como arritmia, desmaios, queda de pressão e, em casos mais graves, trombose, problemas renais e até morte súbita.
Disciplina e controle dos riscos
Ainda que possa ser feito de maneira saudável, os médicos ponderam que os riscos são reais para todo o organismo, tendem a ser imprevisíveis e podem ser fatais.
""O fisiculturismo exige doses impressionantes de disciplina e controle do corpo, mas precisa ser praticado com ciência e responsabilidade"", comenta Clayton.
Além de equilibrar treino, alimentação e descanso, evitar substâncias químicas e estratégias radicais com o objetivo de acelerar processos dentro da prática é fundamental para que, a longo prazo, a modalidade seja sustentável.",Fato,G1 Saúde / Oficial,https://g1.globo.com/saude/noticia/2026/05/26/fisiculturismo-quais-os-riscos-quando-o-corpo-deixa-de-ser-natural-e-pratica-aposta-no-uso-de-hormonios-e-anabolizantes.ghtml
Cardiomiopatia hipertrófica pode ser genética ou agravada por anabolizantes; entenda doença citada em morte de fisiculturista,"Entenda a doença cardíaca citada na morte do fisiculturista Gabriel Ganley
A cardiomiopatia hipertrófica —doença citada no atestado de óbito do fisiculturista e influenciador Gabriel Ganley, morto aos 22 anos em São Paulo— provoca o espessamento anormal do músculo do coração e pode levar a arritmias graves, insuficiência cardíaca e morte súbita. Apesar de muitas vezes silenciosa, costuma se manifestar justamente nos momentos de maior esforço físico, como treinos intensos e competições.
📱Favorite o g1 no Google e acompanhe as principais notícias do dia
Na doença, parte do músculo cardíaco cresce além do esperado. A parede mais espessa deixa o coração rígido, reduz o espaço interno onde o sangue se acumula antes de ser bombeado e pode desorganizar os impulsos elétricos que comandam os batimentos.
O cirurgião cardiovascular Ricardo Katayose, da BP – A Beneficência Portuguesa de São Paulo, explica que a parede do ventrículo tem uma espessura considerada normal até cerca de um centímetro. A partir de certo ponto, o músculo passa a ser classificado como hipertrófico — e, em casos extremos, pode ultrapassar os 30 milímetros.
“A parede vai ficando mais grossa e a cavidade de dentro acaba ficando menor. Isso dificulta o enchimento e o funcionamento normal do coração”, afirma.
Segundo o cardiologista Elzo Mattar, diretor do departamento de hipertensão arterial da Sociedade Brasileira de Cardiologia e professor da Faculdade Estadual de Medicina de São José do Rio Preto, a doença pode ter origem genética ou ser adquirida ao longo da vida —inclusive com participação do uso de esteroides anabolizantes.
Na forma genética, o espessamento costuma ser assimétrico: uma das paredes do coração se desenvolve de maneira desproporcional, sem causa aparente, enquanto as demais permanecem normais. 
De padrão autossômico dominante, ela tem 50% de chance de ser transmitida de pai para filho e é considerada uma das principais causas de morte súbita em pessoas com menos de 35 anos no Brasil e no mundo.
Gabriel Ganley: quem era o fisiculturista e influenciador que morreu aos 22 anos em SP
Reprodução/Redes Sociais
O esforço físico como gatilho
Em muitos casos, a cardiomiopatia hipertrófica permanece silenciosa por anos e só se manifesta diante de uma sobrecarga maior do coração.
Segundo Mattar, quando a pessoa se exercita e o coração acelera, esse aumento dos batimentos pode funcionar como gatilho para uma arritmia maligna —como a taquicardia ventricular ou a fibrilação ventricular, ritmos rápidos e descoordenados que impedem o bombeamento normal do sangue.
“O coração entra em colapso e deixa de conseguir manter o fluxo sanguíneo adequado para o cérebro e outros órgãos. Se não houver reversão rápida, o quadro pode evoluir para parada cardiorrespiratória e morte”, afirma.
Katayose acrescenta que, em parte dos casos, a doença passa despercebida até o desfecho mais grave.
“Algumas pessoas só vão descobrir por meio da morte súbita”, diz.
Por esse risco, segundo ele, pacientes diagnosticados com a condição costumam não ser liberados para o esporte de alto rendimento. Quando aparecem, os sintomas mais comuns incluem falta de ar, dor no peito, palpitações, tontura e desmaios.
Morre Gabriel Ganley, fisiculturista e influenciador, aos 22 anos
Como os anabolizantes afetam o coração
Além da forma genética, Mattar alerta que a cardiomiopatia também pode ser adquirida —e que o uso de esteroides anabolizantes está entre os fatores associados.
Segundo o cardiologista, essas substâncias elevam a pressão arterial e aumentam a carga de trabalho do coração, que passa a bater contra uma resistência maior.
“O coração passa a trabalhar contra uma resistência maior e começa a sofrer hipertrofia. Só que esse crescimento acontece de forma desorganizada”, explica.
Com o avanço rápido da parede cardíaca, a irrigação do próprio músculo não consegue acompanhar o crescimento do tecido.
“O sangue chega ao músculo cardíaco por pequenas ramificações das coronárias. Quando a parede cresce muito rápido, a circulação não acompanha. Algumas células começam a morrer, gerando áreas de necrose e fibrose”, diz.
Essas pequenas cicatrizes no músculo funcionam como um terreno fértil para o surgimento de arritmias graves.
O especialista lembra ainda que os esteroides podem danificar a microcirculação das coronárias e elevar o risco de formação súbita de coágulos.
“Um usuário pode aparentemente ter uma vida normal e, de uma hora para outra, desenvolver uma trombose coronariana aguda, evoluir para um infarto e sofrer morte súbita”, explica.
Morre Gabriel Ganley, fisiculturista e influenciador, aos 22 anos
Reprodução/TV Globo
Onde entra a insulina
Nas redes sociais, Gabriel Ganley também havia relatado o uso de insulina com fins estéticos e de ganho muscular.
Especialistas ouvidos pelo g1 explicam que a insulina age de forma diferente dos esteroides e não causa diretamente a cardiomiopatia hipertrófica. Ainda assim, pode ampliar os riscos quando usada sem indicação médica, sobretudo combinada a outras substâncias.
Segundo o diretor da Sociedade Brasileira de Endocrinologia e Metabologia (SBEM), Clayton Macedo, fisiculturistas recorrem ao hormônio porque ele favorece a entrada de nutrientes nas células e estimula a síntese de proteína muscular. O problema é que, em pessoas sem diabetes, o uso pode provocar hipoglicemia grave —a queda perigosa dos níveis de açúcar no sangue.
Episódios severos de hipoglicemia, afirma Macedo, podem causar confusão mental, convulsões, coma e até morte. 
A combinação de insulina, anabolizantes, estimulantes e diuréticos, acrescenta, aumenta o estresse cardiovascular e favorece arritmias, desidratação e alterações metabólicas que sobrecarregam o coração.
Diagnóstico e acompanhamento
O diagnóstico da cardiomiopatia hipertrófica costuma ser feito por exames como ecocardiograma, eletrocardiograma e ressonância magnética cardíaca.
Como a forma genética é hereditária, Katayose reforça que familiares próximos também devem ser avaliados após a confirmação do diagnóstico, em razão do padrão de transmissão da doença.
O tratamento varia conforme a gravidade do quadro. Pode incluir medicamentos, como os betabloqueadores, restrição de exercícios de alta intensidade e, em casos selecionados, o implante de um cardioversor-desfibrilador implantável (CDI) —dispositivo semelhante a um marca-passo, capaz de reverter arritmias fatais com um choque elétrico.
No caso de Gabriel Ganley, a causa da morte ainda é investigada oficialmente. O atestado de óbito menciona cardiomiopatia hipertrófica associada a edema pulmonar e insuficiência cardíaca congestiva.",Fato,G1 Saúde / Oficial,https://g1.globo.com/saude/noticia/2026/05/25/cardiomiopatia-hipertrofica-entenda-causa-da-morte-gabriel-ganley-atestado-de-obito.ghtml
Lula fará radioterapia para tratar câncer de pele; entenda o carcinoma basocelular,"Lula durante entrevista ao programa Sem Censura, da TV Brasil
Reprodução/TV Brasil
O presidente Luiz Inácio Lula da Silva (PT) iniciou nesta segunda-feira (25) um tratamento complementar de radioterapia superficial no couro cabeludo após retirar, em abril, um carcinoma basocelular —o tipo mais comum de câncer de pele. Segundo o Hospital Sírio-Libanês, as sessões têm caráter preventivo e não devem provocar efeitos colaterais importantes.
De acordo com o Instituto Nacional de Câncer (Inca), o carcinoma basocelular representa cerca de 80% dos casos de câncer de pele não melanoma diagnosticados no país. Apesar de raramente provocar metástase, especialistas ouvidos pelo g1 alertam que o tumor pode crescer lentamente por anos, destruir tecidos ao redor e causar deformidades quando não tratado. 
No caso de Lula, a equipe médica informou anteriormente que a lesão era localizada, sem disseminação para outras partes do corpo. Em abril, após a retirada do tumor, a dermatologista Cristina Abdala explicou que o carcinoma basocelular “não espalha para nenhum lugar” e costuma ter bom prognóstico quando tratado precocemente.
Carcinoma Basocelular é o câncer de pele mais comum do país
O que é o carcinoma basocelular
O carcinoma basocelular é um câncer que surge nas células basais da pele, localizadas na camada mais profunda da epiderme. Ele aparece principalmente em regiões mais expostas ao sol, como rosto, orelhas, pescoço e couro cabeludo —exatamente onde Lula desenvolveu a lesão. 
“O carcinoma basocelular cresce de forma lenta e local, destruindo os tecidos ao redor, mas quase nunca dá metástases. O grande risco é deixar a lesão evoluir sem tratamento”, explica a oncologista da Beneficência Portuguesa de São Paulo e membro do Instituto Vencer o Câncer, Veridiana Camargo.
A doença costuma crescer devagar e muitas vezes é confundida com pequenas feridas ou machucados comuns.
Entre os sinais mais frequentes estão:
feridas que não cicatrizam;
pequenas lesões que coçam e sangram com facilidade;
crostas persistentes;
“carocinhos” brilhantes ou avermelhados;
manchas que descamam repetidamente. 
Segundo a dermatologista responsável pelo Ambulatório de Oncologia Cutânea do Hospital do Servidor Público Estadual (HSPE), Bethânia Cavalli, muitas vezes a doença não causa dor, o que faz o paciente demorar para procurar ajuda.
Exposição solar é o principal fator de risco
O principal fator associado ao carcinoma basocelular é a exposição crônica ao sol sem proteção ao longo da vida. Pessoas de pele clara, olhos claros, histórico de queimaduras solares e trabalhadores que passam muitos anos ao ar livre têm maior risco. 
A idade também pesa. O tumor costuma aparecer a partir dos 40 anos, embora possa surgir antes em pessoas muito expostas à radiação ultravioleta.
O couro cabeludo é uma região particularmente vulnerável em pessoas com rarefação capilar ou calvície, já que fica mais exposta ao sol diariamente.
Por que Lula fará radioterapia
A cirurgia é considerada o tratamento padrão para a maioria dos carcinomas basocelulares e apresenta taxas de cura superiores a 90%. 
Mas, em alguns casos, os médicos indicam tratamentos complementares para reduzir o risco de retorno da doença, principalmente quando a lesão está em áreas delicadas ou quando há preocupação com células microscópicas residuais.
Foi esse o caminho adotado pela equipe médica de Lula.
Segundo o Sírio-Libanês, o presidente fará 15 sessões de radioterapia superficial no couro cabeludo. Esse tipo de radioterapia utiliza radiação em baixa profundidade, concentrada na pele, sem atingir estruturas internas do organismo.
O radio-oncologista e presidente da Sociedade Brasileira de Radioterapia (SBRT), Wilson José de Almeida Jr, explicou ao g1 que que a radioterapia para carcinoma basocelular pode ser indicada em situações como: 
A retirada do tumor não pode ser feita amplamente (muito perto do osso ou de órgãos mais sensíveis)
A pessoa já foi operada muitas vezes e a doença retorna no mesmo local 
Os tumores são grandes, mais agressivos, ou têm invasão de tecidos ou estruturas próximas.
Os ⁠tumores são retirados em cirurgia com margem muito pequena (menor do que 1 a 2 mm)
Tumores cutâneos surgem em uma localização mais crítica do corpo, como a pele ao redor dos olhos, orelhas, lábios e nariz.
Em casos em que operar pode causar algum déficit motor ou um grande defeito anatômico (nesses casos, pode-se usar a radioterapia como tratamento exclusivo).
Almeida Jr acrescenta que, no couro cabeludo, dependendo do tamanho e localização do tumor, é frequente usar a radioterapia superficial após a cirurgia, principalmente se a lesão estiver muito próxima às estruturas ósseas. 
O médico explicou ainda que, nestes casos, a cirurgia sozinha pode ter uma menor chance de controle da doença, mas quando ela é associada à radioterapia a taxa de cura pode chegar a 95%.
“Quando a gente indica a radioterapia depois de uma cirurgia, é porque está agregando um controle maior ao tratamento local. Temos que tirar a lesão com margens, tanto na lateral quando nas profundidades, e isso nem sempre é possível”, explicou.
Ele destacou também que radioterapia atualmente tem um grau de precisão muito alto, o que impede que doses elevadas de radiação atinjam órgãos ou tecidos adjacentes no caso dos tratamentos de câncer de pele.
Segundo o médico, as sessões que Lula fará serão breves – o procedimento em si deve demorar cerca de 10 min – e ele não deve ter sua rotina diária de atividades afetada. 
“É um tratamento muito tranquilo e dentro da normalidade para este tipo de cirurgia. Não são esperados efeitos colaterais maiores, nem efeitos colaterais debilitantes que possam ser motivo de afastamento do paciente de suas atividades profissionais ou da vida social”, acrescentou. 
Quando o tumor pode se tornar grave
Embora o risco de metástase seja extremamente baixo, o carcinoma basocelular pode se tornar agressivo localmente quando negligenciado. 
Em casos avançados, o tumor pode atingir cartilagens, ossos e estruturas profundas da face, especialmente no nariz, olhos e orelhas.
Por isso, dermatologistas recomendam atenção a qualquer lesão que permaneça aberta por mais de quatro semanas.
Quem já teve precisa manter acompanhamento
Pacientes que já tiveram carcinoma basocelular têm maior risco de desenvolver novas lesões no futuro. O acompanhamento dermatológico periódico é considerado essencial. 
A prevenção continua sendo baseada principalmente em proteção solar diária:
uso de protetor solar;
chapéus e bonés;
roupas com proteção UV;
evitar exposição intensa entre 10h e 16h. 
Nos últimos anos, tratamentos mais modernos, como terapias-alvo e imunoterapia, também passaram a ser usados em casos avançados da doença. 
Queratose: Lula faz procedimento dermatológico simples e aparece com marca na cabeça; entenda a condição",Fato,G1 Saúde / Oficial,https://g1.globo.com/saude/noticia/2026/05/25/carcinoma-basocelular-entenda-o-cancer-de-pele-retirado-por-lula.ghtml
Ebola: moradores invadem hospital na República Democrática do Congo para exigir corpo de líder religioso morto,"Coroinha carrega cruz usando máscara para limitar a propagação do surto de Ebola no leste da República Democrática do Congo, durante uma missa na Catedral de Bunia, em Bunia, em 24 de maio de 2026
SEROS MUYISA / AFP
Habitantes da província de Ituri, na República Democrática do Congo, onde fica o epicentro do surto de ebola, invadiram um hospital exigindo o corpo de um líder religioso morto em decorrência do vírus, informaram as autoridades nesta segunda-feira (25).
Em Mongbwalu, uma grande cidade da província de Ituri, no nordeste do país, foi detectado pela primeira vez o atual surto da febre hemorrágica viral, em 15 de maio. Desde então, o vírus matou mais de 200 pessoas no país.
No domingo à noite, ""um grupo de jovens atacou o hospital em quatro ocasiões"", declarou à AFP um funcionário do hospital.
""Queriam recuperar o corpo de um pastor católico que havia morrido de ebola"", explicou o funcionário, que pediu para não ser identificado. A vítima era ""muito conhecida, um líder religioso de Mongbwalu"", uma cidade de 130.000 habitantes.
Os soldados intervieram para dispersar a multidão com disparos de advertência, indicou a fonte.
Agora no g1
OMS alerta que é 'provável' que surto de Ebola fique mais grave e registra 220 mortes suspeitas
Doença viral mortal 
O ebola é uma doença viral mortal transmitida por contato direto com fluidos corporais. Pode provocar hemorragias graves e falência de múltiplos órgãos.
Não há vacina nem tratamento para a cepa Bundibugyo, responsável pelo surto atual, o 17º que afeta este vasto país da África central, de mais de 100 milhões de habitantes.
As tentativas de frear sua propagação dependem principalmente de medidas de precaução e do rápido rastreamento de contatos.
Nas zonas rurais da RDC, ""os familiares se lançam sobre os corpos, tocam os cadáveres e as roupas dos mortos enquanto organizam rituais funerários que reúnem muitas pessoas"", explicou na semana passada à AFP Jean Marie Ezadri, líder da sociedade civil em Ituri.
O centro médico de Mongbwalu não é o primeiro dessa província a ser atacado.
Na quinta-feira, várias pessoas incendiaram tendas utilizadas para isolar pacientes com ebola no hospital de Rwampara, depois que a família de uma pessoa morta foi proibida de levar o corpo para enterrá-lo, devido ao risco de contágio.
Fiéis se reúnem antes de uma missa na Catedral de Bunia, seguindo as instruções das autoridades locais para limitar a propagação do surto de Ebola em Bunia, em 24 de maio de 2026
SEROS MUYISA / AFP",Fato,G1 Saúde / Oficial,https://g1.globo.com/saude/noticia/2026/05/25/habitantes-da-rd-congo-invadem-hospital-para-levar-corpo-de-morto-por-ebola.ghtml
OMS alerta que é 'provável' que surto de Ebola fique mais grave e registra 220 mortes suspeitas,"Entenda o Ebola em 7 pontos
O diretor-geral da Organização Mundial da Saúde (OMS), Tedros Adhanom Ghebreyesus, afirmou nesta segunda-feira que houve 220 mortes suspeitas no atual surto de Ebola. Além disso, afirmou que as equipes de resposta agora estão “correndo atrás do prejuízo” e que é ""provável que a situação piore antes de melhorar"".
Tedros listou ainda 3 pontos para justificar a análise:
""A detecção tardia do surto, o que significa que agora estamos correndo atrás de uma epidemia que avança rapidamente"".
""A intensificação dos conflitos em Ituri e North Kivu, além de uma desconfiança significativa em relação às autoridades externas por parte de algumas comunidades locais"".
""A ausência de vacinas ou tratamentos aprovados para a cepa do vírus Bundibugyo"".
“Estamos ampliando urgentemente as operações, mas, neste momento, a epidemia está nos ultrapassando”, disse Tedros, acrescentando que os países vizinhos da República Democrática do Congo — epicentro do surto — devem agir imediatamente.
Mais cedo, nesta segunda-feira, Uganda registrou mais dois casos de Ebola, elevando para sete o número total de casos confirmados no país.
A Organização Mundial da Saúde declarou o surto da rara cepa Bundibugyo do Ebola uma emergência de saúde pública de interesse internacional. Tedros afirmou que viajará ao Congo na terça-feira.
Familiares de uma vítima do Ebola lamentam enquanto o caixão é levado para o sepultamento, no Hospital Sofepadi em Bunia, Congo.
Moses Sawasawa / AP
Ataques a hospital
Jovens invadiram o Hospital Geral de Mongbwalu, no leste da República Democrática do Congo, na noite de domingo (24), obrigando equipes médicas a evacuar pacientes às pressas enquanto tiros eram disparados na região. Segundo o diretor médico da unidade, Richard Lokudu, os invasores exigiam a liberação dos corpos de dois parentes. O episódio foi o terceiro ataque em menos de uma semana contra instalações de saúde ligadas ao combate ao Ebola.
Os ataques acontecem em meio às dificuldades enfrentadas por profissionais de saúde para conter o surto da doença. No sábado (23), moradores de Mongbwalu incendiaram uma tenda da organização Médicos Sem Fronteiras destinada ao tratamento de casos suspeitos e confirmados de Ebola. Durante a ação, 18 pessoas com suspeita de infecção deixaram o local e seguem desaparecidas. Na quinta-feira (21), outro centro de tratamento, na cidade de Rwampara, também foi incendiado após familiares serem impedidos de recuperar o corpo de um homem suspeito de ter morrido de Ebola.
Autoridades congolesas afirmam que os corpos das vítimas podem continuar altamente contagiosos após a morte, aumentando o risco de transmissão durante funerais e rituais de sepultamento. Por isso, o governo determinou que o enterro de vítimas suspeitas seja realizado, sempre que possível, pelas autoridades sanitárias. Na sexta-feira (22), também foram proibidos velórios e aglomerações com mais de 50 pessoas no nordeste do Congo, em uma tentativa de conter o avanço da doença.",Fato,G1 Saúde / Oficial,https://g1.globo.com/saude/noticia/2026/05/25/oms-alerta-surto-de-ebola-gravidade-220-mortes-suspeitas.ghtml
Anvisa aprova medicamento para pacientes com Parkinson avançado que não respondem mais a comprimidos,"O tratamento combina foscarbidopa e foslevodopa, substâncias derivadas da levodopa —principal medicamento usado contra os sintomas motores da doença
Divulgação
A Agência Nacional de Vigilância Sanitária aprovou um novo medicamento para pacientes com doença de Parkinson avançada no Brasil. A autorização foi publicada nesta segunda-feira (25) no Diário Oficial da União.
O tratamento combina foscarbidopa e foslevodopa, substâncias derivadas da levodopa —principal medicamento usado contra os sintomas motores da doença— e será comercializado pela AbbVie com o nome Vyalev.
Segundo a farmacêutica, trata-se da primeira e única terapia aprovada pela Anvisa baseada em infusão subcutânea contínua de levodopa por 24 horas. A proposta é manter níveis mais estáveis da medicação no organismo, reduzindo oscilações motoras comuns nas fases mais avançadas da doença.
""O problema básico da doença de Parkinson é a diminuição de um neurotransmissor chamado dopamina em uma região do cérebro conhecida como substância negra. (...) Entre os medicamentos atualmente disponíveis, os mais eficazes são aqueles que aumentam a quantidade de dopamina no cérebro"", explica Helder Picarelli, neurocirurgião do Instituto do Câncer do Estado de São Paulo (Icesp), pós-doutor em neurologia pela USP.
Alternância de períodos ON e OFF
Com a progressão do Parkinson, pacientes costumam alternar períodos em que os sintomas ficam controlados —chamados de momentos “on”— com fases em que os efeitos do remédio diminuem e os tremores, rigidez e dificuldades motoras retornam de forma intensa, os chamados períodos “off”.
A nova terapia é indicada para pacientes que já não respondem adequadamente aos comprimidos tradicionais de levodopa.
""O Vyalev utiliza uma pequena bomba de infusão portátil, semelhante às bombas de insulina, que libera o medicamento continuamente no tecido subcutâneo, isto é, abaixo da pele. Isso permite manter níveis mais estáveis de levodopa e dopamina, reduzindo as oscilações do tratamento e diminuindo os períodos off"", explica Picarelli.
Agora no g1
Alternativa para pacientes que não podem fazer cirurgia
Segundo a AbbVie, o medicamento também surge como alternativa para pacientes que não podem ou não desejam passar pela estimulação cerebral profunda, cirurgia usada em casos avançados da doença.
A farmacêutica afirma que até 60% dos pacientes têm contraindicações para o procedimento por causa de condições como demência, alterações graves de marcha ou instabilidade postural. Outros 45% recusariam a cirurgia por considerá-la invasiva.
“Na fase avançada da doença, a infusão contínua se apresenta como uma alternativa essencial para pacientes que já não respondem às terapias orais ou não são candidatos à cirurgia de estimulação cerebral profunda”, afirma Rubens Cury, do Hospital das Clínicas da Faculdade de Medicina da Universidade de São Paulo (USP).
Estudo mostrou redução das flutuações motoras
A aprovação da Anvisa foi baseada em um estudo de fase 3 com cerca de 130 pacientes com Parkinson avançado, acompanhados durante 12 semanas.
Segundo os dados apresentados pela empresa, os pacientes que receberam a infusão contínua tiveram aumento do tempo em que permaneceram sem sintomas motores incapacitantes e redução dos períodos “off” em comparação com a levodopa oral tradicional.
Os pesquisadores observaram melhora já na primeira semana de tratamento. Em média, os pacientes tratados com a nova terapia ganharam 2,72 horas adicionais de tempo “on” sem discinesia problemática, contra 0,97 hora no grupo controle.
Entre os efeitos adversos mais relatados estiveram reações no local da infusão, movimentos involuntários e alucinações. Segundo a empresa, a maioria dos casos foi considerada leve ou moderada.
A doença de Parkinson é a segunda condição neurodegenerativa mais comum no mundo e afeta cerca de 220 mil pessoas no Brasil, segundo o Ministério da Saúde.

Freepik",Fato,G1 Saúde / Oficial,https://g1.globo.com/saude/noticia/2026/05/25/anvisa-aprova-nova-terapia-para-parkinson-avancado-apos-15-anos-sem-inovacao-no-brasil.ghtml
Por que fisiculturistas usam insulina e o que torna a prática perigosa,"Médicos alertam para riscos de uso de insulina
Reprodução/TV Globo
A insulina é o hormônio que tira diabéticos do limiar da morte e os faz recuperar peso e massa muscular. Há quase um século, foi assim que ela entrou para a história da medicina. 
Hoje, o mesmo hormônio aparece em outro cenário, bem distante dos consultórios: o de fisiculturistas saudáveis que o injetam para crescer —sem diabetes, sem prescrição e sem que qualquer exame antidoping consiga flagrá-lo.
A discussão ganhou força depois que a perícia encontrou medicamentos, possivelmente anabolizantes, no apartamento onde o fisiculturista Gabriel Ganley, de 22 anos, foi achado morto. A causa da morte ainda não foi confirmada e depende de exames do Instituto Médico Legal (IML), sem previsão de divulgação.
Nas redes sociais, o próprio Ganley já havia relatado que usava insulina e que, semanas antes, passou mal em um episódio de hipoglicemia, depois de aplicar o hormônio em um dia de alimentação restrita. Os relatos, porém, não estabelecem a causa da morte, que segue sob investigação. 
Gabriel Ganley: fisiculturista morto em SP já relatou ter passado mal depois de usar insulina; entenda os riscos
Morre Gabriel Ganley, fisiculturista e influenciador, aos 22 anos
Sem comentar o caso específico, o diretor da Sociedade Brasileira de Endocrinologia e Metabologia (SBEM), Clayton Macedo, afirma que a prática é mais comum do que se imagina: em academias, é comum que usuários de esteroides apliquem insulina no mesmo protocolo. 
A insulina também é um anabolizante
A lógica por trás do uso parte de uma característica real do hormônio. 
""A insulina é um anabolizante"", resume Macedo. 
Dentro das células, ela bloqueia as vias catabólicas —as rotas de degradação de proteínas— e estimula as vias anabólicas, incluindo a síntese de proteína muscular. É por isso que, quando a diabetes tipo 1 (causada pela falta de insulina) está descompensada, o paciente perde peso; e, ao repor o hormônio, recupera massa.
O endocrinologista faz uma ressalva que considera essencial: como qualquer hormônio, a insulina só tem indicação quando há deficiência.
""Para quem tem deficiência e repõe doses corretas com critério, o remédio é seguro e até protetor. O problema aparece quando alguém sem deficiência alguma passa a usá-la.""
Um estudo publicado em 2024 na revista científica Sports Medicine - Open, conduzido por pesquisadores da Itália e da Eslovênia com 92 fisiculturistas e 45 controles, ajuda a dimensionar a prática. 
Cerca de 43% dos atletas avaliados admitiram, em questionário anônimo, usar hormônios com regularidade. Entre eles, quase todos recorriam a esteroides anabolizantes, e parcelas expressivas combinavam essas substâncias com hormônio do crescimento (30%) e/ou insulina (38%).
Gabriel Ganley: quem era o fisiculturista e influenciador que morreu aos 22 anos em SP
Reprodução
Como a insulina age no corpo do fisiculturista
Há um segundo efeito que torna a insulina atraente em determinadas fases do treino e perigosa em outras. Além de favorecer o músculo, ela é lipogênica: deposita gordura. 
""Quando falta, o indivíduo queima gordura e emagrece; quando há insulina em excesso, ele acumula"", explica Macedo. O resultado é mais volume corporal.
Por isso, o uso costuma ser associado à chamada fase de ""bulking"", em que o atleta busca massa. O estudo europeu descreve a técnica empregada nesses círculos: a aplicação subcutânea de insulina de ação rápida acompanhada do consumo de açúcar antes ou depois do treino, para evitar quedas bruscas de glicose. 
É um equilíbrio instável —e, segundo Macedo, sustentado por orientações sem base científica. 
""Eu nunca vi médico, nem o pior possível, preconizando insulina.""
O risco agudo: a hipoglicemia
O grande perigo imediato da insulina é o efeito que a torna útil na diabetes: ela baixa a glicose no sangue. Em quem não tem a doença, isso pode desencadear uma hipoglicemia —a queda da glicose a níveis perigosos.
Andrea Fioretti, coordenadora do Departamento de Endocrinologia do Esporte e Exercício da SBEM, explica o que torna a insulina injetada especialmente traiçoeira. A que o próprio pâncreas produz oscila conforme o açúcar disponível no sangue; a aplicada de fora age independentemente disso. Se a pessoa não ingere carboidrato suficiente —ou queima muito durante o treino—, falta esse ajuste automático, e o corpo escorrega para a hipoglicemia. O exercício intenso ainda acelera a ação do hormônio, sobretudo quando ele é injetado em um músculo muito exigido no esforço.
Macedo descreve a sequência. Em condições normais, a glicemia fica acima de 70 mg/dL, sem sintomas. Quando começa a cair para a faixa de 50 mg/dL, o corpo aciona uma defesa: libera hormônios que tentam elevar a glicose, entre eles a adrenalina. É ela que produz os primeiros sinais de alerta: coração acelerado, tremores e sudorese.
Se a glicose continua caindo e o organismo não recebe um carboidrato de absorção rápida, falta açúcar no cérebro. Esse estágio tem nome: neuroglicopenia.
A partir daí, segundo o médico, o quadro pode evoluir da agitação para a confusão mental, o torpor, as convulsões e o coma. Em casos graves, alerta, a pessoa pode ""dormir e não acordar mais"". Macedo lembra ainda que o risco se concentra justamente em momentos de restrição alimentar —quando o atleta treina muito e come pouco.
Cardiologista e especialista em medicina do esporte, com títulos pela Sociedade Brasileira de Cardiologia (SBC) e pela Sociedade Brasileira de Medicina do Exercício e do Esporte (SBMEE), Bruno Sthefan acrescenta que o tipo de insulina altera o modo como o perigo aparece. As de ação rápida provocam quedas abruptas; as de longa duração podem causar hipoglicemias prolongadas e silenciosas, que retardam a percepção do problema. 
O alvo final, em qualquer caso, é o cérebro, que depende quase só de glicose para funcionar —privado dela, responde com desorientação, perda de coordenação, convulsões e, no limite, lesão neurológica irreversível.
Morre Gabriel Ganley, fisiculturista e influenciador, aos 22 anos
Reprodução/TV Globo
Um doping que os testes não pegam
Há um detalhe que diferencia a insulina das demais substâncias e a torna especialmente difícil de fiscalizar: ela é invisível aos exames antidoping. Enquanto há testes capazes de detectar esteroides anabolizantes e hormônio do crescimento, a insulina recombinante usada por humanos é praticamente idêntica à produzida pelo próprio corpo —e circula no sangue por apenas 5 a 10 minutos. Por isso, segundo o estudo, escapa dos métodos laboratoriais tradicionais.
Foi para tentar contornar esse ponto cego que os pesquisadores europeus buscaram marcadores indiretos. Eles observaram que fisiculturistas usuários de insulina e de hormônio do crescimento apresentavam queda do colesterol HDL —o chamado ""bom colesterol""— e alterações em enzimas do fígado (as transaminases ALT e AST). 
Em quem usava insulina, a razão entre essas duas enzimas se mostrou elevada de forma característica, o que poderia, no futuro, ajudar a flagrar o uso em monitoramentos de longo prazo.
O coração no centro do perigo
O uso isolado de insulina raramente é o quadro completo. Nesses círculos, ela costuma entrar em um coquetel com esteroides, estimulantes e diuréticos —e é o conjunto que mais preocupa cardiologistas e endocrinologistas.
Para Sthefan, o perigo cresce quando várias substâncias entram ao mesmo tempo: a combinação submete o corpo a desidratação, perda de eletrólitos e estresse metabólico que recaem de uma vez sobre coração, cérebro, fígado e rins —terreno em que arritmias e colapso se tornam mais prováveis.
Os esteroides anabolizantes, explica Macedo, reduzem o HDL, elevam o LDL (o ""mau colesterol"") e a pressão arterial, e deixam o sangue mais espesso e propenso à coagulação, aumentando o risco de trombose e embolia. 
O coração, por ser músculo, também responde ao estímulo e pode sofrer hipertrofia. Some-se a isso o tipo de treino predominante —força e pouco exercício aeróbico, que não desenvolve a parte circulatória— e o cenário se agrava. 
""Mesmo que não use anabolizante, quem faz só treino resistido já tem aumento de risco cardiovascular"", afirma. 
Um coração hipertrofiado e sobrecarregado torna-se terreno fértil para arritmias, que podem ser fatais quando combinadas a estimulantes adrenérgicos.
O endocrinologista relata atender com frequência crescente pacientes que desenvolveram arritmias após o uso de esteroides —alguns deles após colocar implantes hormonais. E observa que mortes súbitas em competições e treinos têm se tornado recorrentes.
Uma prática proibida e ‘subterrânea’
Embora circule como rotina em parte do meio, o uso desses hormônios para ganho muscular é ilegal. O uso de esteroides anabolizantes para fins estéticos ou de performance é proibido pelo Conselho Federal de Medicina (CFM) e pela Agência Nacional de Vigilância Sanitária (Anvisa), por não configurar tratamento de saúde. Para a insulina, não há qualquer indicação em pessoas sem diabetes.
As doses praticadas, segundo Macedo, são ""literalmente cavalares"", e parte do material vem de produtos veterinários —mais fáceis de obter e mais potentes—, como a trembolona. 
Para ele, o problema ultrapassa o indivíduo. Atletas jovens, com boa aparência e grande alcance nas redes, projetam um padrão de corpo que, segundo o médico, é ""inatingível fisiologicamente"" sem o uso de substâncias —e que se popularizou mais rápido do que o conhecimento sobre seus riscos.",Fato,G1 Saúde / Oficial,https://g1.globo.com/saude/noticia/2026/05/25/por-por-fisiculturistas-usam-insulina-e-o-que-torna-a-pratica-perigosa.ghtml
Anvisa anuncia recolhimento de lote de anti-hipertensivo após erro que pode reduzir dose do remédio,"Aldomet
Reprodução
A Agência Nacional de Vigilância Sanitária (Anvisa) anunciou o recall voluntário de um lote do medicamento Aldomet, da Aspen Pharma, usado no tratamento da hipertensão arterial, após a fabricante identificar um erro de embalagem que pode levar pacientes a ingerirem metade da dose prescrita. 
A medida foi publicada no Diário Oficial da União desta segunda-feira (25).
Segundo a Anvisa, o problema envolve o lote P0019875 do medicamento. Cartuchos que deveriam conter comprimidos de 500 mg foram preenchidos, por engano, com blísters da versão de 250 mg.
Além do recall, a agência determinou a suspensão da comercialização, distribuição e uso do lote afetado.
No texto publicado no Diário Oficial, a Anvisa classifica o caso como um “desvio de qualidade crítico” ocorrido durante o processo de embalagem.
“Blisters da apresentação de 250 mg foram inseridos inadvertidamente em cartuchos correspondentes à apresentação de 500 mg”, diz o documento.
O risco é que pacientes que utilizam o medicamento para controle da pressão arterial acabem recebendo uma dose menor do que a prescrita, o que pode comprometer o tratamento e favorecer episódios de descontrole hipertensivo.
O Aldomet tem como princípio ativo a metildopa, substância usada principalmente no tratamento da hipertensão, inclusive em alguns casos durante a gravidez.
O que pacientes devem fazer
A orientação é que pacientes verifiquem a embalagem do medicamento e confirmem o número do lote, identificado como P0019875.
Caso o produto pertença ao lote afetado, a recomendação é interromper o uso e procurar orientação médica ou farmacêutica para substituição adequada do medicamento.
A Anvisa não informou quantas unidades foram distribuídas nem se houve relatos de eventos adversos relacionados ao problema até o momento.
Em nota, a Aspen Pharma ressalta que a decisão está restrita ao lote citado acima. Veja:
""A Aspen Pharma informa que, pautada pelos princípios de transparência, responsabilidade e conformidade regulatória, comunicou à Agência Nacional de Vigilância Sanitária (ANVISA) o recolhimento do lote PO019875 (validade dezembro de 2026) do medicamento ALDOMET, após a identificação de um desvio em processo de fabricação relacionado especificamente a este lote.
 Assim que identificou o possível desvio, a companhia adotou imediatamente todas as medidas cabíveis, antecipando-se de forma preventiva às etapas regulatórias, com a pronta notificação da cadeia de distribuição e o início do processo de recolhimento do produto, reforçando seu compromisso com a segurança dos pacientes e a qualidade dos medicamentos disponibilizados no mercado.
 A Aspen Pharma esclarece que o recolhimento está restrito exclusivamente ao lote mencionado (PO019875 - validade dezembro de 2026), permanecendo todos os demais lotes de ALDOMET aptos para comercialização, dispensação em farmácias e uso pelos pacientes.
 Toda a equipe da companhia está mobilizada e dedicada ao acompanhamento da ação de recolhimento e ao suporte aos pacientes e profissionais de saúde. Os pacientes que possuam unidades do lote informado devem procurar os canais oficiais de atendimento da empresa para orientações sobre o processo de substituição dos medicamentos, que será realizado integralmente.
 Em caso de qualquer dúvida ou orientação clínica, buscar imediatamente seu médico ou profissional de saúde responsável. Mais informações podem ser obtidas por meio dos canais oficiais da Aspen Pharma: www.aspenpharma.com.br / @aspenpharmabrasil / sac@br.aspenpharma.com",Fato,G1 Saúde / Oficial,https://g1.globo.com/saude/noticia/2026/05/25/anvisa-anuncia-recolhimento-de-lote-de-anti-hipertensivo-apos-erro-que-pode-reduzir-dose-do-remedio.ghtml
Anvisa aprova novo medicamento para enxaqueca que pode tratar e prevenir crises,"Nurtec, novo medicamento aprovado para enxaqueca
Reprodução
A Agência Nacional de Vigilância Sanitária (Anvisa) aprovou o registro do medicamento Nurtec ODT, novo remédio indicado para o tratamento e a prevenção de crises de enxaqueca. A autorização foi publicada na edição desta segunda-feira (25) do Diário Oficial da União.
O medicamento é da Pfizer e tem como princípio ativo o hemisulfato de rimegepanto sesqui-hidratado — molécula da classe dos antagonistas do CGRP, proteína ligada à transmissão da dor e à inflamação que acontece durante as crises de enxaqueca. O remédio age bloqueando a ação dessa substância no cérebro, ajudando a interromper ou reduzir a crise.
Segundo a neurologista Sara Casagrande, membro da da Sociedade Brasileira de Cefaleias e da International Headache Society, o principal diferencial do medicamento é unir tratamento agudo e prevenção em uma mesma medicação oral.
Ela explica que, diferente dos bloqueadores de CGRP já disponíveis no Brasil —em sua maioria injetáveis—, o Nurtec é um comprimido orodispersível, que dissolve na boca. Além disso, pode ser usado tanto no momento da crise quanto de forma preventiva, conforme orientação médica.
Agora no g1
A especialista afirma, ainda, que o medicamento não provoca vasoconstrição —estreitamento dos vasos sanguíneos que pode limitar o uso de alguns remédios tradicionais para enxaqueca em pacientes com risco cardiovascular— e tende a ser mais específico para a doença do que analgésicos comuns.
“Ele é específico para enxaqueca. É um analgésico desenvolvido para agir diretamente nesse mecanismo inflamatório”, explica.
As apresentações aprovadas pela Anvisa foram em cartelas com 2, 8 e 16 comprimidos de 75 mg. O registro vale até maio de 2036.
O que mostram os estudos
Um estudo de fase 3 publicado na revista científica The Lancet avaliou a eficácia do comprimido orodispersível de rimegepanto em adultos com histórico de enxaqueca.
Na pesquisa, os pacientes receberam dose única de 75 mg do medicamento ou placebo durante crises de intensidade moderada ou grave. Após duas horas, 21% dos participantes tratados com rimegepanto ficaram sem dor, contra 11% no grupo placebo.
O estudo também mostrou melhora no sintoma considerado mais incômodo pelos pacientes —como náusea, sensibilidade à luz ou ao som —em 35% dos casos tratados com o remédio, ante 27% no grupo placebo.
Os eventos adversos mais comuns relatados foram náusea e infecção urinária, ambos em baixa frequência. Segundo os pesquisadores, não houve registro de eventos graves relacionados ao medicamento.
Nova classe de remédios
O rimegepanto faz parte dos chamados “gepants”, medicamentos mais recentes desenvolvidos especificamente para enxaqueca. Segundo Sara Casagrande, outros fármacos da mesma classe também aguardam aprovação no Brasil.
A neurologista afirma que pacientes brasileiros já importavam o medicamento por conta própria antes da aprovação nacional e que a expectativa entre especialistas era alta havia anos.
Ainda não há informações sobre preço ou data de início da comercialização no Brasil.",Fato,G1 Saúde / Oficial,https://g1.globo.com/saude/noticia/2026/05/25/anvisa-aprova-novo-remedio-para-enxaqueca-que-dissolve-na-boca.ghtml
Por que tantas pessoas relatam ter visões pouco antes de morrer,"Divulgação
Dormir bem é cuidar do corpo, da mente e do metabolismo. - Divulgação
Florence está sentada à mesa da cozinha. O marido está ali, a filha também. Eles riem juntos, jantam — como antigamente. Com uma diferença: os dois — marido e filha — estão mortos há anos.
LEIA TAMBÉM: Sensação de sair do próprio corpo: viagem astral é relatada por 1 em cada 5 brasileiros em pesquisa sobre experiências incomuns
LEIA TAMBÉM: As visões da experiência de quase morte que mexem na forma como alguém encara a vida
""Parecia tão real"", relembraria Florence mais tarde. ""Como se nunca tivéssemos sido separados."" Aquilo não era um sonho comum, e sim um encontro, insistiu. E assegurou que nunca teve sonhos tão vívidos assim antes. Não sentiu medo, e sim uma profunda tranquilidade — a certeza de que voltará a ver os dois. Ela morreu cinco dias depois.
Muitas pessoas relatam experiências assim no fim da vida. Na maioria das vezes, elas vêm em sonhos; outras vezes, como visões em estado de vigília. Para quem as vivencia, costumam parecer mais reais do que sonhos comuns; para quem está de fora, podem soar estranhas.
A ciência se refere a essas experiências como ""End‑of‑Life Dreams and Visions” (ELDVs), ou sonhos e visões do fim da vida. Durante muito tempo, a medicina as tratou sobretudo como manifestação de confusão súbita/delírio ou efeito de medicamentos. Hoje, porém, está claro que essa explicação é insuficiente.
VEJA TAMBÉM
7 formas cientificamente comprovadas de dormir melhor
Estudo mostra: nove em cada dez relatam sonhos no fim da vida
O neurobiólogo e médico americano de cuidados paliativos Christopher Kerr estuda sonhos e visões no fim da vida desde o final da década de 1990. Os exemplos descritos neste artigo foram extraídos de relatos documentados por ele em sua pesquisa sobre cuidados paliativos.
Ao longo de cerca de dez anos, ele e sua equipe acompanharam até a morte mais de 1.400 pacientes em unidades de cuidados paliativos — mas os entrevistavam apenas quando estavam lúcidos e sem sinais de delírio.
O resultado: cerca de 90% relataram pelo menos uma vez sonhos ou visões desse tipo — independentemente de idade, origem ou condição social. Kerr descreve essas pessoas como ""extraordinariamente lúcidas e atentas"". Elas não pareciam confusas, e sim focadas, despertas, introspectivas.
Elisa Rabitti, psicóloga e autora principal de um estudo italiano recente sobre ELDVs, reforça esse ponto: ""Os sonhos do fim da vida costumam ocorrer em pessoas capazes de relatar suas experiências de forma coerente — com plena atenção e orientação"".
Viagens, reencontros e pertencimento são temas frequentes nos sonhos
Os sonhos são vívidos, carregados de significado — e aumentam em frequência e intensidade à medida que a morte se aproxima. Com frequência, incluem encontros com parentes ou animais de estimação falecidos, que retornam para oferecer conforto.
Muitos sonhos giram em torno de viagens, de preparativos, de um ""estar a caminho"". Relações são reativadas e conflitos, resolvidos. Culpa e arrependimento vêm à tona. ""Quanto mais perto as pessoas chegam da morte, mais esses sonhos envolvem os falecidos"", afirma Kerr. Tempo e distância espacial perdem a importância.
Religião quase não tem papel nas visões
O fato de alguém ser religioso ou não parece ter pouca relevância. Nas pesquisas de Kerr, pessoas religiosas e não religiosas relatam vivências semelhantes. No centro delas estão temas universais como amor, vínculo e perdão — não dogmas.
Os ELDVs não devem ser confundidos com experiências de quase‑morte. Estas costumam surgir de forma abrupta em situações extremas agudas. Já os sonhos do fim da vida se desenvolvem ao longo de dias ou semanas. São menos espetaculares — menos marcados por luzes ou túneis — e mais voltados às relações.
Por isso, Kerr não os descreve como revelações, mas como momentos de ordenação interior: a sensação de, no fim da vida, estar novamente ""organizado"" ou ""recomposto"".
Consolo (ou confronto) necessário
A maioria dessas experiências é reconfortante. Nos estudos de Kerr, elas foram descritas predominantemente como calmantes e cheias de sentido. Algumas, porém, também podem ser angustiantes ou perturbadoras.
Justamente esses sonhos, diz Kerr, podem ser especialmente transformadores, porque trazem à tona questões não resolvidas, como sentimentos de culpa ou arrependimento.
Um exemplo é Sierra. Ela tem pouco mais de vinte anos, um filho pequeno e uma doença incurável. Por muito tempo, não consegue aceitar o diagnóstico. As conversas com a equipe médica não a alcançam. Em uma visão, Sierra vê o avô falecido. Ele lhe diz que tem muito orgulho dela, e que está tudo bem. Depois disso, algo muda. Sierra encontra a paz. Uma semana depois, ela morre.
Para Kerr, esses sonhos não são produtos aleatórios do cérebro. ""Essas experiências oferecem uma possibilidade terapêutica natural"", afirma. Elas alcançam as pessoas onde a linguagem médica muitas vezes esbarra em seus limites.
Rabitti também ressalta: os sonhos são um encontro menos ameaçador com a morte, diferente de conversas diretas sobre o tema, que podem sobrecarregar.
Por que os sonhos ficam mais intensos no fim da vida
Os ELDVs surgem com frequência nos últimos dias ou semanas de vida por razões biológicas. Kerr descreve o processo de morrer como uma fase de sono crescente. ""Ninguém morre acordado"", observa.
Com ritmos de sono‑vigília alterados, o olhar se volta mais para dentro. As exigências externas perdem importância. ""As pessoas tendem a pensar nas coisas mais importantes, e isso geralmente são nossos relacionamentos"", diz Kerr.
Do ponto de vista biológico, é possível explicar por que esses sonhos surgem, afirma ele. Mas processos cerebrais, sozinhos, não explicam por que esses sonhos são reconfortantes, tornam conflitos visíveis ou ajudam a organizar a própria vida.
Quanto ao momento em que ocorrem, Rabitti alerta contra interpretações simplificadas. Sonhos do fim da vida não são prenúncios confiáveis da morte. Sonhos vívidos também podem ser expressão de uma revisão normal da vida — sem relação direta com o processo de morrer.
""Os sonhos não preveem a morte — é mais o contrário: a morte iminente pode estar associada a certos sonhos"", diz ela. ""Correlação não é prova de causalidade.""
O que esses sonhos significam para os familiares
O impacto dos ELDVs não termina com a morte. Estudos mostram que familiares que tomam conhecimento desses sonhos ou os vivenciam junto com o doente muitas vezes lidam melhor com a perda e elaboram o luto de forma mais serena.
É o caso de Jennifer. Seu companheiro gravemente doente, Patrick, sonha com a avó falecida, que lhe revela o ingrediente que faltava em um molho que ele nunca conseguira reproduzir: uma colher de chá de açúcar. Apesar de já estar muito debilitado, ele cozinha a receita mais uma vez junto com Jennifer. Pouco depois, morre.
Para Kerr, é justamente aí que se percebe por que esses sonhos importam. ""Quando essas experiências são explicadas corretamente, elas têm valor"", diz ele. A morte deixa de ser vista apenas como algo biológico, marcado por decadência e sofrimento, e passa a ser percebida também como algo que pode conter amor e sentido. Transmitir essa perspectiva é fundamental.
Jennifer viveu isso na prática. ""Patrick tinha encontrado a paz"", diz ela. ""E, sinceramente: se o último sonho da sua vida é sobre molho de espaguete, dificilmente existe algo mais reconfortante."" Para ela, esse sonho foi um alívio. Ela soube: Patrick estava pronto para partir.
""Esterilizamos o morrer""
Para Kerr, os ELDVs revelam uma dimensão da morte que a medicina moderna negligenciou por muito tempo. ""Morrer não é o fracasso de órgãos isolados, mas o encerramento de uma vida"", afirma.
Nas gerações passadas, o ato de morrer foi cada vez mais afastado do cotidiano: das casas, das famílias, da comunidade. ""Esterilizamos o morrer"", diz Kerr.
O resultado é um abismo entre o que as pessoas desejam para o fim da vida — como proximidade e familiaridade — e o que muitas vezes vivenciam: uma medicina que trata o morrer sobretudo como um processo técnico e organizacional.
O fato de sonhos e visões no fim da vida voltarem a receber mais atenção hoje é, para Kerr, uma reação a esse vazio. Talvez esses sonhos falem menos sobre como morremos e mais sobre o que nos sustenta até o fim: relações, proximidade — e a necessidade de que alguém esteja presente.",Fato,G1 Saúde / Oficial,https://g1.globo.com/saude/noticia/2026/05/25/por-que-tantas-pessoas-relatam-ter-visoes-pouco-antes-de-morrer.ghtml
NR-1: Regra que amplia fiscalização sobre saúde mental no trabalho entra em vigor nesta terça; veja o que muda,"NR-1: veja o que muda com a nova regra sobre saúde mental no trabalho
A atualização da Norma Regulamentadora nº 1 (NR‑1) entra em vigor nesta terça-feira (26), e amplia a responsabilidade das empresas sobre os riscos à saúde mental dos trabalhadores. Anunciada pelo Ministério do Trabalho e Emprego (MTE) em agosto de 2024, a medida reforça a possibilidade de fiscalização e aplicação de multas. 
A nova regra estava prevista para valer em maio de 2025. Após pressão de empresas e sindicatos patronais, o governo decidiu adiar a entrada em vigor por um ano. Agora, diante de novos pedidos de prorrogação, o ministro do Trabalho, Luiz Marinho, afirmou que não pretende realizar mais um adiamento.
🗒️ Tem alguma sugestão de reportagem? Mande para o g1
“Já houve uma prorrogação no ano passado e, neste momento, não há disposição para novo adiamento”, disse. Segundo o ministro, uma nova mudança só ocorreria com acordo entre empresas e representantes dos trabalhadores — o que não existe hoje.
O Ministério do Trabalho já divulgou um Manual de Gerenciamento de Riscos Ocupacionais, um Guia de Informações sobre os Fatores de Riscos Psicossociais Relacionados ao Trabalho e um documento de perguntas e respostas para orientar empresas e trabalhadores sobre a atualização da norma. 
Especialistas consideram a medida urgente. Segundo a Organização Internacional do Trabalho (OIT), mais de 840 mil pessoas morrem todos os anos no mundo por problemas de saúde ligados a riscos psicossociais no trabalho, como jornadas longas, assédio e insegurança no emprego.
No ano passado, o g1 revelou com exclusividade, com base em dados do Ministério da Previdência Social, que o Brasil já vivia uma crise de saúde mental, com o maior número de afastamentos por transtornos mentais em 10 anos, registrado em 2024.
Em 2025, o cenário não só se repetiu como se agravou: mais de meio milhão de licenças foram concedidas por esse motivo, estabelecendo um novo recorde.
O g1 ouviu especialistas e explica, abaixo, as principais dúvidas sobre como a atualização da NR-1 vai funcionar na prática.
o que muda na prática com a atualização da NR-1;
como vai funcionar a fiscalização;
se empresas poderão ser multadas;
o que as empresas terão que fazer;
e o que muda para os trabalhadores.
Capa afastamentos por saúde mental
Luisa Rivas e Otávio Camargo | Arte g1
O que muda na prática com a atualização da NR‑1?
A principal mudança com a atualização da NR‑1 é que os chamados riscos psicossociais — ligados à forma como o trabalho é organizado — passam a integrar o gerenciamento de riscos ocupacionais das empresas, ao lado de riscos físicos, químicos, biológicos e de acidentes.
Na prática, situações como metas abusivas, jornadas exaustivas, assédio moral ou sexual, pressão excessiva, conflitos interpessoais, falta de autonomia e falhas de gestão entram oficialmente no radar da fiscalização.
Esses fatores já eram analisados de forma indireta, sobretudo a partir das normas de ergonomia, mas agora se tornam exigência explícita dentro do Programa de Gerenciamento de Riscos (PGR).
“A grande inovação foi deixar explícito que o risco psicossocial faz parte do gerenciamento de riscos. Isso já estava incluído, mas não estava claro para as empresas e para a sociedade”, explica Alexandre Furtado Scarpelli Ferreira, auditor‑fiscal do trabalho e diretor do Departamento de Segurança e Saúde do Trabalho da Secretaria de Inspeção do Trabalho (SIT).
Segundo ele, a fiscalização passa a olhar menos para equipamentos e mais para a forma como o trabalho é organizado. “Quando a gente fala em risco psicossocial, estamos falando de processo de trabalho: carga, metas, jornada, cadeia de comando, sistemas que não funcionam, falta de autonomia.”
Ou seja: a principal mudança é tornar explícito algo que já estava previsto nas normas trabalhistas. Com isso, o Ministério do Trabalho passa a exigir que as empresas olhem não apenas para máquinas, equipamentos ou riscos físicos, mas também para a dinâmica de trabalho dentro das organizações.
Como vai funcionar a fiscalização? 
Os auditores-fiscais do trabalho têm o direito e o dever de entrar em empresas sem necessidade de autorização judicial para realizar inspeções. Com a atualização da NR-1, a fiscalização passará a olhar para a forma como o trabalho é organizado e executado dentro das empresas.
Na prática, os auditores vão verificar se as empresas identificaram os riscos psicossociais, se eles estão registrados corretamente e se existem medidas concretas para reduzir problemas como pressão excessiva, jornadas abusivas, assédio e sobrecarga de trabalho.
Segundo a auditora-fiscal Odete Reis, a fiscalização será baseada principalmente na análise do trabalho real. 
“A gente verifica se o fator de risco está presente e se ele está sendo gerenciado. Isso é feito por observação do ambiente, entrevistas com trabalhadores e análise de documentos”, afirmou.
Durante as inspeções, os auditores poderão analisar jornadas, cobrança por metas, relação entre chefias e funcionários, canais de denúncia, processos internos e documentos como o Programa de Gerenciamento de Riscos (PGR), inventários de risco e planos de ação.
Odete ressalta que não é necessário haver um trabalhador já afastado para que a empresa seja cobrada. “Pode ser que ainda não exista afastamento, mas o risco esteja presente. O objetivo da fiscalização é chegar antes do adoecimento, para fazer a prevenção”, afirmou.
A atuação da Auditoria Fiscal do Trabalho poderá ocorrer a partir de denúncias anônimas feitas por trabalhadores, dados da Previdência Social sobre afastamentos por saúde mental e ações de inteligência fiscal, que identificam setores com maior incidência de adoecimento.
Segundo Alexandre Scarpelli, a fiscalização não dependerá apenas de denúncias. “A inspeção do trabalho não atua só por denúncia. A gente cruza denúncias com dados da Previdência e com o conhecimento dos setores onde o risco psicossocial é mais elevado.”
Isso significa que empresas poderão ser fiscalizadas mesmo sem denúncia formal, principalmente se apresentarem muitos afastamentos por transtornos mentais ou atuarem em setores historicamente mais expostos ao adoecimento.
Assédio moral no trabalho pode causar consequências na saúde mental e física da vítima
Freepik
Empresas poderão ser multadas?
Sim. A multa não será automática com a entrada em vigor da norma, mas poderá ocorrer caso a fiscalização identifique falhas no gerenciamento dos riscos psicossociais. 
O Ministério do Trabalho afirma que, “durante os 90 dias subsequentes à entrada em vigor, a atuação da Inspeção do Trabalho tende a priorizar ações de orientação, instrução e notificação das organizações quanto à necessidade de adequação, especialmente em relação às novas exigências introduzidas, sem prejuízo da adoção de medidas administrativas nos casos aplicáveis”.
Segundo Odete Reis, o auditor pode multar caso a empresa:
não identifique os riscos;
identifique os problemas, mas não adote medidas;
implemente ações insuficientes;
ou deixe de monitorar os riscos ao longo do tempo.
“Se for constatado que a empresa não está fazendo o gerenciamento dos riscos, a gente lavra o auto de infração. A partir daí, o processo segue para o setor de multas e recursos do Ministério do Trabalho”, explicou.
As multas seguem as regras gerais das Normas Regulamentadoras e podem variar conforme o porte da empresa, o número de empregados e a gravidade da infração. Hoje, os valores vão de R$ 416 a R$ 4.160 para infrações relacionadas à saúde do trabalhador e de R$ 693 a R$ 6.935 para segurança do trabalho.
Segundo Scarpelli, não existe uma “multa única” da NR-1. “A multa vai depender do ponto em que o processo falhou: se foi na identificação do risco, na adoção de medidas ou no monitoramento”, afirmou.
Após a autuação, a empresa ainda pode apresentar defesa em processo administrativo. Apesar da possibilidade de multa, especialistas afirmam que o foco inicial é orientar e induzir mudanças na cultura organizacional.
“Não existe expectativa de que todos os problemas sejam resolvidos de imediato. O que se espera é que as empresas comecem a enfrentar o problema, identifiquem os riscos e estabeleçam um plano de ação”, disse Scarpelli.
A juíza do trabalho Mirella Cahú afirma que a atualização da norma também tem caráter preventivo. “A NR-1 funciona como um alerta: esse tema precisa ser tratado com a mesma seriedade que riscos físicos e biológicos.”
O que as empresas terão que fazer?
Com a entrada em vigor da atualização da NR-1, as empresas passam a ter a obrigação explícita de incluir riscos psicossociais no gerenciamento de riscos ocupacionais.
Na prática, isso significa deixar de olhar apenas para acidentes físicos ou exposição a agentes químicos e passar a analisar de forma sistemática como a organização do trabalho pode gerar sofrimento ou adoecimento mental.
Segundo a juíza do trabalho Mirella Cahú, a norma muda o foco da análise. “O risco psicossocial não é do trabalhador, é da atividade e da organização do trabalho.”
Ou seja, a responsabilidade deixa de recair apenas sobre características individuais e passa a incluir decisões de gestão, metas, jornadas, relações hierárquicas e condições em que o trabalho é executado.
As empresas terão que identificar situações potencialmente adoecedoras e esses riscos precisarão ser registrados formalmente no Programa de Gerenciamento de Riscos (PGR), com descrição clara de como afetam a rotina de trabalho e quais áreas ou funções estão mais expostas.
“Não basta perceber o risco. Ele precisa estar documentado, com inventário e plano de ação”, afirma a auditora-fiscal Odete Reis.
Além do registro, as empresas terão que demonstrar que adotaram medidas concretas para enfrentar as causas do problema — e não apenas ações pontuais ou simbólicas.
Isso pode incluir revisão de metas e prazos, reorganização de jornadas, redistribuição de tarefas, mudanças na forma de cobrança, treinamento de lideranças, criação de políticas contra assédio e fortalecimento de canais de denúncia.
“Gerenciar risco é mudar a organização do trabalho”, resume Odete. Segundo os especialistas, as soluções devem levar em conta o porte da empresa, o tipo de atividade e os riscos específicos de cada ambiente de trabalho.
Ou seja: não existem soluções padronizadas.“Cada atividade tem riscos diferentes e precisa de estratégias próprias, construídas de forma responsável”, afirma Mirella Cahú.
Outro ponto central é que as empresas precisarão acompanhar se as medidas estão funcionando, reavaliar periodicamente os riscos e atualizar o PGR sempre que houver mudanças relevantes na dinâmica de trabalho.
“É um processo contínuo. Identifica, age, reavalia e melhora”, explicou Scarpelli. Durante uma eventual fiscalização, as empresas precisarão comprovar, por meio de documentos e práticas internas, que identificaram os riscos psicossociais e adotaram medidas para enfrentá-los.
“Se o gerenciamento não estiver sendo feito, a empresa pode ser autuada”, alertou Odete Reis. A atualização da NR-1 não obriga empresas a contratar psicólogos, oferecer terapia ou criar programas isolados de bem-estar.
Segundo os especialistas, essas iniciativas podem complementar as ações internas, mas não substituem a obrigação central da norma. 
“Oferecer benefícios não resolve se o trabalho continuar adoecendo as pessoas”, afirma Mirella Cahú. “A exigência é mudar práticas de trabalho que geram sofrimento.”
O que muda para os trabalhadores?
A atualização da NR-1 fortalece o entendimento de que saúde mental também é uma questão de saúde e segurança do trabalho. Na prática, trabalhadores passam a ter mais respaldo para denunciar condições consideradas adoecedoras, como pressão excessiva, jornadas abusivas, metas inalcançáveis e assédio moral.
Segundo a juíza do trabalho Mirella Cahú, a principal mudança é que o foco deixa de estar apenas no indivíduo e passa a incluir a forma como o trabalho é organizado. “O risco psicossocial não é do sujeito, é da atividade de trabalho”, afirmou.
Isso significa que situações que antes muitas vezes eram tratadas como “fragilidade individual” passam a ser analisadas também como consequência da dinâmica de como trabalho é gerenciado dentro das empresas.
Especialistas avaliam que a norma também pode facilitar o reconhecimento do nexo entre trabalho e adoecimento mental em casos de afastamento ou ações judiciais. “Já reconhecemos transtornos mentais como acidente de trabalho quando há relação com a organização do trabalho”, afirma a magistrada.
Outra mudança prática é que empresas poderão ser cobradas antes mesmo de existir um trabalhador afastado. Ou seja, a fiscalização poderá exigir mudanças ao identificar riscos psicossociais no ambiente de trabalho, mesmo sem casos formalmente registrados de adoecimento.
Segundo os especialistas ouvidos pelo g1, a expectativa é que a atualização da NR-1 pressione empresas a tratar saúde mental com o mesmo nível de atenção dado hoje a acidentes físicos e outros riscos ocupacionais.
Brasil tem mais de 546 mil afastamentos por saúde mental em 2025 e bate recorde",Fato,G1 Saúde / Oficial,https://g1.globo.com/trabalho-e-carreira/noticia/2026/05/25/nr-1-regra-entra-em-vigor-veja-o-que-muda.ghtml
Novo ataque a hospital com pacientes de ebola ocorre no Congo; 18 casos suspeitos desapareceram,"Familiares de uma vítima do Ebola lamentam enquanto o caixão é levado para o sepultamento, no Hospital Sofepadi em Bunia, Congo.
Moses Sawasawa / AP
Jovens invadiram um hospital que trata pacientes com Ebola, no epicentro do mais recente surto da doença no leste do Congo, na noite de domingo (24), obrigando a equipe médica a evacuar os pacientes às pressas enquanto tiros ecoavam na área.
Este foi o terceiro ataque do tipo em menos de uma semana no país. Não se sabe de imediato se alguém ficou ferido no ataque ao Hospital Geral de Mongbwalu, mas o Dr. Richard Lokudu, diretor médico do hospital, disse à agência Associated Press que os agressores exigiram que dois corpos de seus parentes lhes fossem entregues.
Houve troca de tiros e os paramédicos estavam tentando evacuar os pacientes e a equipe, disse Lokudu por telefone.
“O Hospital Geral de Mongbwalu está em alerta máximo”, acrescentou. Ele não tinha mais detalhes sobre a confusão em curso.
O ataque é o terceiro em uma semana contra instalações de saúde onde profissionais médicos enfrentam dificuldades devido à falta de recursos para tratar casos suspeitos de Ebola.
Cientistas de Oxford desenvolvem vacina contra o novo surto de Ebola
Os corpos daqueles que morreram de Ebola podem ser altamente contagiosos e levar a uma maior disseminação da doença quando as pessoas os preparam para o enterro e se reúnem para os funerais.
Em resposta ao surto, as autoridades congolesas determinaram que o perigoso trabalho de enterrar as vítimas suspeitas seja realizado, sempre que possível, pelas autoridades, o que pode gerar protestos de familiares e amigos. 
Na sexta-feira (22), o governo anunciou a proibição de velórios e aglomerações com mais de 50 pessoas no nordeste do Congo, em um esforço para conter a propagação do vírus.
No sábado (23), um grupo de moradores de Mongbwalu, localizada na província de Ituri, atacou e incendiou uma tenda montada pela organização humanitária Médicos Sem Fronteiras para casos suspeitos e confirmados de Ebola.
Durante o ataque, 18 pessoas com suspeita de infecção por Ebola deixaram as instalações e agora estão desaparecidas, disse Lokudu anteriormente.
Na quinta-feira (21), outro centro de tratamento, na cidade de Rwampara, foi incendiado depois que familiares foram impedidos de recuperar o corpo de um homem da região, suspeito de ter morrido de Ebola.
Trabalhadores de saneamento do governo da cidade de Bunia pulverizam desinfetante na área do mercado central, perto de um caminhão de lixo, na província de Ituri, enquanto continuam os esforços para combater o surto de Ebola em Bunia
AP/Moses Sawasawa
A OMS afirmou que o surto representa um risco ""muito alto"" para o Congo, uma melhoria em relação à classificação anterior de ""alto"". Mas a organização ressalta que o risco de a doença se espalhar globalmente permanece baixo.
No início do domingo, o Ministério das Comunicações da República Congolesa informou, através do canal X, que havia 904 casos suspeitos de Ebola, a maioria na província de Ituri, no nordeste do país. É um aumento significativo em relação aos mais de 700 casos suspeitos de Ebola anunciados anteriormente.
O ministério também afirmou que o total de mortes suspeitas por Ebola era de 119, mas os números divulgados separadamente para cada região somavam 220. 
A Federação Internacional das Sociedades da Cruz Vermelha e do Crescente Vermelho informou no sábado que três de seus voluntários morreram em decorrência do surto em Mongbwalu. A organização acredita que os três profissionais de saúde contraíram o vírus em 27 de março, enquanto lidavam com cadáveres em uma missão humanitária não relacionada ao Ebola.
Se confirmado, isso atrasaria significativamente o cronograma do surto .
OMS eleva nível de risco
A Organização Mundial da Saúde (OMS) elevou o nível de risco do surto no Congo de “alto” para “muito alto”. Apesar disso, o órgão considera baixo o risco de disseminação global da doença.
Mototaxistas e seus passageiros aguardam na entrada do mercado central enquanto equipes de saneamento desinfetam a área, em meio ao combate ao surto de Ebola na província de Ituri, em Bunia, Congo, no sábado, 23 de maio de 2026.
AP/Moses Sawasawa
O diretor-geral da OMS, Tedros Adhanom Ghebreyesus, afirmou que já foram confirmados 82 casos e sete mortes no país, mas alertou que o número real pode ser significativamente maior.
Isso porque a variante Bundibugyo circulou durante semanas sem ser identificada. Os primeiros pacientes testavam negativo para a cepa mais comum do Ebola, o que atrasou a confirmação do surto.
Atualmente, autoridades monitoram cerca de 750 casos suspeitos e 177 mortes suspeitas, números que ainda dependem de confirmação laboratorial.
Variante rara não tem vacina
A cepa Bundibugyo é uma das formas mais raras do Ebola e, diferentemente da variante Zaire —responsável por surtos anteriores e para a qual existe vacina—, ainda não possui imunizante aprovado.
Um funcionário da limpeza urbana da prefeitura de Bunia pulveriza cloro para desinfetar o mercado central, enquanto a província de Ituri continua a combater um surto de Ebola
AP/Moses Sawasawa
A diretora-geral do Centro Africano de Controle e Prevenção de Doenças, Jean Kaseya, afirmou que a resposta ao surto depende não apenas de medidas médicas, mas também da reconstrução da confiança entre autoridades e comunidades locais.
A Federação Internacional das Sociedades da Cruz Vermelha e do Crescente Vermelho informou neste sábado que três voluntários morreram após contrair o vírus em Mongbwalu durante operações de remoção de corpos realizadas em março.
Segundo a entidade, isso indica que o vírus pode ter começado a circular semanas antes da primeira morte oficialmente reconhecida, registrada no fim de abril na cidade de Bunia, capital da província de Ituri.
*Com informações da informações da Associated Press.",Fato,G1 Saúde / Oficial,https://g1.globo.com/saude/noticia/2026/05/25/novo-ataque-a-hospital-com-pacientes-de-ebola-ocorre-no-congo-18-casos-suspeitos-desapareceram.ghtml
Quanta comida você deve colocar no prato? Confira respostas para essa e outras dúvidas para se alimentar bem,"Mesa com alimentos: Segundo especialistas, o mais importante é prestar atenção aos sinais de fome e saciedade
Getty Images
Refrigerantes gigantes, hambúrgueres maiores, pratos cada vez mais cheios. Nos últimos 50 anos, o tamanho das porções aumentou continuamente em algumas partes do mundo, junto com os índices de obesidade.
Mas, diante das tentações oferecidas pela indústria alimentícia, como manter uma alimentação saudável e evitar comer em excesso?
Essa mudança se tornou particularmente evidente nos Estados Unidos, onde o tamanho das porções começou a crescer nos anos 1980, um processo impulsionado pelo aumento das refeições fora de casa e pela concorrência entre restaurantes.
""Se uma empresa — uma rede de massas, por exemplo — vendesse um prato pequeno de macarrão e outra oferecesse uma porção maior, as pessoas tenderiam a escolher a opção maior"", afirmou Lisa Young, da Universidade de Nova York, nos EUA, ao programa The Food Chain.
Agora no g1
""A comida também era muito, muito barata. E quando a comida é barata, é vantajoso para o fabricante oferecer o dobro da quantidade e cobrar só um pouco mais. O consumidor acha que está fazendo um bom negócio, e a empresa ganha mais dinheiro"", explicou Young.
Essas tendências também se repetem em países em desenvolvimento como o Brasil, disse a especialista em comportamento alimentar Marle Alvarenga, da Universidade de São Paulo, no Brasil.
""Isso acontece principalmente com alimentos embalados e ultraprocessados. Não vemos porções maiores de arroz e feijão ou de peixe com farinha, que fazem parte da nossa alimentação tradicional"", explicou Alvarenga.
Para Young, da Universidade de Nova York, o fenômeno está ligado sobretudo à americanização do sistema alimentar.
""À medida que os alimentos tipicamente americanos, como os do McDonald's ou determinadas barras de chocolate, chegam a outros países, os tamanhos das porções também aumentam. Quando você consome ultraprocessados, acaba ingerindo 500 calorias extras"", disse Young.
Porções maiores fazem as pessoas comerem mais?
Uma das conclusões mais consistentes das pesquisas sobre alimentação é que as pessoas tendem a comer mais quando recebem porções maiores, explicou um psicólogo ouvido pela reportagem da BBC. Uma análise estimou que dobrar o tamanho de uma porção leva as pessoas a consumir, em média, 35% mais comida.
""Não se trata apenas de comer tudo o que está no prato, porque muitas vezes as pessoas nem terminam a refeição. Mas sabemos que, quanto maior a porção, maior também tende a ser a quantidade total ingerida"", disse Lenny Vartanian, da Universidade de Nova Gales do Sul, em Sydney, na Austrália.
Segundo Vartanian, parte do problema está no fato de que nosso corpo nem sempre consegue indicar com precisão quanto deveríamos comer. E, quando há incerteza, o tamanho da porção acaba funcionando como referência.
""Raramente sentimos fome extrema ou estamos completamente satisfeitos. Normalmente ficamos em algum ponto intermediário, e é justamente nessa zona que acabamos sendo influenciados por diferentes estímulos"", afirmou Vartanian.
Usar pratos menores ajuda?
Durante algum tempo, acreditou-se que reduzir o tamanho dos pratos poderia ser uma solução simples. A ideia era que pratos menores comportariam menos comida e criariam uma ilusão visual: a mesma quantidade pareceria maior, fazendo a pessoa se sentir mais satisfeita e, potencialmente, comer menos.
Mas essa teoria não foi confirmada pelas pesquisas.
""O tamanho do prato, por si só, não afeta a quantidade de comida consumida. O que realmente importa é se há mais comida disponível"", disse Vartanian, da Universidade de Nova Gales do Sul.
Isso significa que, se a travessa de comida estiver acessível sobre a mesa, as pessoas tendem a se servir novamente, independentemente do tamanho do prato.
Segundo Vartanian, o mais importante é servir uma porção e guardar o restante fora de vista. ""Tire a comida de perto para evitar repetir o prato"", afirmou Vartanian.
Como regular o tamanho das porções?
Segundo especialistas, o mais importante é prestar atenção aos sinais de fome e criar maior consciência sobre o que se está comendo.
""As pessoas não prestam atenção ao que está no prato. Não percebem os sinais de fome e nem observam quando já estão satisfeitas"", disse Young, da Universidade de Nova York.
Outro ponto importante, afirmaram os especialistas, é entender a chamada distorção de porção, quando o aumento constante do tamanho das porções altera a percepção do que seria uma quantidade normal de comida.
""Meu conselho é: preste atenção. Leia os rótulos, observe o tamanho das porções. Tente entender o que a indústria está fazendo por meio do marketing e de outras estratégias"", destacou Alvarenga, da Universidade de São Paulo.
E os lanchinhos?
""Se você estiver comendo alimentos in natura, como uma maçã, uma fruta ou algo que não venha embalado, a quantidade consumida importa menos, porque são alimentos saudáveis"", disse Young, da Universidade de Nova York.
Quando se trata de produtos industrializados, porém, o rótulo informa qual é a porção padrão. Por exemplo, quatro porções por embalagem. Para Young, o ideal é retirar o alimento do pacote e observar como essa quantidade se compara ao que normalmente é consumido.
""As pessoas dizem: 'Eu só como uma tigela pequena de cereal no café da manhã'. Mas, quando pedimos que elas sirvam a quantidade que realmente comem e comparem com a porção indicada no rótulo, muitas vezes estão consumindo três vezes mais"", afirmou Young.
""Sirva a porção padrão e observe visualmente quanto ela representa. Depois, pergunte a si mesmo: quantas xícaras disso estou colocando no prato ou na tigela? Isso ajuda.""",Fato,G1 Saúde / Oficial,https://g1.globo.com/saude/noticia/2026/05/24/quanta-comida-colocar-prato.ghtml
Ebola: OMS monitora mais de 900 casos suspeitos da doença,"Entenda o Ebola em 7 pontos
O diretor-geral da Organização Mundial da Saúde (OMS), Tedros Adhanom, afirmou que mais de 900 casos suspeitos de Ebola estão sendo monitorados até o momento. 
Segundo a organização, 101 casos foram confirmados até o momento.
➡️ O Ebola é transmitido pelo contato direto com fluidos corporais de uma pessoa infectada — sangue, secreções, fezes ou vômito — e também pelo contato com animais mortos pela doença. Os primeiros sintomas são febre alta de início súbito, acompanhada de dor muscular intensa e manifestações gastrointestinais. 
O novo surto da doença foi registrado em 15 de maio na República Democrática do Congo. Em 48 horas, outros dois casos foram confirmados, sem aparente ligação entre si, foram detectados em Kampala, em Uganda.
Trabalhadores da Cruz Vermelha enterram vítima de Ebola em Rwampara, no Congo, no sábado (23)
Moses Sawasawa/AP Photo
LEIA MAIS: Qual é o risco real de a Ebola chegar ao Brasil?
A velocidade da disseminação foi suficiente para que a OMS declarasse o surto uma emergência de saúde pública de preocupação internacional em 17 de maio de 2026.
Na sexta-feira (22), a agência de saúde elevou o nível de risco da epidemia na RDC de ""alto"" para ""muito alto"", o patamar máximo.
Um informe do Centro de Controle e Prevenção de Doenças (CDC), do dia 22 de maio, aponta 176 mortes suspeitas.
O que torna a situação mais grave, segundo a OMS, é a ausência de ferramentas médicas eficazes: diferentemente das cepas Ebola-Zaire —combatidas por vacinas aprovadas—, não há terapêutica nem imunizante específico para o vírus Bundibugyo.
Não há transmissão da doença à distância: é preciso exposição direta e significativa às secreções de alguém doente, o que diferencia o vírus de doenças respiratórias como o sarampo e a Covid-19.
Nos casos graves, o quadro evolui para sinais hemorrágicos — queda de plaquetas, hipotensão, choque e sangramentos de mucosas e do trato gastrointestinal — com semelhanças ao quadro grave da dengue. O período de incubação varia de 2 a 21 dias, com média entre 5 e 10 dias após o contágio. Durante esse intervalo, não há transmissão.
LEIA TAMBÉM: Novo surto de Ebola na África: o que (não) mudou em uma década?",Fato,G1 Saúde / Oficial,https://g1.globo.com/saude/noticia/2026/05/24/ebola-oms-confirma-mais-de-900-casos-suspeitos.ghtml
‘Quase morri e não emagreci’: pacientes relatam reações graves após usar canetas emagrecedoras falsificadas,"Foz do Iguaçu, na fronteira entre o Brasil e o Paraguai, se tornou o principal ponto de entrada de canetas emagrecedoras ilegais no país. A localização estratégica da cidade, com cerca de 30 quilômetros de fronteira e três pontes de acesso internacional, impulsionou o avanço do contrabando destes medicamentos.
A Agência Nacional de Vigilância Sanitária (Anvisa) restringe a importação de emagrecedores para o Brasil. Segundo o órgão, há apenas cinco medicamentos autorizados para comercialização no país: Mounjaro, Turzemax, Veltrane, ZPHC e Thera Biolabs.
No entanto, muitos brasileiros vêm usando canetas emagrecedoras trazidas do Paraguai por atravessadores, produtos sem controle sanitário.
O g1 conversou com alguns que adoeceram; veja os depoimentos:
A cena que convenceu o chef de cozinha Paulo Marin, 50 anos, a tentar a tirzepatida — princípio ativo do Mounjaro — era familiar: uma amiga comentava no salão de beleza que “todo mundo estava emagrecendo horrores”. Em poucos dias, ele recebeu o contato de um suposto médico que aplicava a medicação em um consultório improvisado: uma maca, uma mesinha, duas cadeiras.
Nenhuma ampola era mostrada. Nenhum lote. Nenhuma receita.
“Ele aplicava a dose e pronto. Eu não via o frasco. Ele dizia que era endocrinologista, mas nunca vi CRM. Custava R$ 250 por semana.”
A primeira aplicação já trouxe sinais de que algo estava errado: náuseas fortes, tontura, vômito e um hematoma roxo na barriga. Tentou mais uma vez, na semana seguinte. Os sintomas se intensificaram e, além deles, não emagreceu um grama sequer. 
Anúncio de tirzepatida falsificada a qual Paulo teve acesso
Reprodução
Meses antes, Paulo já havia vivido outro episódio — igualmente motivado pela promessa de emagrecimento rápido. Uma conhecida vendia a suposta “caneta do Paraguai”, com quatro aplicações por R$ 1.200, parcelados na maquininha. Ele aplicou numa manhã.
“Horas depois, tontura, diarreia, vômito, enxaqueca. Fui parar no hospital. Joguei o resto fora.”
O chef de cozinha Paulo Marin teve duas experiências ruins com tirzepatida falsificada.
Arquivo Pessoal
Por dentro das canetas clandestinas
As reações violentas que derrubaram Paulo são velhas conhecidas de quem monitora o mercado clandestino. Para especialistas ouvidos pelo g1, o caso dele expõe o abismo entre o que a Agência Nacional de Vigilância Sanitária (Anvisa) exige para um injetável seguro e o que, na prática, vem sendo vendido como tirzepatida fora da rede regulada.
Doutora em endocrinologia pela Faculdade de Medicina da Universidade de São Paulo (FMUSP), Maria Fernanda Barca afirma que, ao analisar essas canetas em laboratório, já foram identificados:
soluções com pureza muito abaixo do aceitável,
frascos sem esterilidade mínima,
insumos de origem desconhecida,
tentativas de imitar a concentração usada pela indústria sem qualquer precisão técnica,
presença de sibutramina, proibida para uso injetável.
Muitos dos danos começam, segundo ela, na cadeia de produção: essas canetas são feitas em ambientes que não seguem normas de assepsia, com matérias-primas baratas e dificilmente rastreáveis. Os frascos superconcentrados, vendidos para múltiplos pacientes, ainda ampliam o risco de contaminação.
Endocrinologista do Hospital Israelita Albert Einstein e do Instituto Cohen, Clayton Macedo confirma a gravidade. Em testes independentes, diz, frascos vendidos como tirzepatida apresentaram purezas entre 7% e 14%, quando o medicamento real exige 99%.
“É outra substância. É um composto instável. Não se comporta como tirzepatida e não tem como gerar o efeito terapêutico esperado”, explica.
A fronteira entre manipulação e ilegalidade
O Brasil permite, sim, a manipulação de tirzepatida. Mas isso não significa que tudo o que se vende por aí seja legal. A Anvisa fixa condições rígidas, que incluem:
insumo com pureza comprovada;
rastreabilidade total da cadeia de origem;
manipulação em ambiente estéril, com controle microbiológico;
frascos produzidos sob demanda, para um único paciente;
proibição de estoque e de produção seriada;
necessidade de prescrição individual.
Nada disso é mero protocolo.
Quando uma farmácia manipula sem cumprir esses critérios, cria-se uma preparação irregular. 
“Quando o produto sequer contém tirzepatida — ou traz ingredientes não declarados — estamos diante de falsificação”, diz Barca.
Especialistas afirmam que o mercado clandestino opera justamente nessas duas zonas proibidas. Quase nunca há rastreabilidade. Quase nunca há controle de esterilidade. Quase nunca há pureza adequada. E quase nunca existe apenas um paciente por frasco — o que abre caminho para diluições improvisadas, contaminações e dosagens completamente erradas.
Para o consumidor, essa diferença é invisível. Para o organismo, decisiva.
Medicamento importado por Ivete
Arquivo Pessoal
‘Parecia sarampo’
A aposentada Ivete de Freitas, 69 anos, viveu outra face desse mercado. Embora tivesse uma prescrição legítima de Mounjaro, se deixou levar pela promessa de economia feita por amigas. Um conhecido disse que “importava da Argentina” e ofereceu uma carona no pedido — tudo por um preço bem mais baixo que o da farmácia.
O frasco chegou sem nome comercial, apenas com uma composição impressa. Mesmo desconfiada, aplicou.
Minutos depois, seu corpo começou a se encher de placas vermelhas.
“Parecia sarampo, subiu da cintura para o pescoço. À noite piorou.""
Ivete ainda fez a aplicação mais quatro vezes, e só interrompeu quando percebeu que os sintomas cutâneos e o mal estar se intensificaram. 
A médica que a acompanha confirmou que o quadro poderia ter sido ainda mais grave. Outras reações comuns em pacientes, afirma Barca, envolvem surtos psicóticos e diverticulite. Em casos mais graves, há risco de morte. 
Ivete teve alergia similar a manchas causadas por sarampo devido ao uso de tirzepatida falsificada
Freepik
O perigo para o corpo
Quando a tirzepatida não segue os padrões farmacêuticos — seja por manipulação irregular, falsificação ou importação sem controle sanitário — o corpo é o primeiro a reagir. A molécula é sensível, exige pureza alta e ambiente estéril. Fora disso, os efeitos podem ser imediatos ou acumulativos.
Reações gastrointestinais violentas são as mais frequentes. Vômitos persistentes, náuseas incapacitantes, diarreia intensa, desidratação e queda abrupta de pressão. Não são efeitos do medicamento original — são resultado de impurezas, solventes inadequados ou degradação térmica da molécula.
O risco de infecções também aumenta. Soluções feitas sem esterilidade podem introduzir bactérias no tecido subcutâneo, causando abscessos, inflamação local, febre e, em casos graves, infecção sistêmica. Vermelhidão súbita, placas ou manchas pelo corpo — como as que apareceram em Ivete — costumam indicar contaminação microbiológica ou reação a substâncias que não deveriam estar ali.
Alterações na composição química podem levar a quadros neurológicos e cardiovasculares. Tontura intensa, palpitações, taquicardia, arritmia, picos de pressão arterial e dor de cabeça incapacitante. Quando um produto clandestino contém estimulantes ou resíduos químicos desconhecidos, o sistema nervoso reage com imprevisibilidade. 
Há ainda o risco silencioso das doses erradas. Produtos falsificados ou manipulados sem precisão podem entregar concentrações muito acima ou muito abaixo do necessário. 
Concentrações elevadas podem provocar hipoglicemia, mal-estar súbito e confusão mental. Concentrações baixas simplesmente não funcionam, levando o paciente a aumentar a dose por conta própria — ampliando ainda mais o perigo.
A degradação térmica é outro ponto crítico. Sem cadeia fria, a molécula perde estabilidade e pode se fragmentar. O corpo passa a reagir não à tirzepatida, mas aos seus subprodutos, que podem irritar o tecido, desencadear alergias e causar reações adversas que não existem no medicamento original.
E há o risco menos óbvio, mas igualmente grave: a falsa sensação de tratamento. Quem usa um produto clandestino acredita estar protegido, quando na verdade segue com diabetes ou obesidade sem controle adequado. Esse atraso terapêutico tem impacto direto em risco cardiovascular, resistência à insulina, pressão arterial e progressão da doença.
Polícia Federal faz operação para investigar fabricação clandestina de Mounjaro
O que diz a fabricante
Procurada pelo g1, a Eli Lilly — fabricante do Mounjaro — afirma que não produz, não comercializa e não autoriza a fabricação do medicamento em farmácias de manipulação, nem a venda de produtos a granel, fracionados ou reenvasados. 
Segundo a empresa, qualquer solução líquida vendida como tirzepatida fora dos canais oficiais deve ser considerada falsificada.
Em nota, a farmacêutica declarou que já identificou, em análises conduzidas nos últimos meses, ampolas clandestinas contendo substâncias desconhecidas, além de presença de impurezas, ausência completa de tirzepatida e até misturas com outros ativos, como estimulantes e derivados não declarados.
“A integridade química e microbiológica desses produtos não pode ser garantida. Não há controle de qualidade, esterilidade, cadeia fria nem rastreabilidade da origem dos insumos”, informa. 
A Lilly também afirma que não existe versão em ‘caneta avulsa’, frascos multidoses ou apresentações vendidas por atravessadores — e que o Mounjaro legítimo só é distribuído em canetas descartáveis, seladas e rastreáveis, mediante prescrição médica.",Fato,G1 Saúde / Oficial,https://g1.globo.com/saude/noticia/2026/05/24/pacientes-relatam-reacoes-graves-apos-usar-canetas-emagrecedoras-falsificadas.ghtml
Por que o câncer de pâncreas é um desafio para médicos e pacientes,"Tecnologia ajuda pacientes no tratamento do câncer de pâncreas
Apesar de relativamente raro, o câncer de pâncreas talvez seja um dos mais temidos por sua alta letalidade. Como o número de casos vem crescendo – embora sua incidência não se compare à de tumores mais comuns, como os de pulmão, mama e colorretal – achei importante trazer o assunto para a coluna. No Brasil, a estimativa é de 10.980 novos casos anuais para o triênio 2023-2025, com uma taxa de mortalidade preocupante devido, sobretudo, ao diagnóstico tardio. A busca por novas drogas para combater a enfermidade mobiliza a comunidade científica, como mostrou reportagem do g1 publicada na sexta-feira.
Eduardo Viana de Carvalho, membro titular do Colégio Brasileiro de Cirurgiões e chefe do Serviço de Cirurgia do Hospital Federal de Ipanema, no Rio de Janeiro
Mariza Tavares
O perfil dos pacientes também está mudando. Embora a maioria dos diagnósticos ocorra após os 55 anos, um estudo conduzido por pesquisadores do Brasil e do Canadá revela que a incidência e a mortalidade pela doença em pessoas de até 49 anos devem aumentar nas próximas décadas. A análise foi baseada em dados do Global Burden of Diseases, Injuries, and Risk Factors Study (Estudo da Carga Global de Doenças, Lesões e Fatores de Risco), levantamento global que reúne informações de 204 países e territórios. 
Para quem não lembra das lições de biologia: o pâncreas está localizado atrás do estômago, entre o duodeno e o baço. É classificado como uma glândula mista porque possui duas funções fundamentais e distintas: auxilia a digestão por meio da produção do suco pancreático; e regula os níveis de glicose no sangue através de hormônios como a insulina. Quem me deu uma aula sobre o tema foi o médico Eduardo Viana de Carvalho, membro titular do Colégio Brasileiro de Cirurgiões e chefe do Serviço de Cirurgia do Hospital Federal de Ipanema, no Rio de Janeiro.
O senhor pode dar uma dimensão da mortalidade do câncer de pâncreas?
O grande problema é que 80% dos casos diagnosticados não permitem um tratamento cirúrgico curativo. Só conseguimos tratar 20%, quando o câncer está restrito ao pâncreas, isto é, quando não atingiu outros órgãos (metástase), nem invadiu estruturas vasculares que o tornam irressecável. Mesmo entre esses 20% tratáveis, somente 15% dos pacientes têm sobrevida acima de cinco anos.
Em que condição o tumor é irressecável?
Quando se diz que um câncer de pâncreas é irressecável, devido ao atingimento de estruturas vasculares, significa que o tumor cresceu a ponto de envolver ou invadir vasos sanguíneos vitais que passam muito próximos ao órgão. Esses vasos vitais são a artéria mesentérica e a veia porta. Para que a cirurgia aconteça, elas têm que estar livres ou em uma condição na qual seja possível fazer uma reconstrução do vaso – seja por meio de uma emenda ou da colocação de uma prótese.
Por que, ao contrário de outros tipos de câncer, o de pâncreas não costuma dar sinais claros de que há algo errado?
Justamente porque não há sintomas claros da doença, o diagnóstico pode demorar, mas é importante explicar que há duas regiões do pâncreas bastante distintas do ponto de vista cirúrgico: a cabeça e o corpo/cauda. A cabeça tem a peculiaridade de ser atravessada pela via biliar. Por isso, quando o tumor está localizado nessa região, um dos sinais precoces é a icterícia, caracterizada pelos olhos amarelados (esclera), urina escura e alteração nas fezes. As pessoas precisam saber que a icterícia é uma emergência médica e não deve ser negligenciada. Já no corpo e na cauda, os sintomas são ainda mais vagos:  inapetência, emagrecimento sem causa aparente, dor inespecífica nas costas (muitas vezes confundida com problemas de coluna), ou um mal-estar interpretado como má digestão. Por ser agressivo, três meses de atraso no diagnóstico podem fechar a janela de oportunidade do tratamento.
O que faz com que esse câncer seja tão difícil de visualizar?
Noventa por cento dos casos de câncer de pâncreas surgem a partir de uma lesão microscópica chamada PanIN, sigla para Neoplasia Intraepitelial Pancreática (do inglês Pancreatic Intraepithelial Neoplasia). Ela não forma um nódulo visível em exames de imagem comuns, como a tomografia ou a ressonância magnética, mas sim uma alteração microscópica nas células que revestem os pequenos ductos do órgão. Um radiologista não consegue ver o PanIN; ele só é identificado por um patologista ao analisar o tecido no microscópio, geralmente após uma biópsia ou cirurgia feita por outro motivo. 
E quando o diagnóstico detecta um cisto? Significa que ele inevitavelmente evoluirá para um câncer?
Não necessariamente. Se o PanIN responde por 90% dos casos, os cistos representam os outros 10%. Desde 2012, o Consenso Internacional de Fukuoka uniformizou a conduta para as chamadas Neoplasias Mucinosas Papilares Intraductais (IPMN em inglês). Diferentemente do PanIN, que é microscópico, as IPMNs são visíveis em exames de imagem e se caracterizam por ser a única lesão prevenível, que pode ser monitorada e removida a tempo. O número de diagnósticos tem crescido devido à melhoria dos exames de imagem. 
Para facilitar a compreensão, imagine o pâncreas com um ducto principal e ductos secundários, como se fossem “espinhas do peixe”. Com essa imagem na cabeça, temos as seguintes possibilidades:
Alto risco: cisto no ducto principal que provoca uma dilatação maior que 1cm. 
Preocupante: cisto no ducto principal que provoca uma dilatação entre 0,5cm e 1 cm.
Quando as lesões estão nos ductos secundários, na maioria das vezes só se tornam preocupantes se apresentarem um crescimento superior a 5mm ao ano; se atingirem mais de 3cm; e se contiverem um componente sólido em seu interior. Todo cisto pancreático exige acompanhamento médico regular, pelo menos por um período de tempo. É preciso que o médico se certifique se o cisto se mantém inalterado, ou se dobrou de tamanho em seis meses – crescimento é o critério de preocupação.
Quais são as causas conhecidas e os fatores de risco?
Apenas cerca de 10% dos casos têm um componente genético. O risco familiar é considerado alto quando o paciente tem dois ou mais parentes de primeiro grau, como avós, pais e irmãos, diagnosticados com a doença – a recomendação é o rastreamento periódico a cada seis meses. Há também os fatores ambientais reconhecidos: tabagismo, álcool e obesidade. O abuso prolongado de bebidas alcoólicas pode levar a uma pancreatite crônica: um fator de risco que aumenta em até 20 vezes as chances de um câncer. A pancreatite crônica difere da aguda (que produz aquela dor súbita e violenta, geralmente associada a pedras na vesícula). A crônica é silenciosa, acarretando a fibrose progressiva do órgão e a perda de suas funções. Além disso, embora ainda sem uma validação científica definitiva, a literatura médica mostra que dietas ricas em alimentos ultraprocessados colaboram para o surgimento da doença.
Como estão os avanços na cirurgia e no tratamento oncológico?
A cirurgia existe desde a década de 1940, mas, naquela época, a mortalidade operatória girava em torno de 50%. Hoje, em centros de referência, ela é inferior a 1%. O tratamento quimioterápico complementar é indispensável depois da operação e, frequentemente, tem sido indicado antes do procedimento. Na verdade, a técnica cirúrgica atingiu o seu limite técnico: ela já é a mais radical possível, combinada a reconstruções vasculares de última geração. Atualmente, a grande fronteira de inovação está na oncologia clínica, com o avanço da imunoterapia, das terapias-alvo e, inclusive, de vacinas terapêuticas que estão sendo testadas em centros de pesquisa internacionais.
Ilustração apresenta as diferenças entre as Neoplasias Mucinosas Papilares Intraductais e o câncer de pâncreas
IA por Eduardo Viana de Carvalho",Fato,G1 Saúde / Oficial,https://g1.globo.com/bemestar/blog/longevidade-modo-de-usar/post/2026/05/24/por-que-o-cancer-de-pancreas-e-um-desafio-para-medicos-e-pacientes.ghtml
"Ebola, hantavírus, Influenza A e mais: quais os vírus mais perigosos hoje e como eles podem afetar sua rotina?","Entenda o Ebola em 7 pontos
Uma das confusões mais comuns quando o assunto é vírus perigosos é equiparar letalidade a perigo. Do ponto de vista da saúde pública, as duas medidas caminham juntas, mas não significam a mesma coisa. 
O vírus que mata mais, em proporção, não é necessariamente o que representa maior ameaça para a população —pode ser aquele que se dissemina com mais facilidade, que atinge grupos vulneráveis sem aviso prévio, ou que sobrecarrega o sistema de saúde e compromete o atendimento de outras doenças.
Em 2026, cinco vírus concentram a atenção de pesquisadores e autoridades sanitárias no Brasil e no mundo: ebola, hantavírus, influenza A, poliomielite e mpox. Cada um tem características epidemiológicas distintas —mecanismo de transmissão, taxa de letalidade, existência de vacina e presença no território nacional. 
O g1 ouviu três infectologistas para entender o que cada um representa, de fato, para a rotina do brasileiro.
Ebola (Bundibugyo) surto ativo; sem vacina
Quais os vírus mais perigosos hoje e como eles podem afetar sua rotina?
Arte/g1
O surto atual de ebola tem uma particularidade que o diferencia dos anteriores: a cepa em circulação é o Bundibugyo —um dos cinco vírus da família ebola que afeta seres humanos e o mais raro deles. 
Diferentemente do que ocorreu entre 2014 e 2016, quando mais de 24 mil casos foram registrados na África Ocidental, não existe, desta vez, nem vacina aprovada nem anticorpos monoclonais eficazes contra essa variante. As duas terapias desenvolvidas após aquela epidemia —o imunizante Ervebo e os anticorpos monoclonais— são específicas para a cepa Zaire, que estava em circulação naquela época.
Antônio Carlos Bandeira, infectologista e assessor técnico da Vigilância Epidemiológica do Estado da Bahia, explica que o cenário mais preocupante para o Brasil seria o de um trabalhador ou turista que viaja para as regiões afetadas, se contamina, embarca sem sintomas e desembarca em solo brasileiro ainda dentro do período de incubação —que vai de dois a 21 dias. 
O problema é que, segundo ele, os hospitais brasileiros não estão equipados para receber um caso confirmado de ebola.
O manejo do vírus exige uma estrutura muito mais complexa do que o isolamento hospitalar convencional. São necessários três módulos integrados: uma sala de preparação, uma antessala de acesso ao leito e o quarto do paciente, com pressão negativa. Os profissionais de saúde entram com equipamento semelhante ao de astronauta — capacete, roupa hermétic a—, e a saída ocorre por um fluxo separado, com banho de corpo inteiro e descarte de toda a indumentária dentro da unidade. 
Sem essa estrutura, o risco de contaminação de trabalhadores da saúde é alto. Foi exatamente o que aconteceu em 2014, quando profissionais de saúde na Espanha e em outros países europeus foram infectados mesmo usando equipamentos de proteção individual convencionais.
Profissionais de saúde conduzem menina com suspeita de Ebola, em 12 de agosto de 2018, em Beni, nordeste da República Democrática do Congo.
JOHN WESSELS / AFP
Bandeira relembra que, caso um caso chegasse a uma cidade sem essa estrutura — o que se aplica à grande maioria dos municípios brasileiros —, o vírus poderia contaminar rapidamente os contactantes domiciliares do paciente e depois os profissionais de saúde dos serviços procurados, gerando um surto inicial difícil de conter até que o diagnóstico fosse confirmado.
Luana Araújo, infectologista e mestre em Saúde Pública pela Universidade Johns Hopkins (EUA), pondera que o risco global do Bundibugyo é atenuado por características próprias do vírus. A alta letalidade tende a extinguir rapidamente os reservatórios.
A transmissão exige contato direto com sangue ou secreções de pacientes doentes —não é respiratória. E o sistema de vigilância brasileiro tem protocolos específicos para febres hemorrágicas virais há bastante tempo, com orientação recente do Ministério da Saúde direcionada a agentes de portos, aeroportos e fronteiras.
André Bon, coordenador da Infectologia do Hospital Brasília e responsável pela área de Infectologia da Rede Américas, acrescenta que no maior surto já registrado de ebola — com mais de 22 mil casos —, o Brasil não registrou nenhum caso confirmado.
A própria OMS direciona as principais medidas de precaução para as regiões internas da República Democrática do Congo e dos países de fronteira, não para viagens internacionais em geral.
O que muda na sua rotina? Se você não viaja para a República Democrática do Congo ou Uganda, nada muda. Se viaja, evite contato com pessoas doentes na região, registre a viagem no consulado e, ao voltar, informe ao médico o histórico de deslocamento se desenvolver febre nos 21 dias seguintes.
Hantavírus: letal, mas de disseminação restrita no Brasil
Quais os vírus mais perigosos hoje e como eles podem afetar sua rotina?
Arte/g1
O hantavírus mata, em proporção, muito mais do que a gripe. A taxa de letalidade no Brasil fica entre 30% e 50% —números que raramente aparecem com destaque no noticiário, e por uma razão epidemiológica muito específica: o vírus raramente é transmitido entre pessoas, e seu contágio depende de um contato muito particular com o ambiente.
Bon detalha que existem dezenas de tipos de hantavírus espalhados pelo mundo. O único com capacidade de transmissão entre humanos é o vírus Andes, restrito à Argentina e ao Chile —e foi essa cepa a responsável pelo surto registrado recentemente em um navio cruzeiro. 
Os tipos que circulam no Brasil são transmitidos exclusivamente pela inalação de aerossóis formados a partir de excretas de roedores silvestres. Uma pessoa infectada no país não é capaz de passar o vírus para outra.
Luana Araújo reforça esse ponto ao contextualizar o peso relativo do hantavírus: apesar da alta letalidade, sua dispersão territorial é muito menor do que a da gripe, seu número de reprodução básica — o indicador que mede a capacidade de propagação de um vírus — não é elevado, e o contágio depende inteiramente da exposição a ambientes rurais ou fechados contaminados com fezes e urina de roedores silvestres. 
Últimos passageiros do navio que registrou casos de hantavírus desembarcam na Espanha
Jornal Nacional/ Reprodução
O risco é real para quem trabalha ou frequenta essas áreas, mas não representa uma ameaça à população urbana em geral.
Bandeira acrescenta que, mesmo no caso do surto no navio — envolvendo o subtipo Andes, o único transmissível entre pessoas —, a transmissibilidade em ambientes abertos é baixa e depende de contato prolongado e próximo com o paciente. Com os casos identificados e isolados, a probabilidade de disseminação ampla cai significativamente.
O que muda na sua rotina? O risco existe em ambientes rurais ou fechados com presença de roedores —galpões, depósitos, casas de campo que ficaram fechadas. Se você vai limpar esse tipo de espaço, use máscara PFF2 e luvas, nunca varra a seco, e umedeça o chão antes de qualquer limpeza para não aerosolizar as partículas.
Influenza A (H3N2): a maior ameaça real no Brasil
Quais os vírus mais perigosos hoje e como eles podem afetar sua rotina?
Arte/g1
Para os três especialistas ouvidos pelo g1, não há dúvida: de todos os vírus em circulação, a influenza A é o que representa o maior risco prático para a vida do brasileiro. Não porque seja o mais letal em proporção — não é —, mas porque se dissemina por gotículas respiratórias, atinge uma população numericamente enorme e pressiona um sistema de saúde que já opera no limite.
Luana Araújo é direta: “A influenza é o vírus vizinho, o que está ali ao lado, o que chega à maioria das pessoas dentro do mesmo território e causa desfechos graves sem parecer, à primeira vista, uma ameaça dramática”, diz. 
Segundo ela, a doença é culturalmente subestimada, e isso faz parte do problema. Uma pessoa vacinada ou não vacinada, assintomática ou com sintomas iniciais leves, já transmite o vírus a outras em ambientes compartilhados.
A temporada de 2026 trouxe uma complicação adicional. O vírus H3N2 deu uma curva inesperada em relação ao caminho evolutivo que vinha sendo monitorado: ao invés de seguir o padrão projetado, circulou com uma cepa com menor resposta à proteção vacinal. 
A vacina contra influenza é desenvolvida com meses de antecedência — tempo necessário para produção, embalagem e distribuição —, e a previsão sobre quais cepas vão circular nem sempre se confirma. Em 2026, a combinação de cobertura vacinal abaixo do desejado com uma vacina de efetividade reduzida para a cepa predominante explica, em grande parte, o aumento expressivo de casos de Síndrome Respiratória Aguda Grave (SRAG) registrados no país.
Bon acrescenta que o subtipo H3N2, embora seja o que circula hoje, não é a maior preocupação de longo prazo dos especialistas. O vírus que mantém os pesquisadores em alerta é o H5N1 — um subtipo que já circula entre mamíferos, foi responsável pela mortandade de leões-marinhos no sul do Brasil e de aves em várias regiões, e causou casos esporádicos em humanos nos Estados Unidos e no Canadá. 
Região dos Lagos inicia campanha de vacinação contra a gripe
Prefeitura de Cabo Frio
Até agora, o H5N1 não desenvolveu capacidade de transmissão sustentada entre pessoas —mas está em mutação constante, e uma mudança nesse sentido representaria um risco pandêmico real. A transmissão por gotículas, caso se consolide entre humanos, tornaria o vírus muito mais perigoso do que o ebola, que depende de contato direto com secreções.
Bandeira propõe dois caminhos para melhorar o cenário da influenza no Brasil. O primeiro é a universalização da vacina pelo Programa Nacional de Imunização (PNI), retirando a segmentação por faixa etária e grupos de risco que confunde a população e reduz a busca pelo imunizante. 
O segundo é o treinamento de profissionais de saúde para a prescrição precoce de antivirais: o oseltamivir, disponível tanto na rede pública quanto na privada, é mais eficaz quando usado nos primeiros dois dias de sintomas, mas, ele afirma, muitos médicos perderam o hábito de prescrevê-lo desde a pandemia de H1N1 de 2009, quando o Ministério da Saúde centralizou o estoque e retirou o medicamento da rede privada.
Luana relembra ainda uma vulnerabilidade estrutural do Brasil: a rede hospitalar pediátrica é pequena diante da demanda. A influenza atinge crianças com frequência —e quando os casos graves crescem nessa faixa etária, os leitos de terapia intensiva disponíveis são insuficientes para absorver a procura.
O que muda na sua rotina? Vacine-se. A vacina está disponível nas unidades de saúde. Se desenvolver sintomas de gripe, procure atendimento nos dois primeiros dias: existe antiviral disponível e ele faz diferença nessa janela. Não trate gripe como resfriado, especialmente se você tem filhos pequenos, é idoso, gestante ou tem alguma doença crônica.
Poliomielite: controlada, mas cobertura vacinal em queda
Quais os vírus mais perigosos hoje e como eles podem afetar sua rotina?
Arte/g1
A poliomielite segue classificada como Emergência de Saúde Pública de Importância Internacional pela OMS desde 2014, mas o que isso significa mudou consideravelmente. Os casos de poliovírus selvagem estão praticamente erradicados: restam focos apenas no Afeganistão e no Paquistão. 
A maior parte dos registros atuais no mundo vem do poliovírus derivado da vacina oral, o que levou o Brasil a migrar completamente para a vacina inativada injetável —mais segura nesse aspecto e já incorporada ao calendário nacional.
Bandeira avalia que o risco de reintrodução da doença no Brasil é muito baixo, em razão da cobertura vacinal ainda abrangente. Mas sinaliza uma preocupação crescente: o movimento antivacina tem reduzido a adesão ao calendário infantil, enfraquecendo a proteção coletiva. 
Mecanismos como a vinculação de benefícios sociais do programa Bolsa Família à apresentação da caderneta de vacinação atualizada já existem e precisam ser mantidos com rigor, segundo ele.
Campanha contra poliomielite em São José dos Campos
Adenir Britto/PMSJC
Luana Araújo ressalta que a cobertura vacinal contra pólio no Brasil, embora ainda elevada em termos absolutos, é heterogênea e menor do que o ideal, com regiões que têm bolsões de baixa imunização. Isso poderia facilitar a reintrodução do vírus caso ele fosse importado. 
O que muda na sua rotina? Verifique a caderneta de vacinação dos seus filhos. A vacina é gratuita nos postos de saúde e a cobertura no país está caindo. Se a carteira estiver desatualizada, agende a dose.
Mpox: alerta para nova linhagem
Quais os vírus mais perigosos hoje e como eles podem afetar sua rotina?
Arte/g1
O mpox —nome oficial da varíola dos macacos— é uma doença com transmissão ativa no Brasil, baixa letalidade e perfil de risco concentrado. Bandeira explica que o vírus causa lesões cutâneas semelhantes às da varíola clássica, sem a mesma gravidade: vesículas que podem surgir nos membros, no rosto e no abdômen, com curso autolimitado na maioria dos casos. Essa característica cutânea tem uma vantagem epidemiológica —facilita o diagnóstico precoce e o isolamento dos casos, o que ajuda a frear a cadeia de transmissão.
Bon destaca que o padrão de transmissão da doença mudou nos últimos anos. O mpox, que historicamente se associava ao contato físico direto com animais ou pessoas infectadas, passou a se disseminar de forma mais expressiva por contato durante relações sexuais.
Bandeira reforça a distinção: o vírus não é sexualmente transmissível no sentido estrito —ele se transmite pelo contato corporal próximo, que nesse contexto é mais frequente e prolongado. O que os primeiros surtos revelaram é que esse tipo de contato foi o principal vetor de disseminação entre os casos inicialmente registrados no Brasil, nos Estados Unidos e na Europa.
Profissional de saúde prepara dose de uma vacina contra a mpox.
AP Photo/Mary Altaffe
O que preocupa os especialistas é a chegada de casos da linhagem Clade Ib ao país. Essa variante é mais transmissível e associada a quadros mais graves, especialmente em crianças e pessoas imunossuprimidas. 
Até agora, os registros no Brasil são de casos importados, mas a vigilância permanece ativa. Bon ressalta que o aumento de casos observado no início de 2026 exige acompanhamento e que a orientação sobre situações de risco —em especial as de contato íntimo— é fundamental para conter a circulação do vírus.
O que muda na sua rotina? Saiba se você está no grupo de risco —o vírus circula e o contato físico próximo é a principal via de transmissão. Se surgirem lesões na pele parecidas com bolhas ou feridas, procure atendimento e evite contato próximo com outras pessoas até ser avaliado.",Fato,G1 Saúde / Oficial,https://g1.globo.com/saude/noticia/2026/05/24/ebola-hantavirus-influenza-a-e-mais-quais-os-virus-mais-perigosos-hoje-e-como-eles-podem-afetar-sua-rotina.ghtml
Sensação de sair do próprio corpo: viagem astral é relatada por 1 em cada 5 brasileiros em pesquisa sobre experiências incomuns,"Viagem astral é relatada por 1 em cada 5 brasileiros em pesquisa
Adobe Stock
A sensação de sair do próprio corpo físico, conhecida popularmente como “viagem astral”, pode ser muito mais comum do que se imaginava. Um estudo publicado na revista científica ""Nature Communications Psychology"" mostra que cerca de 1 em cada 5 brasileiros afirma já ter vivido ao menos uma experiência desse tipo ao longo da vida. 
A pesquisa, conduzida por cientistas apoiados pelo Instituto D’Or de Pesquisa e Ensino e pela iniciativa IDOR Ciência Pioneira, também revela que outras experiências consideradas “fora do comum” — como déjà vu, sonhos lúcidos, sensação de presença invisível e ouvir vozes sem fonte aparente — fazem parte da vida da maioria da população. 
Os pesquisadores analisaram respostas de mais de 11 mil participantes em uma série de seis estudos e concluíram que entre 97,57% e 99,5% das pessoas já viveram pelo menos uma chamada “experiência não ordinária”. Segundo os autores, a principal descoberta não envolve apenas a alta frequência desses relatos, mas o fato de que a forma como as perguntas são feitas altera drasticamente os resultados das pesquisas. 
O trabalho propõe uma mudança de perspectiva: em vez de interpretar automaticamente essas vivências como sinais clínicos, fenômenos espirituais ou eventos paranormais, os pesquisadores defendem que a ciência primeiro compreenda como as pessoas percebem e descrevem essas experiências subjetivas. 
Agora no g1
O que os pesquisadores chamam de “viagem astral”
No estudo, a chamada viagem astral é descrita como uma experiência fora do corpo, em que a pessoa sente que sua consciência está separada do próprio corpo físico, podendo observá-lo como algo externo. Os pesquisadores tratam a experiência como um fenômeno subjetivo ligado à percepção da consciência e não como prova de qualquer interpretação espiritual ou paranormal. 
O que os pesquisadores chamam de “viagem astral”
Adobe Stock
Embora menos frequente do que experiências emocionais ou cognitivas, a viagem astral apareceu em uma parcela significativa da população analisada. Segundo os dados, relatos de sair do corpo, perceber luzes sem fonte aparente ou enxergar objetos como se fossem animados tiveram prevalência entre 13% e 20%. 
Para os pesquisadores, esses números ajudam a reduzir o estigma em torno do tema.
“Muitas pessoas passam por esse tipo de experiência e não sabem como interpretar. Em alguns casos, elas ficam em dúvida se precisam procurar ajuda ou se isso significa algum problema”, afirmou Ronald Fischer, principal autor do estudo. 
Segundo ele, o medo do julgamento ainda faz muitas pessoas esconderem esses relatos.
“É comum encontrar pessoas que dizem que nunca falaram sobre isso antes, por medo de parecer estranho ou de serem mal interpretadas. Quando veem os dados, muitas relatam um certo alívio ao perceber que não estão sozinhas”, disse Fischer. 
A sensação de experiência fora do corpo ocorre com frequência com a professora convidada da pós-graduação em Neurociências Aplicadas da UFRJ Bárbara Pires. Em entrevista ao g1, ela revela que vive isso desde a infância, mas a primeira vez que teve consciência de que era uma experiência fora do corpo foi em 2021. Algumas experiências acontecem associadas ao sono e aos sonhos lúcidos (em que o indivíduo percebe que está sonhando e pode controlar ativamente), mas outras ocorrem em diferentes estados de consciência e contextos.
Viver essas experiências despertou naturalmente seu interesse em estudar o tema de forma mais séria e crítica.
No início, Pires sentia bastante medo, principalmente por não entender o que estava acontecendo. Hoje, ela diz ter mais recursos emocionais, autoconhecimento e compreensão sobre essas experiências, inclusive por meio de psicoeducação e da prática. 
“É uma experiência difícil de descrever em palavras, porque envolve percepções muito subjetivas. De forma geral, existe uma sensação de deslocamento da consciência em relação ao corpo físico, como se a percepção de si e do ambiente ultrapassasse os limites habituais do corpo/local. Eu não vejo meu corpo do alto, como algumas pessoas relatam em casos de experiência de quase morte por exemplo”, descreve. 
Pires acrescenta que, em algumas experiências, há uma percepção muito vívida do ambiente, sensação de presença e da qualidade emocional do contexto, mudanças na percepção espacial, além de uma consciência bastante lúcida do que está acontecendo e sonhos lúcidos.
A professora revela que essas experiências não ocorrem diariamente, mas são bem recorrentes, ocorrendo ao menos uma vez por semana, em média. Ela também percebe que alguns contextos específicos parecem favorecer esse tipo de vivência, especialmente ambientes que ela considera emocionalmente seguros, acolhedores e culturalmente sensíveis. O sentimento de compaixão, de querer ajudar alguém, também desperta estas experiências dela.  
“Considero a explicação espiritual uma possibilidade legítima de investigação e reflexão para o fenômeno. Ao mesmo tempo, acredito que essas experiências são complexas e não deveriam ser reduzidas exclusivamente a uma única interpretação — seja espiritual, psicológica ou neurobiológica”, diz. 
Do ponto de vista científico, Pires acredita que ainda estamos diante de fenômenos complexos, que provavelmente envolvem dimensões corporais, cognitivas, emocionais, sociais, culturais e, possivelmente, espirituais. 
“Existem diferentes modelos explicativos discutidos na literatura — neurobiológicos, psicológicos, fenomenológicos e hipóteses não materialistas. Pessoalmente, considero importante que a investigação permaneça aberta, sem reducionismos ou diagnósticos precoces. Pesquisas que possam acompanhar as pessoas ao longo do tempo são importantíssimas”, destaca a professora.  
Quase toda a população relata alguma experiência incomum
Os pesquisadores utilizaram uma definição fenomenológica centrada na experiência do próprio participante. Em vez de enquadrar os relatos como sintomas psiquiátricos, manifestações espirituais ou fenômenos sobrenaturais, o estudo definiu experiências não ordinárias como vivências percebidas como incomuns, especiais ou marcantes em comparação ao cotidiano. 
Entre os fenômenos investigados estão:
déjà vu; 
sonhos lúcidos; 
sensação de presença invisível; 
ouvir vozes; 
sentir-se guiado por uma força; 
experiências fora do corpo; 
percepção de luzes anômalas; 
sensação de ser tocado sem causa física aparente; 
emoções extremamente intensas, como amor, alegria e compaixão profundas. 
Os autores afirmam que essas experiências costumam ser estudadas de maneira fragmentada. Na psiquiatria, podem aparecer associadas a transtornos mentais. Em contextos religiosos ou espirituais, podem ser interpretadas como transcendência. Já outras abordagens as tratam como fenômenos culturais ou paranormais. 
Segundo os pesquisadores, essa fragmentação ajuda a explicar por que diferentes estudos chegam a números tão discrepantes.
O “paradoxo da prevalência”
O estudo identificou um fenômeno chamado de “paradoxo da prevalência”. O conceito descreve a dificuldade de medir experiências subjetivas porque o relato depende de fatores sociais, culturais, cognitivos e emocionais. 
Na prática, isso significa que duas pessoas podem ter vivido experiências semelhantes, mas responder de formas completamente diferentes dependendo:
da linguagem utilizada na pergunta; 
do contexto em que a pesquisa é apresentada; 
do medo de julgamento; 
do significado cultural da experiência; 
do grau de estigma associado ao fenômeno. 
Segundo os autores, a própria pergunta interfere no relato.
“Quando você pergunta quantas vezes a pessoa teve uma experiência, você já sinaliza que isso pode ser algo relativamente comum. Já perguntas do tipo ‘você já teve isso?’ podem fazer com que as pessoas hesitem ou evitem responder”, explicou Fischer. 
O pesquisador também afirma que o contexto da pesquisa altera significativamente os resultados.
Segundo ele, se a experiência aparece dentro de um questionário sobre saúde mental, isso muda a forma como a pessoa interpreta a pergunta e pode levar a respostas diferentes.  
Contexto clínico reduz relatos
Para testar esse efeito, os pesquisadores dividiram os participantes em grupos. Um deles respondia primeiro perguntas relacionadas à ansiedade, depressão, solidão e saúde mental antes de preencher o inventário de experiências não ordinárias. Outro grupo respondia diretamente sobre as experiências subjetivas. 
Os resultados mostraram que introduzir o tema dentro de um contexto clínico reduziu significativamente os relatos dessas experiências. Segundo os autores, isso pode ocorrer porque o enquadramento psiquiátrico desperta autoestigma e medo de julgamento. 
Escalas de frequência aumentam respostas
Outro ponto analisado foi o formato das respostas. Os cientistas compararam questionários binários — com respostas de “sim” ou “não” — com escalas de frequência, em que os participantes podiam indicar quantas vezes haviam vivido determinada situação. 
As diferenças foram expressivas. Segundo o estudo, o uso de escalas graduais aumentou em mais de quatro vezes a chance de respostas afirmativas. Para os autores, isso acontece porque alternativas como “uma vez”, “duas ou três vezes” ou “mais de dez vezes” transmitem implicitamente a ideia de que a experiência é relativamente comum. Já perguntas fechadas tendem a gerar prevalências menores. 
Déjà vu lidera os relatos
Na análise consolidada dos dados, experiências cognitivas e emocionais apareceram como as mais frequentes.
O déjà vu foi o fenômeno mais relatado pelos participantes. Também tiveram prevalência elevada:
sentimentos intensos de amor; 
compaixão profunda; 
alegria intensa; 
sonhos lúcidos; 
absorção cognitiva, caracterizada pela perda da noção do tempo durante uma atividade. 
Segundo os pesquisadores, essas experiências têm em comum processos ligados à memória, atenção e consciência.
Mesmo fenômenos considerados raros apareceram em parte significativa da população:
sensação de presença invisível: entre 30% e 57%; 
sensação de ser tocado: entre 30% e 48%; 
sensação de ser guiado por uma força: entre 27% e 55%; 
percepção extrassensorial: entre 41% e 55%. 
A experiência considerada mais rara do estudo — perceber objetos como animados — ainda assim foi relatada por aproximadamente 18% dos participantes. 
Experiências não significam necessariamente doença
Uma das principais conclusões do estudo envolve justamente a relação entre essas experiências e a saúde mental.
Os autores destacam que muitos desses fenômenos aparecem em manuais clínicos associados a psicose, esquizofrenia e transtornos dissociativos. No entanto, afirmam que a alta frequência dessas vivências na população geral impede que elas sejam automaticamente interpretadas como sinais patológicos. 
Segundo os pesquisadores, experiências extraordinárias só podem receber interpretação clínica quando vêm acompanhadas de sofrimento psicológico, prejuízo funcional ou comprometimento do bem-estar. Sem essas informações adicionais, os dados não sustentam explicações patologizantes. 
Os autores defendem que o estudo da consciência humana depende justamente da integração entre relatos subjetivos e métodos científicos rigorosos. Para eles, experiências consideradas incomuns podem ajudar a compreender processos fundamentais da mente humana, como memória, percepção, emoção e construção de significado. 
LEIA TAMBÉM:
O que é 'dating déjà vu', que nos faz escolher sempre o mesmo tipo de parceiro
Como ciência explica experiência de 'presença sobrenatural'
Existem ou não? O que diz a ciência sobre os fantasmas",Fato,G1 Saúde / Oficial,https://g1.globo.com/saude/noticia/2026/05/24/sensacao-de-sair-do-proprio-corpo-viagem-astral-e-relatada-por-1-em-cada-5-brasileiros-em-pesquisa-sobre-experiencias-incomuns.ghtml
Cruz Vermelha lamenta morte de três voluntários por Ebola na República Democrática do Congo,"Entenda o Ebola em 7 pontos
A Federação Internacional das Sociedades da Cruz Vermelha e do Crescente Vermelho (IFRC) lamentou neste sábado (23) a morte de três voluntários na República Democrática do Congo (RDC). Eles faleceram durante o atual surto do vírus Ebola, que atinge o país e a vizinha Uganda. 
Os voluntários foram identificados como Alikana Udumusi Augustin, Sezabo Katanabo e Ajiko Chandiru Viviane. Eles teriam contraído o vírus no dia 27 de março, enquanto realizavam o manejo de corpos durante uma missão humanitária não relacionada a crise sanitária. Naquele momento, a crise ainda não havia sido identificada, tornando-os algumas das primeiras vítimas conhecidas. Eles faleceram entre os dias 5 e 16 de maio.
Na sexta-feira (22), a Organização Mundial da Saúde (OMS) elevou o nível de risco da epidemia na RDC de ""alto"" para ""muito alto"", o patamar máximo. E o diretor-geral da organização determinou, em 16 de maio de 2026, que o evento constitui uma emergência de saúde pública de importância internacional. 
""Esses voluntários ⁠perderam suas vidas enquanto ​serviam suas ​comunidades com coragem e humanidade"", disse a federação.
Agora no g1
No último balanço -- divulgado em 22 de maio pelo Centro de Controle e Prevenção de Doenças (CDC) americano, com dados dos Ministérios da Saúde da RDC e de Uganda --, um total de 744 casos suspeitos e 83 casos confirmados eram registrados. O informe aponta 176 mortes suspeitas. Entre as vítimas fatais na RDC, estão pelo menos quatro profissionais de saúde. 
Este atual surto é causado pela cepa Bundibugyo do vírus Ebola, identificada por meio de impressões digitais genéticas. Diferente de outras variantes, não existe uma vacina licenciada ou tratamento terapêutico específico para esta cepa. O ebola causa uma febre hemorrágica mortal, mas o vírus, que provocou mais de 15.000 mortes na África nos últimos 50 anos, é menos contagioso que a Covid-19 ou o sarampo.
O controle da doença depende de isolamento precoce e cuidados de suporte. Entretanto, a resposta sanitária enfrenta obstáculos severos, incluindo conflitos armados ativos nas províncias afetadas e os constantes deslocamentos forçados. Essas inseguranças dificultam o trabalho das equipes de vigilância e o transporte de amostras laboratoriais. A alta mobilidade da população e a porosidade das fronteiras ainda aumentam o risco de propagação para outros países da região. 
Profissionais de saúde com equipamentos de proteção do lado de fora do Hospital Geral de Referência durante ações de combate ao surto de Ebola, em 21 de maio de 2026, em Mongbwalu, na República Democrática do Congo
Getty Images/BBC
Autoridades de saúde alertam que a ausência de imunizante amplia a ameaça, exigindo uma mobilização internacional rápida para conter o avanço do vírus. 
Agências internacionais, como o CDC dos Estados Unidos, colaboram com as lideranças locais para fortalecer o rastreamento de contatos e a segurança nos portos de entrada. Medidas de triagem de viajantes e restrições de entrada estão sendo implementadas para evitar a exportação de casos. 
IFRC e a Cruz Vermelha da RDC reforçaram o compromisso de continuar apoiando as comunidades afetadas. A organização destacou a coragem e a dedicação extraordinária dos voluntários que atuam em ambientes de alto risco para proteger pessoas vulneráveis. 
Initial plugin text",Fato,G1 Saúde / Oficial,https://g1.globo.com/saude/noticia/2026/05/23/cruz-vermelha-lamenta-morte-de-tres-voluntarios-por-ebola-na-republica-democratica-do-congo.ghtml
Vacina britânica contra Ebola pode ficar pronta para testes em meses,"Cientistas de Oxford desenvolvem vacina contra o novo surto de Ebola
Cientistas da Universidade de Oxford, no Reino Unido, estão desenvolvendo uma nova vacina contra o vírus Ebola que deve ficar pronta para testes clínicos em dois a três meses e pode ajudar a enfrentar a atual emergência sanitária.
O surto em curso, concentrado na República Democrática do Congo, já registrou 750 casos suspeitos e 177 mortes.
Responsável pelo atual avanço dos casos, a variante Bundibugyo do Ebola é rara e ainda não possui vacinas validadas em testes. Ela mata cerca de um terço das pessoas infectadas.
Mesmo assim, os cientistas de Oxford afirmam trabalhar em ritmo acelerado caso o surto saia de controle e a vacina experimental precise ser utilizada.
Não há confirmação de que o imunizante funcione. Ainda serão necessários testes em animais e testes clínicos em humanos para confirmar a sua eficácia.
A Organização Mundial da Saúde (OMS) elevou o risco do atual surto de Ebola de ""alto"" para ""muito alto"" na República Democrática do Congo.
O surto em curso, concentrado na República Democrática do Congo, já registrou 750 casos suspeitos e 177 mortes
Getty Images/BBC
Segundo a OMS, o risco também passou a ser considerado alto na região afetada pelo surto, embora permaneça baixo em nível internacional.
A atualização do status do surto ocorreu depois de a OMS declarar, no último domingo (17/05), emergência de saúde pública de interesse internacional, ressaltando que o surto não configura uma pandemia (situação em que uma doença infecciosa ameaça muitas pessoas ao redor do mundo simultaneamente, como ocorreu com a Covid-19).
Uma outra vacina experimental contra a Bundibugyo também está em desenvolvimento, mas a previsão é que leve entre seis e nove meses para ficar pronta para testes.

BBC
A vacina que está sendo desenvolvida em Oxford usa a mesma tecnologia trabalhada pela equipe durante a pandemia de Covid-19.
Trata-se de uma tecnologia altamente adaptável, conhecida como ChAdOx1, que pode ser rapidamente ajustada para combater diferentes infecções.
Durante a pandemia, ela foi carregada com código genético do coronavírus. Desta vez, os cientistas utilizaram material genético da variante Bundibugyo do Ebola.
A tecnologia emprega um vírus de resfriado comum que normalmente infecta chimpanzés, mas que foi modificado geneticamente para se tornar seguro para humanos.
Os pesquisadores envolvidos no desenvolvimento da vacina usam esse vírus da gripe modificado para transportar e entregar às células informações genéticas importantes sobre o vírus Ebola Bundibugyo. Com isso, o organismo aprende a reconhecer e a combater a doença real.
A vacina não provoca infecção nem sintomas de Ebola, mas prepara o sistema imunológico para oferecer proteção.
A BBC apurou que os testes em animais já estão em andamento em Oxford.
Assim que a Universidade de Oxford disponibilizar o material em padrão farmacêutico, o Serum Institute da Índia deve iniciar a produção em larga escala da vacina contra o Ebola.
""Assim que entregarmos o material inicial, eles poderão produzir rapidamente e em grande escala"", afirmou à BBC News a professora Teresa Lambe, diretora de imunologia de vacinas do Oxford Vaccine Group.
Segundo a OMS, a vacina poderá estar disponível para uso em testes clínicos dentro de dois a três meses.
De acordo com Lambe, do Oxford Vaccine Group, agir rapidamente é uma prioridade. 
""As pessoas estão preocupadas com esse surto. Em geral, é preciso se preparar para o pior cenário possível. Esperamos que o rastreamento de contatos e quarentena sejam suficientes, mas não podemos desacelerar"", afirmou.

BBC
O atual surto de Ebola representa um desafio porque é causado por uma variante rara do vírus.
Existem seis espécies do vírus Ebola, mas apenas três provocam grandes surtos em humanos.
O vírus Bundibugyo causou apenas dois surtos anteriores — em Uganda, em 2007, e na República Democrática do Congo, em 2012 — e não era detectado havia mais de uma década.
Já existe uma vacina contra a variante Zaire, mais comum, mas ainda não há uma vacina comprovadamente eficaz para a Bundibugyo.
As vacinas contra o Ebola não seriam aplicadas em massa da mesma forma que ocorreu durante a pandemia de Covid-19.
Em vez disso, elas são usadas em uma estratégia conhecida como vacinação em anel, na qual apenas as pessoas com maior risco de infecção são imunizadas. Isso inclui contatos próximos de pacientes com Ebola e profissionais de saúde que tratam pessoas infectadas, que podem transmitir o vírus com facilidade.
A equipe de pesquisadores de Oxford já vinha trabalhando em vacinas semelhantes para a variante Sudão do vírus Ebola e para o vírus de Marburg.
Profissionais de saúde com equipamentos de proteção do lado de fora do Hospital Geral de Referência durante ações de combate ao surto de Ebola, em 21 de maio de 2026, em Mongbwalu, na República Democrática do Congo
Getty Images/BBC
O que é Ebola e quais são os sintomas?
Ebola é uma doença rara, mas mortal, causada por um vírus.
O vírus do Ebola normalmente infecta animais, geralmente morcegos frugívoros, mas surtos entre humanos às vezes podem começar quando as pessoas comem ou manuseiam animais infectados.
Os sintomas levam de dois a 21 dias para aparecer. Eles surgem repentinamente e começam como se fosse uma gripe, com febre, dor de cabeça e cansaço.
À medida que a doença progride, surgem vômitos e diarreia, podendo levar à falência de órgãos. Alguns pacientes, mas não todos, desenvolvem hemorragias internas e externas.
O vírus se espalha de uma pessoa para outra pelo contato com fluidos corporais infectados, como sangue ou vômito.
O que está sendo feito para conter o surto?
O governo da República Democrática do Congo enviou equipes de saúde para Bunia com equipamentos de proteção.
A OMS e a organização médica Médicos Sem Fronteiras (MSF) também estão presentes. Elas estão montando centros de tratamento e trabalhando em um plano de resposta.
Foi disponibilizado um número gratuito para a comunicação de sintomas.
Os residentes foram incentivados a tomar medidas como:
ligar imediatamente ao surgirem sintomas
evitar contato com corpos de pessoas que morreram com sintomas ou com animais mortos
não consumir carne crua, pois alimentos mal cozidos podem transmitir o vírus
praticar distanciamento social
*Reportagem adicional Emery Makumeno e Hafsa Khalil",Fato,G1 Saúde / Oficial,https://g1.globo.com/saude/noticia/2026/05/23/vacina-britanica-contra-ebola-pode-ficar-pronta-para-testes-em-meses.ghtml
"Tenda de tratamento de Ebola é incendiada novamente no Congo, e pacientes suspeitos fogem de centro de saúde","Um funcionário da limpeza urbana da prefeitura de Bunia pulveriza cloro para desinfetar o mercado central, enquanto a província de Ituri continua a combater um surto de Ebola
AP/Moses Sawasawa
Uma tenda usada no tratamento de pacientes com Ebola foi incendiada pela segunda vez em menos de uma semana no leste da República Democrática do Congo, em meio ao avanço de um surto da variante Bundibugyo, uma forma rara do vírus para a qual não há vacina aprovada.
Segundo autoridades locais, o ataque aconteceu na noite de sexta-feira (22), na cidade de Mongbwalu, considerada o epicentro do surto. Homens não identificados atearam fogo à estrutura montada pela organização humanitária Médicos Sem Fronteiras, usada para atender casos suspeitos e confirmados da doença.
Com o incêndio, 18 pessoas com suspeita de infecção fugiram da unidade de saúde e desapareceram na comunidade, informou o diretor do Hospital Geral de Referência de Mongbwalu, Richard Lokudi.
“Condenamos veementemente este ato, porque ele provocou pânico entre os profissionais de saúde e resultou na fuga de casos suspeitos para a comunidade”, afirmou o médico à agência Associated Press.
O episódio ocorre um dia após outro centro de tratamento, na cidade de Rwampara, também ter sido incendiado. Segundo relatos locais, o ataque aconteceu depois que familiares foram impedidos de recuperar o corpo de um morador morto pela doença.
Cientistas de Oxford desenvolvem vacina contra o novo surto de Ebola
Corpos de vítimas de Ebola podem continuar altamente contagiosos após a morte, especialmente durante rituais funerários e preparação para enterros. Por isso, em surtos da doença, autoridades sanitárias costumam restringir velórios tradicionais e realizar sepultamentos controlados, medida que frequentemente gera tensão com comunidades locais.
Neste sábado (23), enterros de pacientes ocorreram sob forte esquema de segurança em Rwampara. Equipes da Cruz Vermelha relataram resistência de moradores durante as operações.
“Ao chegarmos à estrutura de saúde, enfrentamos muitas dificuldades, incluindo resistência de jovens e da comunidade. Tivemos que pedir apoio das autoridades por segurança”, afirmou David Basima, líder da equipe responsável pelos enterros.
Trabalhadores de saneamento do governo da cidade de Bunia pulverizam desinfetante na área do mercado central, perto de um caminhão de lixo, na província de Ituri, enquanto continuam os esforços para combater o surto de Ebola em Bunia
AP/Moses Sawasawa
OMS eleva nível de risco
Na sexta-feira (22), autoridades da província de Ituri proibiram velórios e reuniões com mais de 50 pessoas para tentar conter o avanço do vírus.
A Organização Mundial da Saúde (OMS) também elevou o nível de risco do surto no Congo de “alto” para “muito alto”. Apesar disso, o órgão considera baixo o risco de disseminação global da doença.
O diretor-geral da OMS, Tedros Adhanom Ghebreyesus, afirmou que já foram confirmados 82 casos e sete mortes no país, mas alertou que o número real pode ser significativamente maior.
Isso porque a variante Bundibugyo circulou durante semanas sem ser identificada. Os primeiros pacientes testavam negativo para a cepa mais comum do Ebola, o que atrasou a confirmação do surto.
Atualmente, autoridades monitoram cerca de 750 casos suspeitos e 177 mortes suspeitas, números que ainda dependem de confirmação laboratorial.
Mototaxistas e seus passageiros aguardam na entrada do mercado central enquanto equipes de saneamento desinfetam a área, em meio ao combate ao surto de Ebola na província de Ituri, em Bunia, Congo, no sábado, 23 de maio de 2026.
AP/Moses Sawasawa
Variante rara não tem vacina
A cepa Bundibugyo é uma das formas mais raras do Ebola e, diferentemente da variante Zaire —responsável por surtos anteriores e para a qual existe vacina—, ainda não possui imunizante aprovado.
A diretora-geral do Centro Africano de Controle e Prevenção de Doenças, Jean Kaseya, afirmou que a resposta ao surto depende não apenas de medidas médicas, mas também da reconstrução da confiança entre autoridades e comunidades locais.
A Federação Internacional das Sociedades da Cruz Vermelha e do Crescente Vermelho informou neste sábado que três voluntários morreram após contrair o vírus em Mongbwalu durante operações de remoção de corpos realizadas em março.
Segundo a entidade, isso indica que o vírus pode ter começado a circular semanas antes da primeira morte oficialmente reconhecida, registrada no fim de abril na cidade de Bunia, capital da província de Ituri.",Fato,G1 Saúde / Oficial,https://g1.globo.com/saude/noticia/2026/05/23/tenda-de-tratamento-de-ebola-e-incendiada-novamente-no-congo-e-pacientes-suspeitos-fogem-de-centro-de-saude.ghtml
Hospitais infantis usam cães de apoio para reduzir estresse e ajudar na recuperação de crianças,"Grover, o cão de serviço do Hospital Infantil de Cincinnati (à esquerda), observa a paciente Kira Hodge nos Estúdios Seacrest do hospital.
AP/Carolyn Kaster
Um menino de 5 anos preso a fios e tubos conseguiu se levantar ao lado da cadeira de rodas para jogar uma bolinha para a cadela Hadley no pátio de um hospital infantil em Cincinnati, nos Estados Unidos. Ele estava há mais de um mês sem sair de casa. Sorriu quando a labradora correu para buscar o brinquedo — e recebeu aplausos dos cuidadores.
Cenas como essa têm se tornado mais comuns em hospitais pediátricos americanos que passaram a incorporar cães de apoio em tempo integral à rotina de atendimento. 
Diferentemente dos cães de terapia levados por voluntários para visitas ocasionais, esses animais são treinados para atuar diariamente ao lado de equipes médicas, ajudando crianças a enfrentar procedimentos invasivos, períodos longos de internação e tratamentos desgastantes.
Especialistas afirmam que o número desses programas vem crescendo nos últimos anos, impulsionado também por pesquisas que indicam benefícios físicos e emocionais para os pacientes.
Segundo Kerri Rodriguez, diretora do Laboratório de Vínculo Humano-Animal da Universidade do Arizona, mesmo interações breves com cães de assistência podem reduzir sinais de estresse, como pressão arterial e níveis de cortisol, além de melhorar o bem-estar geral das crianças.
Hadley, o cão de assistência do Hospital Infantil de Cincinnati, está sentado aos pés de Bethany Striggles, de 11 anos, que recentemente terminou um tratamento de quimioterapia para câncer ósseo.
AP/Carolyn Kaster
“Eles podem proporcionar um pouco de normalidade e conforto em um ambiente muito estressante”, afirmou a pesquisadora.
Programas crescem em hospitais pediátricos
Não há um levantamento oficial sobre quantos cães atuam hoje em hospitais infantis dos EUA, mas especialistas relatam expansão acelerada da prática. A participação em um encontro anual voltado a cães de apoio hospitalar quase dobrou entre 2024 e 2025, segundo Rodriguez.
Hospitais como o Mount Sinai Kravis Children's Hospital, em Nova York, o Norton Children's Hospital, em Kentucky, e o St. Louis Children's Hospital já utilizam cães de assistência há anos. Outros programas continuam sendo criados. Em março, o Johns Hopkins Children's Center apresentou seus dois primeiros cães de apoio.
Os animais geralmente são fornecidos por organizações sem fins lucrativos especializadas em treinamento de cães de assistência. Embora os hospitais não paguem pela adoção dos cães, assumem despesas como alimentação, veterinário e manutenção.
Calvin Owens, de cinco anos, joga uma bola para Hadley, o cão de apoio da instituição, durante uma sessão de fisioterapia no pátio do Hospital Infantil de Cincinnati
AP/Carolyn Kaster
Estudos apontam redução de dor e ansiedade
Pesquisas recentes reforçam os efeitos positivos da chamada terapia assistida por animais.
Um estudo publicado em 2022 analisou relatos de profissionais de saúde de 17 hospitais pediátricos e concluiu que os cães ajudavam a criar vínculos, trazer conforto e tornar o ambiente hospitalar menos hostil para pacientes e famílias. Outro trabalho, publicado em 2021 no Journal of Pediatric Nursing, indicou melhora no controle da dor e da pressão arterial em crianças e adolescentes submetidos a terapias com animais.
Os cães também podem incentivar as crianças a se movimentarem mais durante a recuperação.
Foi o caso de Bethany Striggles, de 11 anos, que terminou recentemente um tratamento de quimioterapia para câncer ósseo. Ela passou a brincar regularmente com Hadley pelos corredores do hospital.
“Ela me ajuda a me exercitar mais”, contou a menina.
Calvin Owens, de cinco anos, o segundo da esquerda para a direita, joga uma bola para Hadley, o cão de assistência da instituição.
AP/Carolyn Kaster
Controle rigoroso de higiene
Por circularem em áreas sensíveis dos hospitais, os cães seguem protocolos rígidos de higiene.
Hadley, por exemplo, atua na ala de oncologia e doenças hematológicas do Hospital Infantil de Cincinnati, onde muitos pacientes têm imunidade comprometida. Ela toma banho duas vezes por mês e passa por limpezas extras sempre que necessário. Pacientes e profissionais também precisam higienizar as mãos antes e depois do contato com os animais.
Em casos de isolamento hospitalar, os cães normalmente não entram nos quartos. A exceção ocorre quando pacientes em estado terminal pedem a presença do animal como forma de conforto emocional.
Mais do que companhia
Além do apoio às crianças internadas, os cães também ajudam familiares a enfrentar o período de hospitalização.
A adolescente Aspen Franklin, de 14 anos, que trata uma doença autoimune grave, criou um forte vínculo com Hadley durante internações frequentes. Segundo a mãe dela, a presença da cadela ajuda inclusive os irmãos da paciente, que ficam afastados dos próprios animais de estimação durante o período no hospital.
No fim do expediente, Hadley retorna ao espaço reservado para descanso dentro do hospital. Acima da cama, há um mural repleto de desenhos, cartas e mensagens deixadas pelas crianças.
Uma delas resume o papel que esses cães passaram a ocupar na rotina hospitalar: “Obrigada por ser minha melhor amiga”.",Fato,G1 Saúde / Oficial,https://g1.globo.com/saude/noticia/2026/05/23/hospitais-infantis-usam-caes-de-apoio-para-reduzir-estresse-e-ajudar-na-recuperacao-de-criancas.ghtml
Uganda confirma novos casos de ebola e deixa OMS em alerta com expansão da doença na África Central,"Entenda o Ebola em 7 pontos
Três novos casos de ebola foram confirmados neste sábado (23) em Uganda, elevando para cinco o total de infecções no país desde 15 de maio. A doença, ligada à epidemia no leste da República Democrática do Congo, preocupa a OMS pelo risco “muito elevado” de expansão. Sem vacina específica para a cepa atual, autoridades reforçam o monitoramento de contatos enquanto cientistas aceleram estudos para tratamentos e respostas à crise sanitária.
Três novos casos de ebola foram confirmados neste sábado (23) em Uganda, ampliando a preocupação com a expansão regional da doença a partir do leste da República Democrática do Congo (RDC), onde a atual epidemia apresenta risco “muito elevado” para a saúde pública, segundo a Organização Mundial da Saúde (OMS).
O Ministério da Saúde de Uganda informou que o total de infecções no país chegou a cinco desde a confirmação oficial da presença do vírus em 15 de maio. Na ocasião, dois casos haviam sido detectados, incluindo uma morte.
As autoridades detalharam que os novos pacientes são um motorista ugandense que havia transportado o primeiro caso confirmado no país e uma profissional de saúde contaminada durante o atendimento prestado a esse paciente. Ambos estão atualmente em tratamento.
O terceiro caso recém-confirmado envolve uma mulher congolesa que chegou ao país por via aérea, o que reforça o papel da mobilidade na disseminação da doença em uma região com intensa circulação transfronteiriça.
LEIA TAMBÉM: 
Ebola na República Democrática do Congo e Uganda: qual é o risco real de o vírus chegar ao Brasil?
Novo surto de Ebola na África: o que (não) mudou em uma década?
Ebola: risco é elevado para 'muito alto' na RDC; chefe da OMS na África adverte contra subestimar propagação
Cartaz com os números de contato de emergência para o Ebola está afixado em uma tenda na passagem de fronteira de Busunga, entre Uganda e a República Democrática do Congo, em Bundibugyo, em 18 de maio de 2026
BADRU KATUMBA / AFP
De acordo com o governo ugandense, todas as pessoas que tiveram contato com os infectados foram identificadas e estão sob monitoramento contínuo, com o objetivo de interromper cadeias de transmissão.
A OMS mantém uma mobilização internacional diante do avanço da epidemia, que se concentra principalmente no leste da RDC, área marcada por desafios históricos de infraestrutura de saúde e segurança.
Interrupção de transporte e vigilância ampliada Como medida preventiva, Uganda suspendeu na quinta-feira (21) todos os transportes públicos com destino à RDC, buscando conter a entrada de novos casos importados. A decisão reflete a preocupação com a rapidez da propagação do vírus em países com fronteiras extensas e de difícil controle.
Na RDC, onde vivem cerca de 100 milhões de pessoas, há quase 750 casos suspeitos e 177 mortes também suspeitas associadas ao ebola, segundo dados divulgados na sexta-feira (22) pelo diretor-geral da OMS, Tedros Adhanom Ghebreyesus.
Segundo o dirigente, a doença “se propaga rapidamente”, o que eleva a urgência de respostas coordenadas entre autoridades nacionais, organismos internacionais e organizações humanitárias.
A atual epidemia é causada por uma variante do vírus conhecida como cepa Bundibugyo, menos comum do que a variante Zaire, historicamente responsável pelos surtos mais letais.
A ausência de vacina específica e de tratamento plenamente aprovado para essa cepa limita as ferramentas disponíveis para conter o avanço da doença, tornando medidas básicas de saúde pública ainda mais essenciais (isolamento de casos, rastreamento rigoroso de contatos e  adoção de protocolos de proteção por profissionais de saúde e pela população em áreas afetadas).
Comunidade científica acelera busca por tratamentos Diante do agravamento do cenário, a mobilização não ocorre apenas no campo sanitário, mas também na pesquisa científica internacional. Na sexta-feira (22), o Consórcio de Pesquisa sobre Filovírus organizou uma reunião global de emergência em formato virtual, com apoio da OMS.
O encontro reuniu mais de 1.300 participantes e teve como objetivo fazer um levantamento das ferramentas disponíveis e definir prioridades para o desenvolvimento de respostas médicas mais eficazes.
Entre as necessidades mais urgentes está a criação de tratamentos específicos para pacientes que deverão ser internados em centros especializados de atendimento ao ebola, cuja implantação está em andamento no leste da RDC.
Especialistas apontam duas linhas principais de investigação. A primeira envolve anticorpos monoclonais, incluindo um desenvolvido por um laboratório norte-americano com financiamento do governo dos Estados Unidos.
A segunda linha considera antivirais de amplo espectro, como o remdesivir, já aprovado para o tratamento da Covid-19 e produzido pela farmacêutica Gilead.
Segundo Julien Potet, responsável por vacinas na organização Médicos Sem Fronteiras (MSF), ainda serão necessárias semanas de coordenação antes da definição de protocolos clínicos rigorosos e amplamente aceitos para testar essas alternativas.
Desafios logísticos e acesso a tratamentos Embora o avanço da pesquisa seja considerado fundamental, especialistas alertam para a necessidade de não perder de vista os desafios práticos enfrentados nas áreas afetadas pela epidemia.
Para organizações humanitárias como a MSF, a eficácia da resposta dependerá não apenas da descoberta de tratamentos e vacinas, mas também da capacidade de disponibilizá-los em condições reais de uso nos países atingidos.
Isso inclui a definição de modelos de financiamento e produção que garantam acesso em larga escala, com preços compatíveis com a realidade econômica da região.
O histórico de epidemias anteriores demonstra que a disponibilidade de medicamentos e vacinas pode ser limitada por fatores como custo, logística de distribuição e capacidade dos sistemas de saúde locais.
Nesse contexto, especialistas defendem que o planejamento econômico e operacional seja iniciado paralelamente à pesquisa científica, para evitar atrasos na resposta.
A preocupação central é assegurar que, uma vez comprovada a eficácia de novas ferramentas médicas, elas possam ser rapidamente implementadas no combate à doença em áreas vulneráveis.",Fato,G1 Saúde / Oficial,https://g1.globo.com/saude/noticia/2026/05/23/uganda-confirma-novos-casos-de-ebola.ghtml
"'Se a morte vier me buscar, vai me encontrar vivendo': inglês com ELA foi diagnosticado por brasileira após sistema britânico rejeitar hipótese","Inglês com ELA foi diagnosticado por brasileira após sistema britânico rejeitar hipótese
Johnny Butcher, 29, segurava um copo vazio quando o objeto escorregou da mão esquerda e caiu no chão. Ele estranhou.
""Esse copo estava muito pesado"", disse.
Tinha 28 anos. Jogava futebol toda semana, praticava esportes, trabalhava normalmente. Era um mês depois da lua de mel.
Nos meses seguintes, enquanto o sistema público de saúde britânico insistia que ele era jovem demais para ter esclerose lateral amiotrófica (ELA), uma neurologista brasileira identificaria, por videochamada, o que os médicos na Inglaterra não quiseram enxergar.
O casal Johnny e Ana
Arquivo Pessoal
Tudo que ele tinha
Johnny e Ana Clara Butcher se conheceram em 2023 por um aplicativo de namoro cristão. Ele é inglês, ela é brasileira. Ele foi ao Brasil conhecê-la, se apaixonou pelo país e pela família dela. Quando viajou à Inglaterra para namorar, noivaram.
Para pagar o casamento, vendeu a casa e o carro. O dinheiro custeou o visto dela, as passagens dos familiares brasileiros e a cerimônia. Se casaram em setembro de 2024.
A lua de mel aconteceu numa cidade do interior do Reino Unido. Na primeira noite, Johnny reclamou de uma dor persistente no ombro esquerdo que não o deixava dormir. O casal imaginou que fosse do futebol.
Com o passar das semanas, outros sintomas se acumularam. A mão esquerda perdia força. Tremores surgiram. A perna esquerda passou a falhar. Johnny parou de jogar futebol.
O casal Johnny e Ana
Arquivo Pessoal
Doença avançava enquanto os exames não achavam nada
Em fevereiro de 2025, o casal procurou atendimento pelo National Health Service (NHS), o sistema público de saúde britânico. Um fisioterapeuta examinou Johnny e pediu uma ressonância magnética da coluna. Normal. O NHS encaminhou para uma ressonância do cérebro. Normal também.
Enquanto os exames não mostravam alterações, a fraqueza se espalhava. A mão esquerda tremia. A perna esquerda perdia força. Johnny parou de jogar futebol. Começou fisioterapia intensiva três vezes por semana —levantamento de peso, alongamento— e continuou piorando. Meses depois, um diagnóstico: transtorno neurológico funcional, condição que costuma alternar períodos de melhora e piora.
Johnny não melhorava. Só piorava.
Foi então que o casal levantou a hipótese de ELA. A família dele carregava um histórico grave da doença: o bisavô havia tido, o avô também, e um tio materno estava vivo quando Johnny começou a apresentar os primeiros sintomas —e foi esse tio quem sugeriu ao sobrinho que investigasse. A mãe havia sido diagnosticada com Alzheimer, condição que, em alguns casos, compartilha mutações genéticas associadas à ELA.
Segundo Ana, o médico inglês riu.
""Ele disse que era impossível. Que só seria possível se a mãe do Johnny tivesse a doença —não o avô, não o bisavô; só se fosse a mãe"", conta ao g1. ""E que ele era jovem demais.""
O NHS orientou o casal a retornar oito meses depois para reavaliação.
O casal Johnny e Ana
Arquivo Pessoal
Médica brasileira viu o que os outros não viram
Com o pouco que restava das economias, o casal passou a buscar neurologistas brasileiros por teleconsulta. Dois descartaram a hipótese. A terceira não.
Maiara Silva Tramonte é neurologista e paliativista. Atende em Curitiba e leciona na Pontifícia Universidade Católica do Paraná (PUC-PR) e na Faculdade Pequeno Príncipe. Chegou ao caso por indicação de uma aluna.
Na videochamada, pediu que Johnny se levantasse, observou alguns movimentos e ouviu o histórico familiar.
""O que chamou a atenção foi a combinação dos sintomas, a forma como ele estava evoluindo e a história familiar, que era bastante relevante. A teleconsulta tem limitações, mas com o que eu tinha de história clínica e o que consegui examinar, já levantei a suspeita"", explica a médica.
Tramonte solicitou uma eletroneuromiografia —exame capaz de detectar alterações compatíveis com ELA. O NHS recusou o encaminhamento: ela era médica estrangeira.
Foi então que Ana levou a história para as redes sociais. Até aquele momento, quase ninguém fora da família sabia. Entre as mensagens que recebeu, encontrou a indicação de uma clínica de médicos brasileiros em Londres. Em duas semanas, o exame estava marcado.
O diagnóstico
A técnica que realizou a eletroneuromiografia disse que não era autorizada a explicar o que o resultado do exame significava. Ana sentiu que algo havia dado errado. Recebeu o laudo por e-mail e o encaminhou direto para Tramonte, sem abrir.
A videochamada de retorno aconteceu numa segunda-feira, ao meio-dia.
""A doutora disse que sentia muito. Que já tinha analisado o exame e que, infelizmente, o Johnny tinha esclerose lateral amiotrófica —e de progressão rápida"", diz Ana à reportagem
 ""A gente desabou.""
Johnny ligou para o pai. O homem mora a 25 minutos de carro. Chegou em dez. Abraçou o filho. Choraram juntos. A mãe de Johnny, que tem Alzheimer, não soube da notícia naquele dia. À noite, os três irmãos chegaram. Johnny deu a notícia para cada um.
Segundo Ana, foi a única vez que o viu chorar daquela forma. A partir do dia seguinte, Johnny não chorou mais.
""Ele falou: 'se a morte vier me buscar, vai me encontrar vivendo'"", conta Ana.
Fez uma lista de tudo que quer fazer antes de partir. Parte dela é só para o Brasil —país pelo qual se apaixonou quando conheceu a esposa. Um dos planos é levar o pai para conhecer o país.
O casal Johnny e Ana
Arquivo Pessoal
O que é a ELA
A esclerose lateral amiotrófica é uma doença neurodegenerativa que destrói progressivamente os neurônios motores —as células responsáveis por transmitir ao músculo os comandos do cérebro. À medida que essas células morrem, funções como andar, falar, engolir e respirar passam a ser comprometidas.
Segundo Marco Aurélio Troccoli Chieia, coordenador do Departamento de Doenças do Neurônio Motor da Academia Brasileira de Neurologia (ABN) e presidente da Associação Brasileira de Esclerose Lateral Amiotrófica (AbrELA), o corpo humano tem cerca de um bilhão de neurônios motores —as maiores células do organismo. Os sintomas só aparecem quando aproximadamente 25% a 30% dessas células já foram comprometidas, o que significa que a doença avançou bastante antes de qualquer sinal se manifestar.
""Quando o neurônio motor começa a falhar, o organismo perde, progressivamente, a capacidade de executar funções básicas"", explica Chieia.
A ELA é a terceira doença neurodegenerativa mais frequente, atrás apenas do Alzheimer e do Parkinson. Não tem cura. Os tratamentos buscam retardar a progressão e preservar funções vitais pelo maior tempo possível.
""Nem sempre conseguimos mudar o curso da doença, mas sempre conseguimos cuidar da pessoa"", diz Tramonte.
Estágio 3, progressão acelerada
A doença de Johnny está no estágio 3 de 5. Dois meses atrás, ele ainda se levantava do sofá sozinho, tomava banho sem ajuda, andava sem apoio. Hoje, Ana faz tudo.
Ele dorme entre 12 e 14 horas por dia. Os espasmos musculares já aparecem nos braços e nas pernas. A respiração começa a ser afetada —o sintoma que, nos casos de ELA, costuma ser determinante para a sobrevida. A fala, por enquanto, permanece. Mais lenta. Às vezes interrompida por um gole d'água antes de continuar.
""Acho que, se eu não pudesse mais conversar com ele, seria muito difícil"", diz Ana.
O casal já estuda o uso de um equipamento de rastreamento ocular —tecnologia que permite ao paciente se comunicar por meio do olhar—, para quando a voz não vier mais.
O NHS fornece riluzol, medicamento aprovado para retardar a progressão da ELA, com efeito limitado sobre a sobrevida. Recentemente, Johnny conseguiu autorização para usar edaravona —medicamento aprovado em outros países e em processo de incorporação ao Sistema Único de Saúde (SUS). A medicação foi doada por uma paciente brasileira com ELA que, quando diagnosticada, tinha expectativa de vida de três anos. Já completa nove.
O custo de tratar uma doença rara
O tratamento adequado para ELA exige acompanhamento de equipe multidisciplinar especializada: neurologista, fisioterapeuta respiratório e motor, fonoaudiólogo, nutricionista, psicólogo. 
No sistema privado brasileiro, arcar com essa estrutura completa custa, segundo Chieia, ao menos R$ 50 mil a R$ 60 mil por mês.
No caso de Johnny, a fisioterapeuta indicada pelo NHS não está autorizada a tocar no paciente. Pode apenas demonstrar os exercícios para que Ana os reproduza em casa. Quando Ana foi ao Brasil e consultou fisioterapeutas especializados em doenças neurológicas, ouviu que o protocolo britânico era insuficiente.
'Estou destruída. Vivo um dia de cada vez'
Ana tem 27 anos. Vive a mais de 9 mil quilômetros da família. É a única provedora da casa desde que Johnny deu entrada na aposentadoria por invalidez. Trabalha meio período e em regime remoto —o que lhe permite estar presente para cuidar do marido em tempo integral.
""O Johnny é tudo para mim. É a minha base, o meu mundo. Vê-lo definhando aos poucos, perceber que estou perdendo ele, é devastador"", afirma. ""Estou destruída. Tento viver um dia de cada vez.""
Quem a sustenta emocionalmente, diz ela, é o próprio Johnny.
""Ele é uma pessoa extremamente positiva. Nunca reclama.""
Hoje, Johnny fala mais devagar. Às vezes precisa parar no meio da frase. Mas continua falando. E Ana diz que ainda se agarra à voz dele —à espera do dia em que a tecnologia vai precisar assumir o lugar das palavras.
Com ELA, mulher passa 150 dias em UTI enquanto plano de saúde nega home care",Fato,G1 Saúde / Oficial,https://g1.globo.com/saude/noticia/2026/05/23/se-a-morte-vier-me-buscar-vai-me-encontrar-vivendo-ingles-com-ela-foi-diagnosticado-por-brasileira-apos-sistema-britanico-rejeitar-hipotese.ghtml
Novo surto de Ebola na África: o que (não) mudou em uma década?,"Entenda o Ebola em 7 pontos
Após dez anos do que foi considerado o surto de Ebola mais grave já registrado, a doença novamente avança com rapidez, agora na República Democrática do Congo. Em junho de 2016, a epidemia da África Ocidental foi declarada encerrada com 11.325  mortes e sete países com registros de contágio.  
➡️Até o momento há, oficialmente, 84 casos confirmados da doença (82 na República Democrática do Congo e dois em Uganda), mas 750 casos são investigados e foram registradas 177 mortes suspeitas por Ebola. Oito óbitos pela doença foram confirmados. 
O novo surto – dessa vez na África Central – mostra que, apesar da experiência global no enfrentamento da doença, a iminência de novos surtos é realidade e o cenário segue desafiador. 
Segundo especialistas ouvidos pelo g1, dois fatores principais contribuíram para o novo surto, e se apresentam como obstáculos para manejo da doença:
O surto ser causado pela variante Bundibugyo, menos detectável pelos testes  e sem vacina ou tratamento aprovados.
O contexto humanitário mais complexo, de guerra civil e de grandes deslocamentos populacionais.
Nesse contexto, a letalidade da nova variante é algo bastante preocupante, analisa Kleber Luz, médico infectologista da UFRN e consultor da Organização Mundial da Saúde (OMS) para a elaboração de diretrizes estratégicas para prevenção e controle das arboviroses.
Ele alerta sobre a letalidade da variante, que parece ser ainda maior do que as anteriores.
""Esse surto de 2026 é um surto que afetou muitas pessoas e também está presente em mais de um país. Isso preocupa, a impressão que se tem é que se trata de um vírus de maior transmissibilidade"", analisa o infectologista.
➡️Nesta reportagem abaixo, você entende:
Quais foram os avanços no enfrentamento da doença nos últimos anos
Detalhes sobre as dificuldades em conter os casos atuais de Ebola
Como as particularidades culturais e religiosas ainda são um entrave no combate à doença
Em que medida o Ebola é uma preocupação a nível internacional
De 2016 a 2026, o que mudou?
O enfrentamento de um grande surto de qualquer doença – como aconteceu com o Ebola na África Ocidental de 2014 a 2016 – deixa lições sobre como lidar com o vírus.
Para Rachel Soeiro, médica da organização humanitária internacional Médicos Sem Fronteiras que trabalhou na Guiné durante a epidemia de 2014, o principal ensinamento desse período é que a resposta ao Ebola deve se basear em um conjunto de ações, que continuam sendo aplicadas atualmente.
A especialista, que atualmente comanda o braço da ONG dedicado a ampliar o acesso a medicamentos, vacinas e diagnósticos, destaca as principais medidas que perduram desde o último surto:
Isolamento e tratamento dos pacientes
Rastreamento e monitoramento de contatos
Ações de engajamento comunitário
Busca ativa de casos
Fortalecimento das estruturas de saúde locais
Sepultamentos seguros
A testagem, aprendida em 2016, foi intensificada neste ano. Duas semanas após a declaração do surto, mais de 90% dos casos confirmados estavam sendo monitorados, de acordo com a OMS. 
Atendimento à população na República Democrática do Congo.
Jornal Nacional/ Reprodução
É importante lembrar que, há dez anos, a República Democrática do Congo foi afetada pelo surto, mas em condições menos intensas que a epidemia na África Ocidental.
""O engajamento comunitário tem uma importância especial, porque sem ele não é possível implementar as outras medidas"", analisa a médica.
Kleber Luz também ressalta a melhoria do treinamento das organizações para o controle da doença, focando especialmente na gestão da circulação de pessoas que passaram por uma região suspeita.
""As medidas podem ser praticamente as mesmas, mas as equipes, até em virtude também da Covid-19, estão mais desenvolvidas"", pontua.
 Apenas em 2022, a OMS publicou uma diretriz de enfretamento da doença. Pela primeira vez, o documento internacional trazia recomendações específicas de tratamento para profissionais de saúde — inclusive com indicação de medicamentos com eficácia comprovada para a infecção. 
Ebola na República Democrática do Congo e Uganda: qual é o risco real de o vírus chegar ao Brasil?
As dificuldades no controle dos casos
Ainda que as equipes estejam mais preparadas, haja precedente de tratamento e as ações sejam mais definidas para combater o vírus do que em surtos anteriores, o enfrentamento da doença enfrenta diversas dificuldades.
A primeira, segundo os especialistas, vem da própria mutação do vírus.
👉O surto atual é causado pela variante Bundibugyo, que já havia sida identificada anteriormente, mas permanece sendo rara. Esse é apenas o terceiro surto registrado com esse vírus, após episódios em 2007–2008 e 2012.
""O principal fator que diferencia este vírus é que vacinas e tratamentos que podem ser usados com sucesso contra as variantes mais comuns não funcionam ou tem eficácia muito pequena contra ele. As poucas pesquisas existentes mostram resultados pouco promissores ou inconclusivos"", explica Soeiro.
Além disso, o diagnóstico desse tipo de variante é mais complexo, porque os testes rápidos utilizados anteriormente não são tão eficazes na detecção.
A própria OMS afirmou que a falta de testes específicos está atrasando a resposta ao vírus no país africano. De acordo com a organização, a região afetada consegue realizar apenas seis testes por hora para identificar a cepa Bundibugyo.
Isso, somado ao fato de não existirem tratamentos específicos para esse tipo de vírus, nem vacinas aprovadas, permite que os casos se espalhem rapidamente.
Outro ponto enfatizado pelos especialistas é que a realidade de conflitos armados ativos na região, deslocamentos contínuos de uma grande quantidade de pessoas por conta da violência e infraestrutura de saúde fragilizada são fatores determinantes para a dificuldade de combate ao vírus.
➡️Em 2025, conflito armado na região se intensificou, e atingiram a marca de 7 mil mortes em janeiro. Em setembro do ano passado, 8,2 milhões de pessoas estavam deslocadas, número que deverá chegar a 9 milhões até o final de 2026, incluindo 5,8 milhões de deslocados internos, de acordo com a ACNUR.
""Esses fatores dificultam a vigilância epidemiológica, impedem o rastreamento de contatos e limitam o acesso da população a cuidados. Isso indica que, neste sentido, a resposta ao surto atual pode ser mais desafiadora do que na epidemia de 2014-16"", compara Rachel.
Influências culturais e religiosas
Desde surtos anteriores, especialmente o de 2014 a 2016, se sabe que os rituais religiosos característicos de culturas africanas, especialmente os funerais, são também um complicador no combate ao Ebola. A importância do diálogo entre saúde e crença entrou em pauta. 
Isso porque há uma tradição de submeter os mortos a rituais de lavagem, com um contato direto de familiares com o cadáver.
""Esse contato que a esposa tem com o marido que morreu de Ebola, por exemplo. Ela já teve contato com os vômitos, com as fezes, com o sangue, e passa a ser uma pessoa de alto risco para o desenvolvimento da doença"", analisa Luz.
Ele comenta ainda que intervir nesse tipo de procedimento muitas vezes é complexo, uma vez que se trata de uma bagagem cultural de séculos.
Raquel Soeiro reafirma que é essencial a construção de confiança entre os agentes de saúde, as organizações não governamentais e as comunidades locais, sem tentar impor procedimentos.
""A realização de funerais dignos e seguros continua sendo um fator muito importante para evitar a expansão da doença"", diz.
Preocupação a nível internacional
Por mais que a OMS tenha classificado a situação na República Democrática do Congo como uma ""emergência de saúde internacional"" e não uma emergência pandêmica, há uma preocupação sobre o nível crescente de casos na região.
A organização afirma que a maior apreensão se dá pela possibilidade de propagação internacional devido à intensa mobilidade populacional.
Rachel ressalta que medidas como fechamentos de fronteiras ou restrições amplas de viagem não são eficazes e podem prejudicar a resposta, já que dificultam o envio de equipes e suprimentos às áreas atingidas. Mas que são necessárias ações coordenadas para combater o surto.
""Mais do que ser visto como uma ameaça global, o Ebola é um problema que deveria contar com uma abordagem coletiva que colaborasse com o combate à doença"", defende.
Ainda de acordo com a OMS, o risco do aumento do surto em escala global é baixo, mas bastante elevado em níveis nacional e regional.
A tendência é que o número de casos e mortes siga aumentando à medida que mais insumos e profissionais de saúde cheguem ao local para realização dos testes.
""Como o surto ainda não acabou, é difícil traçar um paralelo, mas dois pontos são chave: é uma cepa que parece ter uma letalidade maior e uma cepa que está presente em vários locais ao mesmo tempo, diferentemente de 2016. Então, do ponto de vista epidemiológico, as perspectivas são de uma situação ainda mais grave"", prevê Kleber.",Fato,G1 Saúde / Oficial,https://g1.globo.com/saude/noticia/2026/05/23/novo-surto-de-ebola-na-africa-o-que-nao-mudou-em-uma-decada.ghtml
"Álcool pode até ajudar a adormecer, mas piora qualidade do sono, aponta estudo","Álcool pode até ajudar a adormecer, mas piora qualidade do sono, aponta estudo
Adobe Stock
O consumo de álcool antes de dormir pode até reduzir o tempo necessário para pegar no sono, mas o hábito prejudica fases importantes do descanso e altera a arquitetura do sono, segundo uma revisão sistemática e meta-análise publicada na revista científica Sleep Medicine Reviews.
A análise reuniu dados de 27 estudos com adultos saudáveis e identificou que mesmo baixas doses de álcool já são capazes de reduzir o sono REM — estágio associado à consolidação da memória, processamento emocional e recuperação cerebral. Os pesquisadores também observaram que doses maiores encurtam o tempo para adormecer, mas aumentam ainda mais as alterações no sono ao longo da noite. 
Os autores destacam que o álcool é frequentemente utilizado como uma espécie de “auxiliar do sono”, já que muitas pessoas acreditam que a bebida facilita o adormecimento. Mas os resultados indicam que esse efeito sedativo inicial ocorre acompanhado de prejuízos subsequentes na qualidade do descanso. 
Neurologista ouvido pelo g1 acrescenta que o álcool pode ainda piorar a apneia obstrutiva do sono, aumentar o volume urinário - levando a mais despertares noturnos - e promover fragmentação do sono, com pesadelos e agitação. 
Agora no g1
Álcool altera fases do sono
Segundo o estudo, o álcool provocou mudanças importantes na chamada arquitetura do sono - a organização das diferentes fases do descanso noturno. Entre os principais efeitos observados estão:
atraso no início do sono REM; 
redução da duração do sono REM; 
encurtamento do tempo para entrar no sono profundo em doses elevadas; 
redução do tempo para adormecer apenas com consumo elevado de álcool. 
Os pesquisadores identificaram uma relação dose-resposta: quanto maior a quantidade de álcool ingerida, maiores foram os prejuízos observados no sono REM. 
A revisão aponta que alterações no sono REM ocorreram mesmo após baixas doses de álcool, equivalentes a aproximadamente duas doses-padrão de bebida alcoólica. 
Sono REM foi reduzido mesmo com baixa dose
Os dados mostram que o álcool aumentou em média 18 minutos o tempo necessário para entrar no sono REM. 
Além disso, a duração total dessa fase foi reduzida em média em 11,3 minutos após o consumo de álcool. 
Os autores observaram que os prejuízos ao sono REM começaram a aparecer com doses em torno de 0,35 a 0,50 g/kg de álcool, classificadas no estudo como baixas doses. 
Segundo os pesquisadores, os efeitos pioraram progressivamente conforme a dose aumentava. 
Tempo para dormir só caiu com doses altas
Embora o álcool seja frequentemente associado à sensação de sonolência, a meta-análise mostrou que a redução significativa do tempo para adormecer ocorreu apenas com doses elevadas de álcool. 
Os pesquisadores estimaram que esse efeito aparece em torno de 0,85 g/kg de álcool, equivalente a aproximadamente cinco doses-padrão. 
De acordo com o estudo, o efeito sedativo do álcool ocorre porque a substância altera neurotransmissores ligados ao funcionamento do sistema nervoso central, como GABA, glutamato e adenosina. 
Os autores explicam, porém, que esse efeito diminui ao longo da noite, conforme o organismo metaboliza o álcool. Com isso, as alterações no sono tendem a se intensificar na segunda metade do período de descanso. 
Revisão analisou 27 estudos
A revisão sistemática incluiu pesquisas com adultos saudáveis entre 18 e 70 anos e avaliou o impacto do álcool consumido antes do horário de dormir. 
Ao todo, foram analisados 27 estudos experimentais, com doses de álcool variando entre 0,16 e 1,20 g/kg. 
Os pesquisadores classificaram as doses da seguinte forma:
baixa dose: até 0,50 g/kg; 
dose moderada: entre 0,50 e 0,75 g/kg; 
alta dose: acima de 0,75 g/kg. 
A maior parte dos estudos avaliou o consumo de álcool até três horas antes do início do sono. 
Os pesquisadores concluem que, apesar de o álcool poder facilitar o início do sono em doses altas, o consumo prejudica fases importantes do descanso e não deve ser considerado uma estratégia eficaz para melhorar a qualidade do sono. 
Álcool pode também piorar a apneia obstrutiva do sono
O álcool também tem efeito de relaxante muscular, promovendo uma instabilidade respiratória maior e favorecendo roncos mais frequentes e intensos. Além disso, em indivíduos suscetíveis, pode piorar a apneia obstrutiva do sono, explica o neurologista e Médico do Sono. Membro do Núcleo do Sono do Hospital Sírio-Libanês Lucio Huebra.
Como o álcool é metabolizado em poucas horas, o consumo dele próximo ao horário de dormir também provoca um rebote da mensagem inicialmente inibitória, deixando o cérebro hiperexcitado e levando a fragmentação do sono, com pesadelos e sono agitado, acrescenta Huebra.
Outro efeito do álcool é o potencial diurético. Ele aumenta o volume urinário ao longo da noite, provocando mais despertares noturnos para esse efeito.
“O uso regular do álcool como um facilitador para o sono leva a cronificação da insônia, além de poder agravar outros distúrbios do sono como bruxismo, parassonias, movimentos periódicos de membros e síndrome das pernas inquietas”, destaca Huebra. 
LEIA TAMBÉM:
Fígado abstêmio: o que acontece com seu fígado após 24 horas, 7 dias ou 30 dias sem álcool
Álcool é um dos principais fatores de risco para câncer, aponta estudo",Fato,G1 Saúde / Oficial,https://g1.globo.com/saude/noticia/2026/05/23/alcool-pode-ate-ajudar-a-adormecer-mas-piora-qualidade-do-sono-aponta-estudo.ghtml
"'Quando as pessoas ouvem a mesma música, nossos corações e nossa atividade cerebral se sincronizam'","O mexicano Jesús Ramírez Bermúdez é neuropsiquiatra e escritor
Arquivo pessoal
Você já passou pela situação de estar ouvindo e cantando — talvez até dançando — uma música com alguém e sentir uma conexão inexplicável, algo que une vocês de forma profunda?
Não foi coisa da sua cabeça: isso acontece no seu cérebro e no seu coração.
""As artes, como a literatura e a música, ajudam a nos sincronizar uns com os outros"", afirma o neuropsiquiatra e escritor mexicano Jesús Ramírez Bermúdez.
""Quando eu e outra pessoa estamos ouvindo a mesma música ou lendo o mesmo livro, a atividade dos meus neurônios se sincroniza com a dos neurônios dela"", acrescenta ele. O mesmo ocorre com a atividade cardíaca.
Agora no g1
Ramírez Bermúdez sabe disso tanto por seu trabalho como cientista e clínico na Unidade de Neuropsiquiatria do Instituto Nacional de Neurologia e Neurocirurgia do México quanto pelas pesquisas que realiza para seus livros.
Sua obra mais recente, La melancolía creativa (A melancolia criativa, na tradução literal para o português), mistura a história da medicina e da psiquiatria com estudos atuais de neurociência para desvendar justamente as ligações entre melancolia e criatividade.
No livro, ele afirma, por exemplo, que ""a melancolia atravessa a história da cultura ocidental: é um símbolo da desilusão e do sofrimento; um sinal crítico que indica o desfecho dos distúrbios coletivos e das limitações de todo esforço civilizatório. Mas também é um ponto de partida da travessia artística"".
Sobre isso e muito mais Ramírez Bermúdez falou com a BBC Mundo (serviço em língua espanhola da BBC) durante o festival Centroamérica Cuenta, que acontece no Panamá.
Confira alguns trechos da entrevista.
Conectoma humano
No mundo há pessoas cegas que experimentam alucinações visuais, pacientes com amnésia que têm lembranças falsas, gente (viva, claro) que afirma estar morta.
Ramírez Bermúdez se dedica a estudar esses tipos de casos clínicos, que às vezes ""vão além do senso comum"", para compreender como se produzem diferentes doenças cerebrais ou alterações mentais e de comportamento.
Mais especificamente, ele realiza estudos dentro de uma corrente de pesquisa chamada conectoma humano.
""Basicamente, o que se busca decifrar é a forma como esses 100 bilhões de neurônios que temos no cérebro se comunicam e se integram para criar uma experiência unificada de consciência"", explicou durante sua palestra viral do projeto ""Aprendemos Juntos"", do Banco Bilbao Vizcaya Argentaria.
""Eu tenho a sensação de que sou uma pessoa, um sujeito, um único indivíduo. Não tenho a sensação de que sou 100 bilhões de neurônios, além de muitas outras células que tenho no meu organismo. Então, como essa unidade se cria?"", acrescentou.
'A criatividade não é privilégio de alguns: é a oportunidade de cada pessoa transformar o dia em um espaço de prazer e reconciliação', escreve Ramírez Bermúdez
Getty Images / BBC
Mas o neuropsiquiatra não se interessa apenas por essa conexão que ocorre em nível individual, mas também interpessoal. Daí sua fascinação pela sincronização de neurônios e corações que acontece especialmente graças à arte.
O fenômeno tem até uma condição interessante: ""Isso só acontece quando nós dois temos uma disposição atencional, ou seja, quando ambos utilizamos nossa atenção plena e ativa"", explica ele à BBC Mundo.
Em A melancolia criativa, ele cita o caso extremo de uma pesquisa que demonstrou que a sincronização cardíaca não ocorre, por exemplo, se uma das pessoas está em estado vegetativo.
O fenômeno também pode acontecer em escala massiva. ""É o que as bandas musicais buscam em um show: essa sincronização de quando todas as pessoas estão aplaudindo ou dançando no ritmo da música"".
De fato, diz ele, isso é satisfatório para todos.
""Esse é o presente que eu acredito que os músicos, os escritores, os artistas em geral nos dão: essa possibilidade de nos sincronizarmos, de termos uma experiência  coletiva e, portanto, um horizonte de sentido compartilhado"", afirma, para em seguida ir um passo além.
Segundo Ramírez Bermúdez, isso nos dá razões para ter esperança.
""Os artistas nos lembram quais são essas razões, embora às vezes o façam por meio da evocação de momentos em que eles próprios não tiveram razões para ter esperança"", diz.
""Esse é o paradoxo da melancolia criativa.""
A teoria da bile negra
Apesar de hoje a melancolia ser principalmente um conceito cultural, em suas origens e durante mais de 2.000 anos ela pertenceu ao campo da medicina.
""O conceito médico da melancolia surgiu em uma tradição mais antiga que a filosofia aristotélica: a escola de Hipócrates. O médico de Cós registrou termos como epilepsia, frenite, letargia, mania e, enfim, a melancolia"", escreve Ramírez Bermúdez.
A arte nos dá a possibilidade 'de nos sincronizarmos, de termos uma experiência coletiva', diz o neuropsiquiatra
Getty Images / BBC
A palavra surge do grego, em que melas significa ""negro"" e colé quer dizer ""bile"".
""O fato de nunca ter havido evidências de uma relação entre o quadro clínico da melancolia e o excesso de bile negra não impediu que essa teoria pré-científica se estendesse no tempo e no espaço"", afirma em seu livro.
Durante a entrevista, Ramírez Bermúdez explica que a melancolia era definida como ""uma forma de loucura que, em teoria, tinha a ver com uma acumulação patológica de bile negra"".
Entre seus sintomas estavam a tristeza, o medo, a perda de sono e de apetite, e os delírios, além de um lado criativo.
Era tamanha a ideia que Aristóteles, em seu célebre Problema XXX, pergunta: ""Por que razão todos aqueles que foram homens excepcionais, seja no que diz respeito à filosofia ou à ciência do Estado, à poesia ou às artes, mostram-se claramente melancólicos, e alguns até ao ponto de serem tomados por doenças provocadas pela bile negra?"".
O termo foi abandonado como diagnóstico médico apenas no século passado, quando foi substituído pelo conceito de depressão.
Nesse ponto, o neuropsiquiatra mexicano gosta de esclarecer que, embora no dia a dia sejam frequentemente usados como sinônimos, depressão e tristeza não são a mesma coisa.
Em grande parte, nos tornamos o resultado de nossas nostalgias e anseios
Getty Images / BBC
A depressão, diz ele, é uma síndrome clínica em que existe uma tristeza profunda, permanente ou duradoura, entre outros sintomas, e que pode ter múltiplas causas.
Já a tristeza ""é um sentimento do cotidiano, que todos nós experimentamos e que faz parte do nosso repertório habitual de emoções"".
Ela costuma ter uma carga negativa, mas, segundo Ramírez Bermúdez, ""a tristeza tem incontáveis lições a nos ensinar, e uma muito importante é que ela é transitória"".
""Ou seja, atravessamos o território da tristeza, entramos e saímos dele para seguir em frente com nossas vidas. À medida que surgem novos contextos, novos pensamentos ou novos projetos, a tristeza, digamos assim, nos abandona ou nós abandonamos esse território"", continua.
'A tela da melancolia'
Em A Divina Comédia, de Dante Alighieri, existe um inferno para aqueles que vivem no ""ar doce"" da melancolia, que suspiram durante toda a eternidade ""no lamaçal negro"".
Ramírez Bermúdez está muito distante dessa visão sombria.
""A relação entre as artes e a depressão dá à melancolia a possibilidade de criar algo que recupere o sentido da vida"", diz.
Por isso ele quis dedicar um livro inteiro à melancolia, ainda mais na atual ""epidemia do desencanto"", como ele a chama.
Na própria contracapa de seu livro, ele afirma: ""Somos a tela da melancolia: em grande parte nos tornamos o resultado de nossas nostalgias e anseios, da luta entre o que gostaríamos de ter sido e a consciência do que realmente somos"".
E isso, como ponto de partida para a criatividade, tem um enorme poder.
""A criatividade não é privilégio de alguns"", escreve. ""É a oportunidade de cada pessoa transformar o dia em um espaço de prazer e reconciliação"".",Fato,G1 Saúde / Oficial,https://g1.globo.com/saude/noticia/2026/05/22/quando-as-pessoas-ouvem-a-mesma-musica-nossos-coracoes-e-nossa-atividade-cerebral-se-sincronizam.ghtml
Hérnia de disco: entenda problema que levou à internação de Galvão Bueno,"Galvão Bueno tem 75 anos.
Arquivo/RPC
Hérnia é o termo utilizado para descrever qualquer situação no corpo em que o órgão se desloca do local de origem para outro lugar por uma abertura considerada anormal. No caso da hérnia de disco, é quando isso ocorre no discos intervertebrais.
Neste sábado (23), o narrador Galvão Bueno passou por uma cirurgia eletiva na coluna. De acordo com a equipe do narrador, a cirurgia foi um sucesso.
Galvão vinha sentindo muitas dores provocadas por uma hérnia de disco antiga. A recuperação deve durar entre cinco e sete dias.
Segundo o Ministério da Saúde, a predisposição genética é a principal causa para a formação de hérnias de disco, seguida do envelhecimento, da pouca atividade física e do tabagismo. 
""Carregar ou levantar muito peso também pode comprometer a integridade do sistema muscular que dá sustentação à coluna vertebral e favorecer o aparecimento de hérnias discais"", acrescenta o ministério.
VEJA TAMBÉM:
Mais de 51 mil brasileiros foram afastados do trabalho por hérnia de disco
LEIA MAIS:
Hérnia de disco: as causas e os riscos da doença que mais causou afastamento do trabalho em 2023
Hérnia de disco ou bico de papagaio? Saiba qual é a diferença e como evitar dores na coluna
Como acontece e os sintomas da hérnia de disco
Entre cada uma das 33 vértebras da coluna humana, há um disco com um núcleo gelatinoso que funciona como um amortecedor. Quando há uma pressão maior sobre o disco, ele enfraquece e rompe, levando a hérnia de disco. 
A hérnia de disco é mais comum na região lombar, porém é mais perigosa na cervical. Se a hérnia toca o nervo, isso gera uma inflamação que leva às dores.
Os sintomas dependem da área comprimida da raiz nervosa e podem incluir:
Formigamento com ou sem dor
Dor na coluna
Dor na coluna e na perna (ou coxa)
Dor só na perna ou coxa
Dor na coluna e no braço
Dor apenas no braço
Levante-se: entenda por que ficar em pé é essencial para combater o sedentarismo; veja 5 dicas de como se tornar mais ativo
Diagnóstico e tratamento
De forma geral, o diagnóstico pode ser feito clinicamente, levando em conta as características dos sintomas e o resultado do exame neurológico. 
Os tratamentos mais comuns indicam o uso de analgésicos, anti-inflamatórios, repouso e sessões de fisioterapia. 
""As hérnias de disco localizadas na coluna lombar, em geral, respondem bem ao tratamento clínico conservador. Em geral, em apenas um mês, 90% dos portadores dessas hérnias estão aptos para reassumir suas atividades rotineiras"", detalha o Ministério da Saúde.
A cirurgia só é indicada quando o paciente não responde ao tratamento conservador e nos casos de compressão do nervo exercida por parte do disco que extravasou, pois corrigido esse defeito a dor desaparece completamente.
Se a dor persistir por mais de 12 semanas, como foi o caso do Galvão Bueno, o caso também pode ser cirúrgico.",Fato,G1 Saúde / Oficial,https://g1.globo.com/saude/noticia/2026/05/22/hernia-de-disco-entenda-problema.ghtml
"Quatro em cada cinco idosos com demência no Brasil não têm diagnóstico, aponta estudo","Quatro em cada cinco idosos com demência no Brasil não têm diagnóstico, aponta estudo.
Adobe Stock
Mais de 80% dos brasileiros idosos que apresentam critérios para demência nunca receberam diagnóstico médico da condição, segundo um estudo nacional liderado por pesquisadores da Universidade Federal de São Paulo (Unifesp). A pesquisa também identificou desigualdades regionais importantes: nas regiões mais pobres do país, a taxa de ausência de diagnóstico chegou a 90%.
Segundo a análise, viver sozinho também aumentou significativamente a chance de permanecer sem diagnóstico. E idosos com mais anos de escolaridade tiveram menor probabilidade de permanecer sem diagnóstico. 
Os dados foram publicados na revista científica International Journal of Geriatric Psychiatry e analisaram informações de 5.249 brasileiros com 60 anos ou mais participantes do Estudo Longitudinal da Saúde dos Idosos Brasileiros (ELSI-Brasil). 
Segundo os pesquisadores, o cenário evidencia uma “lacuna substancial” no reconhecimento da demência no sistema de saúde brasileiro.
O subdiagnóstico não é distribuído uniformemente, mas reflete desigualdades estruturais no acesso a oportunidades diagnósticas, letramento em saúde e resposta dos serviços, segundo os autores no estudo. 
LEIA TAMBÉM: O comprimido que dobrou a sobrevida no câncer de pâncreas ao chegar onde nenhum remédio havia conseguido
Demência afeta a memória, a comunicação e o comportamento principalmente de idosos
Estudo encontrou 83% de casos sem diagnóstico
Os pesquisadores identificaram 392 participantes que preenchiam critérios para demência. Desses, 83,1% não relataram diagnóstico médico prévio. 
A taxa foi ainda maior entre:
pessoas analfabetas: 93,9%; 
moradores de regiões mais pobres: 90,2%; 
idosos entre 60 e 69 anos: 87,9%. 
Já nas regiões consideradas mais ricas do país, o percentual de ausência de diagnóstico foi de 76%. 
Os autores classificaram as regiões Sudeste e Sul como as mais ricas, enquanto Norte, Nordeste e Centro-Oeste foram agrupados como regiões mais pobres, considerando indicadores econômicos nacionais.  
LEIA TAMBÉM: Pessoas com demência estão vivendo cada vez mais
Diagnóstico tardio e desigualdades regionais
De acordo com o estudo, o Brasil enfrenta obstáculos estruturais importantes para reconhecer precocemente casos de demência.
Os pesquisadores destacam que ainda persiste, inclusive entre profissionais de saúde, a percepção de que o declínio cognitivo seria uma consequência “normal” do envelhecimento. 
Além disso, os autores citam fatores como:
baixa conscientização; 
estigma em torno da demência; 
dificuldade de acesso a serviços especializados; 
falta de treinamento profissional; 
fragmentação do cuidado. 
Segundo a análise, viver sozinho também aumentou significativamente a chance de permanecer sem diagnóstico. 
Maior escolaridade aumentou chance de diagnóstico
O estudo mostrou que idosos com mais anos de escolaridade tinham menor probabilidade de permanecer sem diagnóstico. 
Os autores sugerem que isso pode estar relacionado tanto à chamada “reserva cognitiva” quanto ao letramento em saúde. Ou seja, à capacidade de reconhecer alterações cognitivas e buscar atendimento adequado. 
Os pesquisadores também observaram que pessoas com múltiplas doenças crônicas apresentavam maior chance de receber diagnóstico, possivelmente porque mantêm contato mais frequente e contínuo com profissionais de saúde. 
Por outro lado, apenas utilizar serviços de saúde não garantiu maior probabilidade de diagnóstico.
O contato com serviços sozinho é insuficiente para assegurar o diagnóstico, segundo os autores. 
País deve triplicar número de casos até 2050
O artigo destaca que a demência representa um dos desafios de saúde pública que mais crescem no mundo.
Segundo os pesquisadores, o Brasil tinha cerca de 2,5 milhões de pessoas vivendo com demência em 2025, número que pode triplicar até 2050 com o envelhecimento populacional. 
Diante dos resultados, os autores defendem:
fortalecimento de estratégias de detecção precoce; 
capacitação de profissionais de saúde; 
ampliação do rastreamento na atenção primária; 
políticas adaptadas às desigualdades regionais. 
O estudo conclui que melhorar o reconhecimento da demência no sistema público de saúde brasileiro pode reduzir desigualdades e ampliar o acesso ao cuidado.
Subdiagnóstico de demência é um fenômeno mundial, destaca neurologista 
O neurologista e professor de Neurologia da Faculdade de Medicina de Ribeirão Preto da USP Vitor Tumas explicou ao g1 que o subdiagnóstico de demência é um fenômeno mundial, mas muito mais comum em países pobres com baixo nível sociocultural.
Tumas destaca que o diagnóstico de demência exige acesso a serviço médico com competência e políticas dirigidas para diagnosticar o problema da perda cognitiva e queixa de perda cognitiva pelo paciente, familiares e/ou pessoas próximas. 
“Falhas no acesso ao serviço médico, serviços médicos despreparados para o diagnóstico de demência e pessoas que não reclamam da perda cognitiva porque acham as alterações cognitivas um fenômeno ‘normal’ para a idade”, explica o médico. 
Tumas reforça que toda queixa cognitiva como perda de memória, dificuldades para resolver problemas, alterações da linguagem ou perda de performance em algo que a pessoa era capaz de fazer sem dificuldades devem ser encarados como um potencial problema de saúde cognitiva. Por isso, a população e os médicos dos serviços de atendimento primário deveriam ser educados para isso.
“Os serviços primários também deveriam saber fazer um exame básico de triagem cognitiva, para encaminhar para uma avaliação mais completa os casos com suspeita de perda cognitiva significativa e que não estivessem associados a problemas comuns de saúde como depressão ou déficits de vitaminas”, acrescenta.",Fato,G1 Saúde / Oficial,https://g1.globo.com/saude/noticia/2026/05/22/quatro-em-cada-cinco-idosos-com-demencia-no-brasil-nao-tem-diagnostico-aponta-estudo.ghtml
Ebola: risco é elevado para 'muito alto' no Congo; chefe da OMS na África adverte contra subestimar propagação,"Diretor-geral da OMS, Tedros Adhanom Ghebreyesus, em uma coletiva de imprensa.
Reuters
A Organização Mundial da Saúde (OMS) elevou o nível de risco da epidemia de ebola na República Democrática do Congo (RDC) de ""alto"" para ""muito alto"" (o nível máximo) nesta sexta-feira (22), anunciou seu diretor. A organização manteve inalterado o nível de risco nas escalas regional e global. 
O mais recente balanço do atual surto aponta: 
82 casos confirmados, 
sete mortes
 750 casos suspeitos
177 mortes suspeitas no país
""A epidemia de ebola na República Democrática do Congo (RDC) está se espalhando rapidamente. Anteriormente, a OMS havia avaliado o risco como alto nos níveis nacional e regional, e baixo no nível global. Agora estamos revisando nossa avaliação de risco para classificá-lo como muito alto no nível nacional, alto no nível regional e baixo no nível global"", declarou o diretor-geral da OMS, Tedros Adhanom Ghebreyesus, em uma coletiva de imprensa. 
""Muito alto"" significa ""o nível mais elevado de risco"", esclareceu um porta-voz da OMS. 
O ebola causa uma febre hemorrágica mortal, mas o vírus, que provocou mais de 15.000 mortes na África nos últimos 50 anos, é menos contagioso que a Covid-19 ou o sarampo. 
Entenda o Ebola em 7 pontos
A epidemia se espalhou pelas províncias de Kivu do Norte e Kivu do Sul, divididas pela linha de frente entre as forças congolesas e o grupo armado M23, apoiado por Ruanda, que ocupa grandes extensões de território desde 2021. 
Diante dessa situação, a resposta na área da saúde é difícil e levou a cenas de caos em Ituri, o epicentro da epidemia, onde a OMS enviou pessoal adicional. 
A situação em Uganda está atualmente ""estável, com dois casos confirmados e uma morte notificada"", afirmou.
Na ausência de uma vacina e de um tratamento autorizado para a cepa Bundibugyo do vírus, responsável pelo surto atual, estão sendo feitos esforços para conter sua disseminação por meio de medidas de contenção e detecção rápida de casos.
Chefe da OMS na África adverte contra subestimar risco de propagação
Chefe da OMS na África Mohamed Yakub Janabi
Reuters
Seria um erro subestimar o risco representado pelo surto de Ebola, disse o diretor regional da OMS para a África nesta sexta.  Mohamed Yakub Janabi alertou que apenas um caso poderia espalhar o vírus para além da República Democrática do Congo (RDC) e de Uganda.
O surto resultou em 160 mortes suspeitas de 670 casos suspeitos, e 61 dos casos foram confirmados, de acordo com dados do Ministério da Saúde da RDC publicados na quinta-feira. Dois casos também foram confirmados na vizinha Uganda.
""Seria um grande erro subestimá-lo, especialmente com um vírus com essa cepa, Bundibugyo, (para a qual) não temos a vacina"", disse Janabi em uma entrevista na sede da OMS em Genebra.
""Portanto, eu realmente encorajaria a todos, vamos ajudar uns aos outros, podemos controlar isso"", declarou.
Ele acrescentou que o surto de Ebola no Congo teve relativamente pouca atenção global em comparação com o surto de hantavírus deste mês, que afetou passageiros de navio de cruzeiro de 23 países, incluindo grandes potências.
""Basta um caso de contato para colocar todos nós em risco, portanto, meu desejo e minha oração é para que consigamos dar (ao Ebola) a atenção que ele merece"", disse ele.
Vírus frequentemente fatal 
O Ebola é um vírus frequentemente fatal que causa febre, dores no corpo, vômitos e diarreia. Ele se espalha por meio do contato direto com fluidos corporais de pessoas infectadas, materiais contaminados ou pessoas que morreram da doença.
Ebola no Congo e Uganda: qual é o risco real de o vírus chegar ao Brasil?",Fato,G1 Saúde / Oficial,https://g1.globo.com/saude/noticia/2026/05/22/chefe-da-oms-na-africa-adverte-contra-subestimar-risco-de-propagacao-do-ebola.ghtml
Confirmado novo caso de hantavírus em tripulante do MV Hondius repatriado para os Países Baixos,"O navio MV Hondius navegava da Argentina para Cabo Verde.
BBC
Um membro da tripulação do navio de cruzeiro MV Hondius, que desembarcou na ilha espanhola de Tenerife e foi repatriado para os Países Baixos, testou positivo para hantavírus, anunciou o diretor-geral da Organização Mundial da Saúde (OMS), Tedros Adhanom Ghebreyesus, nesta sexta-feira (22). 
""Os Países Baixos confirmaram nesta sexta (22) um novo caso em um membro da tripulação que desembarcou em Tenerife, foi repatriado para os Países Baixos e está em quarentena desde então"", disse Tedros. 
Com isso, o número total de casos suspeitos e confirmados de hantavírus chega a 12, incluindo três pessoas que viajaram a bordo do navio de cruzeiro Hondius e morreram - um casal de neerlandeses e uma alemã, destaca a agência France Presse. 
O navio de cruzeiro MV Hondius, onde ocorreu o surto de hantavírus, chegou na segunda-feira (18) ao porto de Roterdã, após a retirada de parte dos passageiros nas Ilhas Canárias. Os 27 membros da tripulação e os profissionais da saúde foram colocados em quarentena após o desembarque. 
Agora no g1
O navio de luxo, de bandeira holandesa, transportava cerca de 150 passageiros e tripulantes de 23 países. O foco de hantavírus surgiu e foi relatado pela primeira vez em 2 de maio pela OMS. 
A embarcação da Oceanwide Expeditions ficou retida ao largo de Cabo Verde e, em seguida, a pedido da OMS e da União Europeia (UE), a Espanha aceitou que parte dos passageiros desembarcasse nas Ilhas Canárias. Depois, o navio seguiu para Roterdã com uma tripulação reduzida e dois profissionais de saúde. 
Entenda por que variante transmitida entre humanos intriga especialistas
A cepa Andes do hantavírus circula há décadas na Patagônia argentina e chilena, sendo transmitida por roedores selvagens. Mas o surto associado ao navio de cruzeiro Hondius colocou o foco em uma característica excepcional desta variante: sua capacidade de ser transmitida entre pessoas, destaca a agência France Press. 
O reservatório do vírus Andes na Patagônia é o rato-de-cauda-longa, Oligoryzomys longicaudatus. O contágio inicial ocorre por exposição à saliva, urina ou fezes de roedores infectados, em geral em ambientes fechados.
Para o biólogo Raúl González Ittig, professor associado de genética de populações da Universidade Nacional de Córdoba, os casos registrados na Argentina podem estar ligados a uma sequência de eventos ambientais: chuvas intensas associadas ao El Niño, mais vegetação e maior disponibilidade de alimento para os roedores.
Um maior número destes animais não significa necessariamente um surto, mas sim mais oportunidades de contato. ""Há mais indivíduos e há maior probabilidade de que algum trabalhador rural se infecte"", disse González Ittig à AFP.
Já a seca e os incêndios, que costumam ocorrer no verão na região, ""fazem diminuir as populações de roedores"", explicou o especialista.
Nos casos de transmissão entre pessoas, o único roedor culpado é aquele que causou o primeiro contágio. Nesse cenário, ""não é aplicável o que se sabe ou suspeita sobre a associação ou influência de fatores ambientais"", disse à AFP a infectologista María Ester Lázaro, médica aposentada do Hospital Zonal de Bariloche.
Além dos surtos conhecidos - na Patagônia argentina em 1996 e 2018, e agora no navio de cruzeiro - a transmissão entre pessoas é relatada muito ocasionalmente na região.
Contágio entre humanos
O epidemiologista Rodrigo Bustamante, do hospital de Bariloche, ressalta que a transmissão entre humanos da cepa Andes ""não é uma regra, mas um evento excepcional que requer contato próximo de menos de um metro durante trinta minutos"".
Também não se comporta como a covid-19 ou a gripe. ""É muito menos transmissível"", disse Bustamante à AFP.
Os cientistas rejeitam a ideia de que uma mutação recente tenha tornado a cepa Andes transmissível entre humanos.
""É um vírus muito estável, ao contrário do da covid-19 ou da gripe. Cada hantavírus evoluiu desde tempos ancestrais com seu roedor hospedeiro sem sofrer mutações relevantes"", disse Lázaro.
Segundo a infectologista, ainda não se sabe ""por que o vírus Andes, em vez de gerar um caso isolado ao infectar uma pessoa, é depois capaz de se transmitir a outra em algumas ocasiões e até mesmo gerar cadeias de transmissão com vários elos"".
González Ittig afirma, por sua vez, que acredita ""que o vírus sempre teve essa propriedade"" e que, possivelmente, ""os humanos começaram a ocupar os ambientes onde viviam os ratos"".",Fato,G1 Saúde / Oficial,https://g1.globo.com/saude/noticia/2026/05/22/confirmado-novo-caso-de-hantavirus-em-tripulante-do-mv-hondius-repatriado-para-os-paises-baixos.ghtml
Nova caneta contra obesidade leva pacientes a perder até 32 kg em estudo de fase 3,"Pacientes tratados com a retatrutida perderam, em média, até 31,9 kg após 80 semanas de acompanhamento
Reprodução/Puri Pharmacy
Uma nova geração de medicamentos para obesidade acaba de ganhar mais um capítulo na disputa pelos tratamentos que prometem perdas de peso cada vez mais expressivas. 
Dados divulgados nesta quinta-feira (22) pela Eli Lilly apontam que pacientes tratados com a retatrutida perderam, em média, até 31,9 kg após 80 semanas de acompanhamento em um estudo internacional de fase 3.
Segundo a farmacêutica, participantes que receberam a dose mais alta do medicamento — 12 mg — tiveram redução média de 28,3% do peso corporal. Quase metade deles perdeu ao menos 30% do peso inicial, um patamar frequentemente associado aos resultados obtidos com cirurgia bariátrica.
A retatrutida ainda é uma molécula experimental e não está aprovada para uso comercial. O medicamento só pode ser acessado por participantes dos estudos clínicos da empresa.
O estudo, chamado TRIUMPH-1, avaliou mais de 2,3 mil adultos com obesidade ou sobrepeso associado a pelo menos uma comorbidade relacionada ao peso, como hipertensão ou alterações metabólicas, mas sem diabetes.
Como funciona a retatrutida
A retatrutida pertence à mesma família de medicamentos que popularizou nomes como o Mounjaro e o Ozempic, mas atua em três hormônios diferentes ao mesmo tempo.
O remédio é descrito como um agonista triplo dos receptores de GIP, GLP-1 e glucagon — substâncias envolvidas no controle do apetite, da saciedade, do metabolismo energético e da glicose.
Hoje, os medicamentos mais conhecidos contra obesidade atuam principalmente em um ou dois desses mecanismos. A hipótese dos pesquisadores é que a combinação tripla possa ampliar a perda de peso e os efeitos metabólicos.
Além da redução no peso corporal, os participantes também apresentaram melhora em indicadores ligados ao risco cardiovascular, como circunferência abdominal, triglicerídeos, pressão arterial e inflamação sistêmica.
Retatrutida em comparação com outras canetas
Arte/g1
Resultados se aproximam da bariátrica
Os dados chamaram atenção porque os percentuais de perda de peso se aproximam dos observados em alguns pacientes submetidos à cirurgia bariátrica.
Segundo a empresa, 45,3% dos participantes que usaram a dose de 12 mg perderam ao menos 30% do peso corporal. Já 27,2% tiveram redução superior a 35%.
Entre os pacientes com obesidade mais grave — índice de massa corporal acima de 35 — que permaneceram em uma extensão do estudo por 104 semanas, a perda média chegou a 38,5 kg.
A farmacêutica afirma ainda que cerca de 65% dos participantes que receberam a dose mais alta deixaram de preencher o critério diagnóstico de obesidade ao final das 80 semanas, passando a ter IMC abaixo de 30.
Agora no g1
Efeitos adversos seguiram padrão
Os eventos adversos mais frequentes foram gastrointestinais — perfil semelhante ao observado em outros medicamentos da classe.
Os pacientes relataram principalmente náusea, diarreia, constipação e vômitos.
As taxas de abandono do tratamento por efeitos adversos variaram conforme a dose: 4,1% no grupo de 4 mg, 6,9% no de 9 mg e 11,3% no de 12 mg. No placebo, a taxa foi de 4,9%.
Também houve registro de alterações sensoriais leves, chamadas de disestesia, e aumento de infecções urinárias em parte dos participantes. Segundo a empresa, a maior parte dos casos foi considerada leve a moderada.
Corrida por novos tratamentos acelera mercado bilionário
A divulgação dos resultados ocorre em meio à expansão global dos medicamentos contra obesidade, um mercado que vem movimentando bilhões de dólares e redefinindo estratégias da indústria farmacêutica.
Nos últimos anos, remédios baseados em incretinas — hormônios intestinais relacionados à saciedade — passaram a ser vistos como uma das maiores apostas da medicina metabólica. Além da perda de peso, pesquisadores investigam possíveis efeitos sobre doenças cardiovasculares, apneia do sono, fígado gorduroso e até dependência química.
A Eli Lilly informou que novos resultados do programa TRIUMPH devem ser divulgados ainda neste ano, incluindo estudos com pacientes com diabetes tipo 2 e doença cardiovascular estabelecida.",Fato,G1 Saúde / Oficial,https://g1.globo.com/saude/noticia/2026/05/22/nova-caneta-contra-obesidade-leva-pacientes-a-perder-ate-32-kg-em-estudo-de-fase-3.ghtml
Aumento de câncer em jovens: o que estudo do Reino Unido descobriu e como resultados espelham a realidade brasileira,"Aumento de câncer em jovens: o que estudo do Reino Unido descobriu e como resultados espelham a realidade brasileira
Getty Images
Um estudo acompanhou a evolução de registros de câncer na Inglaterra ao longo de 18 anos, de 2001 a 2019, e observou a alta da prevalência de 11 tipos de tumores entre adultos de 20 a 49 anos. 
A pesquisa, publicada em abril no periódico científico BMJ Oncology, buscou entender se esse aumento acompanhava mudanças em fatores de risco já conhecidos, como obesidade, tabagismo, álcool, dieta e sedentarismo, ou se apontava para outras explicações ainda em aberto.
Ao cruzar dados nacionais de registros de câncer com tendências desses fatores, os pesquisadores concluíram que o aumento do IMC (índice de massa corporal) ajuda a explicar uma parcela relevante do avanço. 
Já os demais fatores analisados não apresentaram uma relação direta consistente com a tendência de alta — indicando que parte do fenômeno ainda não encontra explicação clara nos riscos conhecidos anteriormente.
Embora o estudo tenha analisado dados da população da Inglaterra, ele ajuda a iluminar uma questão também presente no Brasil: quais as causas do aumento de casos de câncer em jovens adultos no país? 
O médico Raphael Brandão, chefe da área de oncologia da Rede São Camilo de São Paulo, afirma que o estudo quantifica algo que, na prática da oncologia clínica, já vinha sendo percebido: o perfil de quem frequenta a sala de espera mudou. 
""Temos visto pacientes cada vez mais jovens, mas por muito tempo isso foi tratado como exceção, casos isolados.""
Embora os casos ainda sejam considerados raros, Brandão aponta que o artigo mostra que se trata de uma tendência consistente, observada em 11 tipos de tumor, com aumento de incidência entre 1% e 3% ao ano em adultos com menos de 50 anos.
Isso traz uma implicação ainda a ser assimilada, o fato de que os protocolos de rastreamento foram desenhados com foco em populações mais velhas. No Brasil, por exemplo, o rastreamento de câncer colorretal no SUS começa aos 50 anos.
Carlos Gil Ferreira, CEO e diretor médico da Oncoclínicas, explica que, por isso, a oncologia tem se debruçado mais sobre a 'população AYA', sigla em inglês para Adolescents and Young Adults.
""Trata-se de um grupo que ficava numa zona de sobreposição entre a pediatria e a oncologia de adultos e que passou a receber atenção específica na última década. O estudo do BMJ Oncology trabalha com a faixa entre 20 e 49 anos, o que é bastante abrangente, mas relevante para fins epidemiológicos"".
Segundo ele, o que o estudo traz de mais importante é colocar dados robustos sobre uma percepção que já existe na prática clínica: ""Estamos vendo mais câncer em pessoas mais jovens, especialmente em alguns tipos específicos. A base utilizada é a do National Health System (NHS) do Reino Unido, uma das mais bem estruturadas do mundo, o que confere peso ao achado.""
Ferreira aponta, contudo, que é fundamental deixar claro que se trata de um estudo observacional.
""Ele levanta hipóteses, não prova causalidade. Não afirma que obesidade e sobrepeso causam câncer; identifica uma associação. Isso não diminui seu impacto. Pelo contrário: ele confirma que a oncologia precisa ampliar o olhar. O câncer não é mais uma doença restrita à terceira idade.""
Os achados, na avaliação do especialista, têm implicações profundas em políticas de rastreamento, na forma como os médicos se comunicam com pacientes mais jovens e nas análises de custo-efetividade dos sistemas de saúde.
""Quando tratamos um paciente mais jovem, o tempo de vida potencialmente ganho é muito maior, o que muda a equação de qualquer investimento em prevenção ou diagnóstico precoce.""
Aumento de câncer em jovens: o que estudo do Reino Unido descobriu e como resultados espelham a realidade brasileira
Getty Images
O estudo reflete a realidade do Brasil?
No país, onde obesidade, desigualdade no acesso ao rastreamento e hábitos de risco também preocupam especialistas, a leitura desses resultados pede cautela — mas também abre espaço para uma pergunta inevitável: até que ponto a alta entre jovens no Brasil segue a mesma lógica observada lá fora?
""O Brasil não tem um sistema de registro de câncer tão capilarizado quanto o NHS inglês, o que limita comparações diretas. Essa lacuna, aliás, é ela própria um problema de saúde pública que afeta diferentes países e que precisa ser enfrentado. Sem dados nacionais robustos e sistematizados, fica difícil formular políticas específicas para esse tipo de tendência"", afirma o oncologista Carlos Gil Ferreira.
Ainda assim, Ferreira descreve que o Instituto Nacional do Câncer (INCA) também vem sinalizando uma tendência de crescimento em pessoas abaixo de 50 anos no Brasil, inclusive para o tipo colorretal. 
Não há, porém, um recorte nacional consolidado por faixa etária e tipo de câncer. O relatório Estimativa 2026: Incidência de Câncer no Brasil, publicado pelo instituto,  indicam que o país deve registrar cerca de 704 mil novos casos de câncer por ano no triênio 2023–2025 — número que deve chegar a cerca de 781 mil casos anuais entre 2026 e 2028.
O relatório também chama atenção especial para os cânceres de cólon e reto, que aparecem entre os mais incidentes tanto em homens quanto em mulheres no Brasil, reforçando a necessidade de ampliar ações de prevenção, rastreamento e diagnóstico precoce.
Embora o documento não traga um recorte específico para adultos abaixo de 50 anos, ele dedica uma seção exclusiva a crianças e adolescentes de 0 a 19 anos. O INCA estima cerca de 7,5 mil novos casos de câncer infantojuvenil por ano no Brasil em 2026, com detalhamento por sexo, Estado e região — um sinal de que a vigilância epidemiológica por faixa etária vem ganhando mais espaço na oncologia brasileira.
Outro ponto destacado pelo INCA é que parte do aumento observado em alguns tumores pode estar relacionada à ampliação do diagnóstico precoce e do rastreamento. 
O relatório cita especificamente o câncer de mama em mulheres abaixo de 50 anos, apontando que o maior uso de ultrassonografia e mamografia pode contribuir para identificar casos que antes passavam despercebidos.
A conclusão de Carlos Gil Ferreira é que, embora não seja possível extrapolar diretamente os dados ingleses para a realidade brasileira, os sinais que temos apontam na mesma direção. 
""É uma convergência que merece atenção e, sobretudo, mais investimento em registros nacionais que nos permitam dimensionar o problema com precisão.""
Aumento de câncer em jovens: o que estudo do Reino Unido descobriu e como resultados espelham a realidade brasileira
Getty Images
O que o estudo descobriu - e o que não responde
O estudo identificou 11 tipos de câncer com aumento em adultos jovens e ligação conhecida com fatores comportamentais, incluindo câncer colorretal, de mama, endométrio, fígado, rim, pâncreas, oral, tireoide, mieloma múltiplo, vesícula e ovário, com diferenças entre os sexos. 
Em quase todos esses tumores, o aumento também apareceu em adultos mais velhos, o que sugere que parte do fenômeno não é exclusivo das gerações mais novas.
A exceção mais marcante foi o câncer colorretal, que cresceu entre jovens, mas não seguiu a mesma lógica nos mais velhos. Já o câncer de ovário também fugiu do padrão, com queda entre mulheres mais velhas enquanto subia entre as mais jovens.
A maior parte dos fatores comportamentais analisados ficou estável ou melhorou ao longo do tempo. Tabagismo caiu, consumo de álcool em geral não piorou, sedentarismo recuou em vários grupos e o consumo de carne vermelha e processada diminuiu; a obesidade, por outro lado, foi o único fator com alta consistente.
Isso significa que o aumento do câncer em adultos jovens não acompanha, de forma geral, uma piora simultânea dos principais hábitos de risco. Por isso, os autores concluem que esses fatores, com exceção da obesidade, provavelmente não bastam para explicar a tendência observada.
Por que a obesidade é fator importante
A obesidade aparece como o principal fator comportamental capaz de ajudar a explicar parte do aumento de câncer em adultos jovens, e isso também conversa com a realidade brasileira. No país, o avanço do excesso de peso entre jovens se soma a uma mudança profunda na alimentação, marcada pelo crescimento do consumo de ultraprocessados e pelo sedentarismo.
No Brasil, cerca de 60% da população vive com sobrepeso, segundo dados do Vigitel, sistema de vigilância por inquérito telefônico do Ministério da Saúde, divulgados em janeiro de 2026 com base no IMC. 
Na Inglaterra, onde o estudo foi conduzido, o dado mais recente da Health Survey for England (HSE) — levantamento anual oficial que monitora as condições de saúde da população — aponta uma prevalência de 66% em 2024.
""O Brasil vive uma epidemia silenciosa de obesidade, especialmente entre adultos jovens. É muito difícil dissociar obesidade de alimentação baseada em ultraprocessados e de sedentarismo, fatores que geralmente caminham juntos e se potencializam mutuamente"", afirma o oncologista Carlos Gil Ferreira.
Ele lembra que há uma base biológica para essa relação. ""Pacientes com obesidade e sobrepeso apresentam níveis elevados de insulina em circulação. A insulina é um potente hormônio indutor de crescimento e está relacionada, em alguns estudos, à inflamação crônica. A inflamação crônica, por sua vez, é um mecanismo já associado ao desenvolvimento de pelo menos 13 tipos de câncer"", diz.
Ferreira acrescenta que o problema é agravado pelo contexto recente. ""Quando somamos obesidade crescente, alimentação de baixa qualidade e sedentarismo que se aprofundou no período pós-pandemia, temos um cenário preocupante. Isso ressoa diretamente com o que observamos na prática clínica, tanto no setor público quanto no privado.""
Para o médico Raphael Brandão, a obesidade funciona como um indicador de um problema mais amplo. No Brasil, segundo ele, ela costuma vir associada a um padrão alimentar baseado em ultraprocessados, cujos impactos vão além da questão calórica.
""O professor Carlos Monteiro, da USP, foi quem cunhou a classificação nova de alimentos ultraprocessados, e os dados dele mostram que estamos numa transição alimentar acelerada: não estamos só ficando mais obesos, estamos mudando radicalmente o que comemos.""
""A diferença importa porque o ultraprocessado tem um efeito que parece ser independente do peso corporal. Outro estudo, publicado no periódico científico BMJ em 2018, mostrou associação entre consumo de ultraprocessados e câncer ajustada para IMC.""
Segundo Brandão, pesquisas também vêm apontando possíveis mecanismos biológicos por trás disso, como alterações na microbiota intestinal e efeitos de aditivos alimentares sobre o metabolismo. 
Embora as evidências em humanos ainda estejam em desenvolvimento, ele afirma que os sinais vêm se acumulando.
""Quando o estudo britânico diz que a obesidade pesa mais, no Brasil eu leria como: obesidade somada a uma exposição alimentar qualitativamente diferente, com efeitos combinados que ainda estamos aprendendo a separar.""
Agora no g1
Limites e o risco de alarmismo
Carlos Gil Ferreira alerta que os dados não podem ser lidos sem contexto: ""Há risco de esse debate virar alarmismo, e ele precisa ser evitado. Câncer nesses tipos e nessa faixa etária ainda é raro; o que o estudo mostra é que esses cânceres podem estar se tornando menos raros. A distinção parece sutil, mas é fundamental para uma comunicação responsável"", afirma.
Para ele, a mensagem que realmente importa é a prevenção. Em caso de sintomas persistentes — como sangue nas fezes, alteração do hábito intestinal, perda de peso sem explicação, dores persistentes, fadiga excessiva ou aparecimento de nódulos —, a orientação é procurar atendimento médico e não tentar interpretar sinais sozinho. 
Quanto mais cedo o diagnóstico, maiores são as chances de cura, em qualquer idade.
O especialista acrescenta que o Brasil ainda precisa construir uma estratégia mais específica para lidar com o aumento de câncer em adultos jovens. 
""O estudo britânico é um ponto de partida importante, mas, no contexto brasileiro, ele reforça a necessidade de mais dados, mais investimento em registros nacionais e políticas públicas voltadas a essa faixa etária.""
LEIA TAMBÉM:
O comprimido que dobrou a sobrevida no câncer de pâncreas ao chegar onde nenhum remédio havia conseguido
SUS adota novo exame para detectar câncer de intestino antes dos sintomas
Menino de 6 anos descobre câncer raro após fortes dores no braço: 'Achei que fosse desculpa para não fazer tarefa', diz mãe",Fato,G1 Saúde / Oficial,https://g1.globo.com/saude/noticia/2026/05/22/aumento-de-cancer-em-jovens-o-que-estudo-do-reino-unido-descobriu-e-como-resultados-espelham-a-realidade-brasileira.ghtml
O comprimido que dobrou a sobrevida no câncer de pâncreas ao chegar onde nenhum remédio havia conseguido,"Um comprimido que conseguiu o ‘impossível’
Existe, dentro de cada célula do corpo humano, uma proteína chamada RAS. Ela funciona como um interruptor: liga quando é hora de a célula crescer, se divide quando necessário, desliga quando termina. É uma peça da biologia celular tão fundamental quanto previsível —e completamente inofensiva, na maioria das vezes.
O problema começa quando esse interruptor trava na posição ""ligado"".
No câncer de pâncreas, isso acontece em mais de 90% dos casos. A mutação no gene RAS faz com que a proteína fique presa num estado de ativação permanente, disparando sem parar os sinais que ordenam à célula crescer, multiplicar, invadir. É um acelerador com um peso em cima que não deixa o pé voltar. As células tumorais crescem sem controle não porque perderam o freio, mas porque o acelerador nunca para.
Câncer de pâncreas é silencioso
Reprodução / Redes sociais
Durante décadas, pesquisadores tentaram bloquear o RAS. E fracassaram sistematicamente. A molécula não apenas fica dentro da célula —o que dificulta o alcance das drogas— como também não oferece uma superfície clara onde um inibidor pudesse se encaixar. 
A analogia que Felipe Coimbra, líder do Centro de Referência em Tumores do Aparelho Digestivo Alto do A.C.Camargo Cancer Center, usa para explicar o problema é visual: é como uma fechadura cujo miolo foi polido até perder os relevos. A chave entra, mas não encontra onde se firmar, não tem como girar. 
O RAS ficou conhecido na medicina como undruggable —intratável, inalcançável, impossível.
Em 13 de abril de 2026, a empresa americana Revolution Medicines anunciou que havia chegado lá.
O câncer de pâncreas mata de um jeito particular. Não avisa. Não dá sintomas precoces. Quando é diagnosticado, cerca de 80% dos casos já estão em estágio avançado ou metastático. Nos Estados Unidos, aproximadamente 60 mil pessoas recebem o diagnóstico por ano; 50 mil morrem. No Brasil, são 13 mil novos diagnósticos anuais; cerca de 12 mil morrem.
A sobrevida em cinco anos, para a forma metastática, é de cerca de 3%. 
Até agora, a única opção para esses pacientes era a quimioterapia intravenosa. Ela funcionava —controlava a doença por um tempo, estendia alguns meses de vida— mas durava pouco. E depois que falhava, quase nenhuma alternativa restava. A sobrevida mediana de pacientes em segunda linha de tratamento era de 6,7 meses.
É nesse cenário —pacientes que já tinham feito quimioterapia e não tinham mais para onde ir— que o ensaio clínico de Fase 3 chamado RASolute 302 testou o daraxonrasib.
O estudo randomizou cerca de 500 pacientes em dois grupos: um recebeu daraxonrasib, um comprimido tomado uma vez ao dia; o outro seguiu com a quimioterapia padrão, administrada por via intravenosa. Os resultados, apresentados como análise final, foram inequívocos. 
A sobrevida mediana dos pacientes que receberam o comprimido foi de 13,2 meses. No grupo de quimioterapia, 6,7 meses. A razão de risco foi de 0,40 —o que, em linguagem clínica, significa que o risco de morte caiu 60% com a droga nova. Todos os endpoints primários e secundários foram atingidos.
""Um comprimido dobrou a sobrevida desses pacientes"", diz Stephen Stefani, oncologista do Oncoclínicas e da Americas Health Foundation. ""Em oncologia, isso é muito impactante —não só pelo ganho em sobrevida, mas pelo que significa abrir caminho para uma estratégia que nunca havia provado ser eficaz numa doença tão difícil de tratar.""
Coimbra, do A.C.Camargo, coloca os números em perspectiva: ""Não eram pacientes na primeira linha de tratamento. Eram pacientes metastáticos, com doença avançada, que já haviam feito quimioterapia. Ter uma resposta superior à da primeira linha, numa segunda etapa de tratamento, foi realmente surpreendente."" 
Cerca de um terço dos pacientes teve redução do tumor; 80% apresentaram estabilidade ou resposta.
O que é câncer de pâncreas, que acometeu Edu Guedes
A ciência por trás da promessa
O que torna o daraxonrasib diferente das tentativas precedentes não é apenas o resultado, é o mecanismo.
Inibidores anteriores conseguiam bloquear apenas uma variante específica do RAS, a G12C, que representa uma fração menor dos tumores pancreáticos. O daraxonrasib é um inibidor pan-RAS: ele age sobre múltiplas variantes da proteína ao mesmo tempo, incluindo G12D, G12V e G12R, as mais comuns no câncer de pâncreas. Não tenta achar o parafuso certo num mecanismo complicado.
Stefani simplifica o mecanismo: ""Em vez de tentar identificar a peça com defeito, ele age sobre o acelerador inteiro e o destrava.""
A droga também é oral, o que não é detalhe menor. O paciente toma em casa, sem precisar ir ao hospital para receber quimioterapia intravenosa. Os efeitos colaterais mais comuns observados no estudo —reações de pele, náuseas, fadiga, mucosite— são, segundo Coimbra, ""de uma forma geral seguros"" e não costumam impedir o tratamento quando há acompanhamento médico próximo.
Nos Estados Unidos, a aprovação regulatória ainda está em curso, mas a Agência de Alimentos e Medicamentos dos Estados Unidos (FDA) já concedeu ao daraxonrasib o status de Breakthrough Therapy —uma classificação reservada a medicamentos que demonstram vantagem substancial sobre os tratamentos existentes e que garante revisão acelerada pelo órgão. 
A droga também recebeu a designação de medicamento órfão, concedida a terapias desenvolvidas para doenças que afetam populações pequenas e que, por isso, recebem incentivos regulatórios e fiscais para chegar ao mercado. Por fim, foi selecionada para o programa National Priority Voucher do FDA, que permite antecipar a fila de análise de medicamentos considerados prioritários para a saúde pública americana. 
Antes mesmo da aprovação formal, o FDA autorizou o acesso compassional —uso em casos selecionados de pacientes sem outras opções. Os dados completos devem ser apresentados no congresso anual da American Society of Clinical Oncology, em junho de 2026.
Para o Brasil, o caminho é mais longo. A Agência Nacional de Vigilância Sanitária (Anvisa) precisaria aprovar o medicamento. No sistema privado, a Agência Nacional de Saúde Suplementar (ANS) teria ainda que publicar uma diretriz de utilização técnica para que os planos de saúde fossem obrigados a cobri-lo. 
No sistema público, o obstáculo é financeiro de saída: a Autorização de Procedimentos de Alta Complexidade (APAC) paga para tratar um paciente com câncer de pâncreas é de cerca de R$ 1.986. A média de custo de uma droga oncológica nova no mercado americano, segundo Stefani, gira em torno de R$ 50 mil (dez mil dólares) por mês.
""Não tem mágica"", diz ele.
Coimbra, que conduziu acesso expandido a um tratamento para câncer de estômago antes da aprovação formal no Brasil, acredita que esse caminho é possível, mas não imediato.
""A expectativa é que o medicamento chegue em breve e possa beneficiar todos os pacientes com câncer de pâncreas. Mas este não é o momento de buscá-lo ou tentar importá-lo. O acesso no Brasil ainda é uma incógnita."" 
Cabe uma cautela, e os dois médicos a fazem questão de enunciar.
O daraxonrasib não é a cura do câncer de pâncreas. O estudo foi conduzido em pacientes metastáticos em segunda linha de tratamento —não se sabe ainda se a droga seria mais eficaz usada mais cedo, como primeira linha, nem quais seriam os resultados em outras configurações da doença. 
As pesquisas futuras, provavelmente, vão explorar combinações com imunoterapia, uso precoce e outros tipos de tumor com mutação no RAS, como o câncer colorretal e o de pulmão de células não pequenas.
""Não podemos falar em cura"", repete Coimbra.
""Mas é uma opção que não existia —e um alvo molecular que a ciência perseguiu por décadas sem conseguir alcançar."" 
O que o daraxonrasib fez, por enquanto, foi provar que o interruptor pode ser destravado. Que o acelerador preso tem conserto. Que ndruggable é, afinal, uma palavra provisória. Numa doença em que meses importam, isso não é pouco.",Fato,G1 Saúde / Oficial,https://g1.globo.com/saude/noticia/2026/05/22/o-comprimido-que-dobrou-a-sobrevida-no-cancer-de-pancreas-ao-chegar-onde-nenhum-remedio-havia-conseguido.ghtml
Ebola na República Democrática do Congo e Uganda: qual é o risco real de o vírus chegar ao Brasil?,"Entenda o Ebola em 7 pontos
A República Democrática do Congo registrou, no dia 15 de maio, um novo surto de Ebola na província de Ituri, no nordeste do país, causado pela espécie Bundibugyo. Em 48 horas, dois casos confirmados, sem aparente ligação entre si, foram detectados em Kampala, Uganda, em viajante vindo do país vizinho.
A velocidade da disseminação foi suficiente para que a Organização Mundial da Saúde declarasse o surto uma emergência de saúde pública de preocupação internacional em 17 de maio de 2026.
Até o dia 19 de maio, o surto havia acumulado 536 casos suspeitos, 105 prováveis, 34 confirmados e 134 mortes na República Democrática do Congo, além de dois casos confirmados e uma morte no Uganda. 
O que torna a situação mais grave, segundo a OMS, é a ausência de ferramentas médicas eficazes: diferentemente das cepas Ebola-Zaire —combatidas por vacinas aprovadas—, não há terapêutica nem imunizante específico para o vírus Bundibugyo.
O g1 ouviu Flávia Bravo, diretora da Sociedade Brasileira de Imunizações (SBIm), e André Bon, coordenador de infectologia do Hospital Brasília e head de infectologia da Rede Américas, para responder às principais dúvidas sobre o surto.
Um homem é retirado de uma ambulância ao chegar ao Hospital Geral de Referência de Bunia, após a confirmação de um surto de Ebola envolvendo a cepa Bundibugyo em Bunia, província de Ituri, República Democrática do Congo, em 16 de maio de 2026
REUTERS/Victoire Mukenge
O Ebola pode chegar ao Brasil?
Flávia Bravo afirma que o risco de o vírus chegar ao Brasil existe, mas é improvável no momento. Segundo ela, o risco é mundial —não exclusivamente brasileiro— e a própria OMS reconhece que as chances de uma epidemia ou pandemia ainda são distantes. O que motivou a declaração de emergência foi exatamente a necessidade de que os países reforcem seus mecanismos de vigilância antes que a situação se agrave.
A especialista ressalta que o vírus permanece concentrado em dois países e que a principal barreira ao contágio já está dada pela própria biologia do Ebola: ele não se transmite pelo ar nem por gotículas respiratórias. 
""É preciso um contato mais íntimo com secreções, sangue, fezes do indivíduo infectado"", disse Bravo. Isso o diferencia de doenças como o sarampo e a Covid-19, que se espalham com muito mais facilidade.
André Bon reforça a avaliação: a OMS classifica como baixo o risco de transmissão para países que não fazem fronteira com a região afetada. Ele lembra, porém, que o histórico do Brasil com surtos anteriores mostra que o sistema de saúde consegue identificar e isolar casos importados com eficiência. 
Em 2014, durante a epidemia que devastou Libéria, Guiné e Serra Leoa —com dezenas de milhares de casos confirmados e risco real de viajantes infectados chegando a outros países—, um caso suspeito chegou ao Brasil, foi prontamente identificado e encaminhado à estrutura de suporte criada à época. No final, o caso não se confirmou como Ebola. 
""O risco de introdução no Brasil é baixo, mas pelo alto risco da doença, é importante se manter vigilante"", disse Bon.
O que torna esse surto diferente dos anteriores?
A cepa responsável por este surto é o vírus Bundibugyo —identificado pela primeira vez em 2007, no distrito ugandense de Bundibugyo. Naquele primeiro surto, foram registrados 131 casos e 42 mortes, com taxa de letalidade de 32%.
Trata-se do terceiro surto documentado envolvendo essa cepa, após os episódios anteriores em Uganda (2007-2008) e na República Democrática do Congo (2012).
O que diferencia o Bundibugyo das cepas mais conhecidas é justamente a falta de resposta médica disponível. Bravo explica que as vacinas existentes foram desenvolvidas para o tipo Zaire do vírus Ebola e não oferecem proteção contra a variante em circulação agora.
O tratamento disponível é apenas de suporte —hidratação, controle da hemorragia e alívio dos sintomas—, sem nenhum medicamento capaz de eliminar o vírus.
A alta mortalidade do Ebola, diz a especialista, não resulta de falha médica ou de sistemas de saúde precários. Ela é inerente ao vírus: sem tratamento específico, o organismo enfrenta a infecção sem auxílio farmacológico.
Profissionais de saúde conduzem menina com suspeita de Ebola, em 12 de agosto de 2018, em Beni, nordeste da República Democrática do Congo.
JOHN WESSELS / AFP
Como a doença se transmite e quais são os sintomas?
O Ebola é transmitido pelo contato direto com fluidos corporais de uma pessoa infectada —sangue, secreções, fezes ou vômito— e também pelo contato com animais mortos pela doença. Não há transmissão à distância: é preciso exposição direta e significativa às secreções de alguém doente, o que diferencia o vírus de doenças respiratórias como o sarampo e a Covid-19.
Os primeiros sintomas são febre alta de início súbito, acompanhada de dor muscular intensa e manifestações gastrointestinais. Nos casos graves, o quadro evolui para sinais hemorrágicos —queda de plaquetas, hipotensão, choque e sangramentos de mucosas e do trato gastrointestinal— com semelhanças ao quadro grave da dengue. O período de incubação varia de 2 a 21 dias, com média entre 5 e 10 dias após o contágio. Durante esse intervalo, não há transmissão.
Bon orienta que pacientes vindos da República Democrática do Congo com febre devem acender o alerta imediato para suspeita de Ebola nas unidades de saúde. Bravo acrescenta que quem tiver transitado por regiões com casos ativos ou tido contato íntimo com alguém infectado precisa se isolar assim que os sintomas aparecerem. ""É uma responsabilidade individual"", afirma.
O Brasil está preparado para lidar com um caso suspeito?
O país dispõe de um protocolo para o Ebola desde os surtos anteriores, coordenado pelo Ministério da Saúde e incorporado ao Plano de Resposta de Emergência em Saúde Pública. Bravo afirma que o plano inclui vigilância de viajantes em portos e aeroportos, definição de critérios para classificar casos suspeitos e encaminhamento para confirmação laboratorial.
Quanto à capacitação dos profissionais de saúde, Bravo avalia que o Brasil tem histórico com doenças hemorrágicas, como a dengue grave e a febre amarela, o que garante conhecimento clínico para lidar com esse tipo de quadro.
Embora o país nunca tenha registrado um caso de Ebola, o manejo das manifestações hemorrágicas faz parte da formação médica e da enfermagem.
Mulher toma dose de vacina contra o Ebola em uma campanha da OMS na República Democrática do Congo em 2019
Baz Ratner/ Reuters
O mundo está mais preparado do que nos surtos anteriores?
Bravo acredita que sim. A experiência acumulada —especialmente com a pandemia de Covid-19— tornou os sistemas de saúde mais familiarizados com respostas de emergência em larga escala. Ao mesmo tempo, a especialista aponta um fator que complica cada vez mais o controle de surtos infecciosos: as mudanças climáticas, que alteram os padrões de circulação de vetores e reservatórios de vírus e ampliam as condições para que doenças como o Ebola se disseminem com maior frequência.
Bon avalia que, caso houvesse casos importados, o Brasil conseguiria montar uma resposta adequada. A chave está nos princípios básicos de contenção: isolamento, leitos com precauções adequadas e equipamentos de proteção individual para profissionais de saúde. O país tem familiaridade com doenças hemorrágicas —dengue grave e febre amarela— o que garante base clínica para lidar com o quadro, mesmo sem experiência prévia com o Ebola.",Fato,G1 Saúde / Oficial,https://g1.globo.com/saude/noticia/2026/05/22/ebola-no-congo-e-uganda-qual-e-o-risco-real-de-o-virus-chegar-ao-brasil.ghtml
"Atividade física promove 'limpeza' do cérebro, diz estudo","Tomografia do cérebro humano.
Pexels
Cada vez que você fica em pé, dá um passo ou simplesmente contrai o abdômen, algo curioso acontece dentro da sua cabeça: o cérebro se move. E esse movimento, por menor que seja, pode não apenas fortalecer músculos e coração, mas também desempenhar um papel importante na saúde cerebral.
É o que indica um novo estudo publicado na Nature Neuroscience por uma equipe da Universidade Estadual da Pensilvânia, nos EUA, que identificou um possível mecanismo por trás de algo que os cientistas já suspeitavam havia algum tempo: o exercício não beneficia o cérebro apenas de forma indireta, mas pode contribuir para processos de ""limpeza"" cerebral ao favorecer o movimento de fluidos envolvidos na eliminação de resíduos.
O abdômen como gatilho do movimento cerebral
A chave estaria no abdômen. Cada vez que os músculos abdominais se contraem, mesmo com a tensão mínima necessária para caminhar, eles deslocam sangue por meio de uma rede de veias conhecida como plexo venoso vertebral, conectada à cavidade abdominal e à medula espinhal.
Essa pressão chega ao cérebro e provoca um leve deslocamento dentro do crânio. De acordo com as simulações feitas pelos pesquisadores, esse movimento também favorece a circulação do líquido cefalorraquidiano (LCR), o fluido que envolve e protege o cérebro, ajudando potencialmente a redistribuir substâncias de descarte associadas à atividade neuronal.
""Quando os músculos abdominais se contraem, eles empurram o sangue do abdômen em direção à medula espinhal, como em um sistema hidráulico, exercendo pressão sobre o cérebro e fazendo com que ele se mova"", explicou Patrick Drew, autor principal do estudo, em comunicado.
Agora no g1
O que os experimentos com camundongos revelaram
Os pesquisadores comprovaram esse efeito em camundongos. Utilizando uma técnica que permite obter imagens de alta definição de tecidos vivos eles observaram, por meio de pequenas janelas abertas no crânio dos animais, que o cérebro mudava sutilmente de posição quando os músculos abdominais eram ativados para colocar o corpo em movimento.
Para confirmar que essa era de fato a causa, os cientistas aplicaram uma pressão suave e controlada sobre o abdômen de camundongos anestesiados. Mesmo com os animais imóveis, a pressão abdominal foi suficiente para provocar novamente o deslocamento do cérebro. Quando a pressão cessava, ele retornava à posição original.
Em seguida, para entender como o líquido cefalorraquidiano circulava, a equipe recorreu a simulações computacionais. Segundo esses modelos, o leve movimento do cérebro poderia favorecer o deslocamento do LCR em direção ao espaço entre o cérebro e o crânio, com um padrão de circulação diferente daquele observado durante o sono.
Sono, movimento e circulação cerebral
""O cérebro tem uma estrutura semelhante à de uma esponja, no sentido de que possui um esqueleto macio e o fluido pode se mover através dele (...). Como se limpa uma esponja suja? Coloca-se debaixo da torneira e depois se espreme"", explicou Francesco Costanzo, responsável pela modelagem matemática do estudo.
Esse detalhe é significativo porque as simulações sugerem que o líquido cefalorraquidiano pode circular de maneira diferente durante o movimento e durante o sono. Segundo os pesquisadores, essa diferença pode ajudar a compreender melhor como diversas atividades do corpo influenciam a circulação de fluidos dentro e ao redor do cérebro.
""Esse tipo de movimento é muito leve, mas pode fazer uma grande diferença para a saúde do cérebro"", concluiu Drew.
Remédios para colesterol e corticoide recolhidos: veja o que fazer",Fato,G1 Saúde / Oficial,https://g1.globo.com/saude/noticia/2026/05/22/atividade-fisica-promove-limpeza-do-cerebro-diz-estudo.ghtml
"É #FAKE que nome do hantavírus venha do hebraico; termo faz referência ao rio Hantan, na Coreia do Sul","É #FAKE que nome 'hantavírus' venha do hebraico; palavra foi escolhida em homenagem ao rio Hantan, da Coreia do Sul
Reprodução
Circulam nas redes sociais publicações alegando que o termo ""hantavírus"" teria origem hebraica e que ""hanta"" significaria ""mentira"". É #FAKE.
Selo Fake (Horizontal)
g1
🛑 Como são os posts?
Publicados no X, Facebook e Instagram neste mês, diversos posts citam que ""hanta"", em hebraico, significa fraude, sugerindo que a doença não passaria de uma farsa.
Veja dois exemplos de legendas: ""'Hanta' em hebraico literalmente significa fraude, falso, mentira. Só para o caso de a farsa do 'vírus' não ter ficado suficientemente óbvia""; e ""O hantavírus é falso. Em hebraico moderno, hanta é gíria para golpe, mentira, invenção ou completo absurdo"".
Mas isso não é verdade. O hantavírus recebeu esse nome em referência ao rio Hantan, na Coreia do Sul, onde foram identificados ratos silvestres contaminados, em 1976. Além disso, especialistas em hebraico ouvidos pelo Fato ou Fake apontaram que a nomenclatura ""hanta"" não tem tem qualquer relação com o idioma (leia mais abaixo).
⚠️ Por que é #FAKE?
Em 1976, o médico sul-coreano Ho Wang Lee identificou o agente infeccioso em ratos do campo encontrados principalmente na região do rio Hantan. Dois anos depois, após uma série de testes, o virologista e sua equipe publicaram as descobertas sobre o vírus.
O médico teve dúvidas sobre como nomeá-lo, mas defendeu usar ""Vírus Hantaan"", em citação ao rio — o ""a"" a mais na palavra foi apenas um mecanismo de tornar a pronúncia de estrangeiros mais próxima do coreano.
""Como o patógeno foi descoberto em um rato-do-campo-listrado capturado em Songnae-ri, Dongducheon-si, decidiu-se chamá-lo de vírus Hantaan, em homenagem ao rio Hantaan, que fica próximo"", escreveu Lee em um artigo de 2019 do períodico científico do ""Journal of Bacteriology and Virology"". 
""A razão é que eu queria que, apenas ao olhar para o nome do vírus, fosse possível saber que ele foi descoberto na Coreia por um coreano, e também queria informar ao mundo que o nível da pesquisa médica na Coreia é alto.""
Segundo o virologista, o rio Hantan tem um histórico simbólico, por ter sido utilizado como rota de fuga da Coreia do Norte durante a Guerra da Coreia (1950-1953) – veja mapa abaixo. 
Rio Hantan fica na Coreia do Sul, próximo da fronteira com a Coreia do Norte.
Google Maps
Nessa época, mais de 20 anos antes da publicação dos pesquisadores, foram reconhecidos os primeiros casos da doença, então chamada de febre hemorrágica coreana.
""A confirmação somente foi possível em 1978, com o isolamento do vírus de um roedor infectado experimentalmente e, posteriormente, propagado em cultivo celular"", explicou ao Fato o Fake a pesquisadora Elba Lemos, o Instituto Oswaldo Cruz (IOC/Fiocruz).
Ao longo dos anos, outros vírus do mesmo grupo foram identificados em regiões de Ásia, África, Europa e América. A partir disso, a categoria foi nomeada como ""hantavírus"".
O hantavírus é transmitido principalmente por roedores silvestres e pode causar problemas respiratórios e cardíacos, além de febres hemorrágicas. Leia mais aqui.
A transmissão entre pessoas é rara e só foi registrada em casos da cepa andina, presente no Chile e na Argentina. Essa é a variante identificada no surto do cruzeiro HV Mondius, que deixou três mortos.
Embora o Brasil registre casos de hantavirose todos os anos, nenhum deles tem relação com a cepa Andes. 
Para verificar se havia qualquer ligação do termo ""hanta"" com o hebraico, o Fato ou Fake consultou Gabriel Steinberg, professor de Língua e Literatura Hebraica no Departamento de Letras Orientais da Filosofia, Letras e Ciências Humanas (FFLCH) da Universidade de São Paulo (USP). Ele desmentiu as alegações:
""O termo 'Hantavírus' não tem nenhuma relação com a língua hebraica. Hanta não é uma palavra em hebraico sequer"".
O Fato ou Fake também mostrou os posts falsos a Dror Marko, professor da escola Hebraico sem Fronteiras, que também rechaçou as publicações enganosas:
""Não existe uma palavra que se pronuncia 'hanta'. O mais próximo que existe disso é uma palavra que se pronuncia 'HANTÁ' ou 'CHANTÁ', esse H ou CH é pronunciado bem forte, arranhando a garganta. Mas significa 'estacionou', mais especificamente 'ela estacionou'"".
Na seção de comentários dos posts falsos, usuários mostraram capturas de tela de conversas com ferramentas de inteligência artificial (IA) que apontaram que ""hanta"" seria uma gíria em hebraico. 
No entanto, o termo em questão se pronuncia ""harta"", gíria usada em Israel que vem do árabe. Embora signifique algo como ""papo furado"", a pronúncia é completamente diferente de ""hanta"":
""HARTA, CHARTA ou KHARTA, depende do padrão de transliteração, e a primeira letra se pronuncia forte. Com letras em hebraico, se escreve חרטא. Mas, como se vê, se pronuncia com som de R no meio"", explicou Dror Marko.
É #FAKE que nome 'hantavírus' venha do hebraico; palavra foi escolhida em homenagem ao rio Hantan, da Coreia do Sul
Reprodução
Veja também 
É #FAKE foto de Carlo Ancelotti dormindo no jogo Athletico-PR x Flamengo
É #FAKE foto de Carlo Ancelotti dormindo no jogo Athletico-PR x Flamengo;
VÍDEOS: Os mais vistos agora no g1
Veja os vídeos que estão em alta no g1
VÍDEOS: Fato ou Fake explica
 
VEJA outras checagens feitas pela equipe do FATO ou FAKE
Adicione nosso número de WhatsApp +55 (21) 97305-9827 (após adicionar o número, mande uma saudação para ser inscrito)
GloboPop: clique para ver vídeos do palco de Fato ou Fake",Fato,G1 Saúde / Oficial,https://g1.globo.com/fato-ou-fake/noticia/2026/05/22/e-fake-que-nome-do-hantavirus-venha-do-hebraico-termo-faz-referencia-ao-rio-hantan-na-coreia-do-sul.ghtml
"Bactéria Fusobacterium, que vive naturalmente na boca, é encontrada em 64% das pacientes com endometriose, aponta estudo","Bactéria Fusobacterium é encontrada em 64% das pacientes com endometriose, aponta estudo
Adobe Stock
Quase dois terços das mulheres com endometriose analisadas em um estudo apresentaram a bactéria Fusobacterium no revestimento uterino. Os pesquisadores identificaram a presença do microrganismo em 64% das pacientes com a doença, contra menos de 10% das mulheres sem endometriose. 
O trabalho, conduzido por pesquisadores da faculdade de medicina de Nagoya, no Japão, e publicado na revista científica ""Science Translational Medicine"", também mostrou que o tratamento com antibióticos reduziu lesões da doença em camundongos.
Segundo os autores, a infecção bacteriana parece estimular um ambiente inflamatório no endométrio capaz de favorecer o desenvolvimento da endometriose. O estudo sugere que eliminar a bactéria pode representar uma possível estratégia terapêutica no futuro.
Os pesquisadores analisaram tecidos endometriais de mulheres com e sem endometriose e observaram uma diferença expressiva na presença da bactéria Fusobacterium.
Agora no g1
A infiltração bacteriana foi identificada em:
64,3% dos tecidos endometriais de pacientes com endometriose; 
52,4% das lesões endometrióticas ovarianas; 
apenas 7,1% das mulheres sem a doença. 
De acordo com o estudo, a bactéria Fusobacterium nucleatum altera o microambiente do endométrio e desencadeia uma resposta inflamatória ligada ao crescimento da doença.
A vice-presidente da Sociedade Brasileira de Infectologia, Tania Vergara, explicou ao g1 que a Fusobacterium nucleatum é um microrganismo que vive naturalmente na boca, mas pode disseminar-se para outros locais do corpo. Dessa forma, ela pode se tornar um patógeno oportunista e se associar a inúmeras doenças locais e sistêmicas.
Além disso, ela apresenta uma associação particularmente forte com o câncer colorretal, podendo desempenhar papel na carcinogênese.
“É relativamente comum que o Fusovacterium nucleatum atinja o endométrio, mas não é considerado como parte da microbiota endometrial normal. A migração da cavidade oral para o endométrio ocorre por disseminação pela corrente sanguínea, em especial quando há doença periodontal”, explica. 
A médica acrescenta que algumas condições favorecem a presença dela no endométrio: endometriose, complicações obstétricas, infecções intrauterinas. E A presença da bactéria mesmo fora da cavidade oral não significa necessariamente infecção ativa. Pode haver colonização assintomática, translocação sem infecção ativa e colonização patológica subclínica (como estar em associação com tumores retais e endometriose, sem provocar sintomas de infecção aguda). 
“O uso prolongado de antibióticos representa um risco importante para que esta bactéria se comporte como um patógeno oportunista através de mecanismos que alteram tanto a bactéria quanto o ecossistema microbiano”, explica.
Além disso, o uso inadequado de antibióticos (com doses e duração erradas) altera a microbiota intestinal protetora, induzindo a alterações na bactéria e as cepas menos sensíveis aos antibióticos.  
O que cárie e gengivite têm a ver com AVC? Estudo indica aumento significativo no risco de derrame 
Proteína ligada à fibrose aumentou nas pacientes
Os pesquisadores também identificaram aumento da proteína TAGLN nos tecidos de mulheres com endometriose.
A TAGLN é associada aos miofibroblastos — células envolvidas em processos de fibrose, cicatrização e inflamação crônica.
A expressão da proteína foi:
menor em mulheres sem endometriose; 
intermediária no endométrio de pacientes com a doença; 
mais elevada nas lesões ovarianas. 
Os testes mostraram que o aumento da TAGLN deixou as células com maior capacidade de proliferação, migração e adesão — características relacionadas à progressão da endometriose.
Quando os pesquisadores reduziram artificialmente os níveis da proteína em laboratório, houve diminuição da proliferação celular e da capacidade de migração.
Inflamação parece ser peça central
O estudo mostrou que a infecção por Fusobacterium ativa a via de sinalização do TGF-β1, molécula associada à inflamação e à fibrose.
Segundo os pesquisadores, essa ativação faz com que fibroblastos “quiescentes” se transformem em miofibroblastos positivos para TAGLN.
Além disso, as células passaram a produzir maiores quantidades de IL-6, uma citocina inflamatória ligada ao crescimento celular.
Os autores também observaram aumento de macrófagos do tipo M2 — células imunológicas produtoras de TGF-β1 — nos tecidos das pacientes com endometriose.
Em laboratório, até bactérias mortas de Fusobacterium nucleatum foram capazes de estimular a produção de TGF-β1.
Antibióticos reduziram lesões em camundongos
Os pesquisadores testaram o efeito da bactéria em um modelo experimental com camundongos.
Os animais infectados com Fusobacterium nucleatum apresentaram:
aumento do número de lesões endometrióticas; 
lesões maiores e mais pesadas; 
maior infiltração inflamatória; 
aumento de células TAGLN-positivas. 
Já outras bactérias analisadas no estudo, como Lactobacillus iners e Escherichia coli, não produziram o mesmo efeito.
Os cientistas então administraram os antibióticos metronidazol e cloranfenicol nos animais infectados.
Após o tratamento, houve:
eliminação da bactéria; 
redução da inflamação; 
diminuição da expressão de TAGLN; 
redução do número e do peso das lesões. 
Mesmo quando os antibióticos foram administrados após o desenvolvimento da doença, os pesquisadores observaram diminuição do peso das lesões endometrióticas.
Estudo sugere nova linha de investigação
Os autores afirmam que os dados ajudam a ampliar a compreensão sobre os mecanismos envolvidos no desenvolvimento da endometriose.
Segundo eles, a infecção por Fusobacterium nucleatum pode criar um ambiente inflamatório favorável à progressão da doença e estimular alterações celulares associadas à formação das lesões.
O estudo conclui que estratégias voltadas à eliminação da bactéria podem representar uma possível abordagem terapêutica para endometriose no futuro.
O que é endometriose
A endometriose ocorre quando tecido semelhante ao revestimento interno do útero cresce fora da cavidade uterina.
A doença afeta cerca de 10% das mulheres em idade reprodutiva e pode causar dor pélvica intensa, alterações menstruais e infertilidade.
Como os sintomas variam e o diagnóstico muitas vezes depende de cirurgia, muitas pacientes levam anos até receber a confirmação da doença.
Por isso, pesquisas que buscam marcadores menos invasivos da doença são consideradas uma das principais frentes da investigação científica sobre endometriose.
LEIA TAMBÉM:
Endometriose acomete uma em cada 10 mulheres no Brasil, mas diagnóstico pode levar até 10 anos; entenda
Os sinais na boca, no intestino e na vagina que podem ajudar a detectar endometriose",Fato,G1 Saúde / Oficial,https://g1.globo.com/saude/noticia/2026/05/22/bacteria-fusobacterium-que-vive-naturalmente-na-boca-e-encontrada-em-64percent-das-pacientes-com-endometriose-aponta-estudo.ghtml
"O que a ciência diz sobre os suplementos de NMN, NAD+ e resveratrol que prometem retardar o envelhecimento","O que a ciência diz sobre os suplementos de NMN, NAD+ e resveratrol que prometem retardar o envelhecimento
Adobe Stock
À medida que mais e mais pessoas buscam maneiras de ficar jovens por mais tempo, a indústria de suplementos foi além dos cremes e soluções cosméticas para algo mais ambicioso: produtos que alegam retardar o envelhecimento ao atuar sobre os processos celulares.
Entre os compostos mais divulgados estão NAD+, NMN e resveratrol, frequentemente descritos como auxiliares na reparação celular, na produção de energia e no envelhecimento saudável. Mas o que eles realmente fazem, onde estão sendo usados e quão sólidas são as evidências?
Para entender essas alegações, é útil separar três coisas: a molécula NAD+, os compostos vendidos para aumentá-la e os produtos, como suplementos, cremes e soros, que os contêm.
A nicotinamida adenina dinucleotídeo, ou NAD+, é uma coenzima encontrada em todas as células vivas. Uma coenzima é uma molécula auxiliar que permite que as enzimas realizem reações químicas no corpo. A NAD+ desempenha um papel essencial no metabolismo energético, na reparação do DNA, na inflamação e na atividade de uma família de proteínas envolvida nas respostas ao estresse celular.
Agora no g1
Os níveis de NAD+ tendem a diminuir com a idade, embora esse declínio seja complexo e possa variar entre os tecidos. A menor disponibilidade de NAD+ tem sido associada à redução da função mitocondrial, o que significa menor atividade nas estruturas celulares que ajudam a produzir energia. Essa é uma das alterações biológicas associadas ao envelhecimento.
NAD+ em cremes e séruns
A NAD+ começou a aparecer em cremes e séruns para a pele, mas as evidências são ainda menos robustas nesse caso do que no de suplementos.
Embora a NAD+ seja importante para a energia e a reparação das células da pele, ainda não está claro se a NAD+ tópica em cremes comuns consegue penetrar na pele em quantidades suficientes para produzir efeitos antienvelhecimento significativos.
Ingredientes mais bem estabelecidos, como protetor solar, retinóides e niacinamida, atualmente apresentam evidências muito mais sólidas para melhorar os sinais visíveis do envelhecimento da pele.
O que comer para viver mais: os alimentos mais estudados pela ciência ligados à proteção do coração e à maior longevidade
Precursores da NAD+ como suplementos
Como não se acredita que a NAD+ em si seja absorvida de forma eficiente quando ingerida, muitas pesquisas têm se concentrado nos precursores da NAD+. Precursores são compostos que o corpo pode converter em outra substância. Nesse caso, são compostos que o corpo pode converter em NAD+. Dois dos mais conhecidos são o mononucleotídeo de nicotinamida (NMN) e o ribosídeo de nicotinamida (NR).
Em estudos com animais, os precursores da NAD+ produziram resultados promissores. Camundongos mais velhos que receberam esses compostos apresentaram melhorias no metabolismo energético, na sensibilidade à insulina e em aspectos da função física. Alguns estudos também relataram melhorias em medidas relacionadas à saúde e à expectativa de vida em modelos animais, embora esses achados variem de acordo com o modelo e não sejam diretamente aplicáveis aos seres humanos. Esses resultados ajudaram a gerar um enorme interesse comercial, mas transformar estudos promissores em camundongos em benefícios significativos para as pessoas tem se mostrado muito mais difícil.
Ensaios clínicos em humanos sugerem que o NMN e o NR podem elevar os níveis de NAD+, ou marcadores relacionados à atividade da NAD+, no sangue e nos tecidos. No entanto, as evidências mais fortes referem-se a alterações no sangue, enquanto as evidências de efeitos significativos em tecidos específicos ainda são limitadas. 
Alguns pequenos estudos relataram possíveis benefícios para a saúde metabólica, incluindo a sensibilidade à insulina em grupos específicos. Outros exploraram efeitos potenciais sobre a massa muscular, mas revisões recentes não encontraram evidências convincentes de que o NMN ou o NR preservem a massa ou a função muscular em idosos.
Quando os pesquisadores analisam resultados que dizem respeito mais diretamente ao envelhecimento cotidiano, como força, cognição, fragilidade ou idade biológica, o quadro fica muito menos claro. A idade biológica é uma estimativa controversa de quão velho o corpo parece em nível celular ou molecular. Um grande problema é que o envelhecimento se desenrola ao longo de um longo período, enquanto a maioria dos ensaios com suplementos dura apenas semanas ou meses.
Resveratrol
O resveratrol é outro composto frequentemente promovido para o antienvelhecimento, mas é diferente do NMN e do NR. Não é um precursor da NAD+. Ele pertence a um grupo de substâncias químicas naturais das plantas chamadas polifenóis e é encontrado em uvas vermelhas, frutas vermelhas e amendoins.
Em estudos de laboratório e em animais, o resveratrol tem sido associado a níveis mais baixos de inflamação e à melhora da função mitocondrial, o que significa melhor atividade nas partes das células que ajudam a produzir energia.
A dificuldade é que o resveratrol tem baixa biodisponibilidade oral. Isso significa que grande parte do que é ingerido é degradado ou modificado antes de chegar aos tecidos na forma e concentração utilizadas em experimentos de laboratório. Isso cria uma grande lacuna entre o que o resveratrol pode fazer nas células em uma placa de cultura e o que um suplemento provavelmente fará no corpo humano. Até o momento, ensaios em humanos não mostraram evidências convincentes de que o resveratrol retarda o envelhecimento, e as descobertas sobre benefícios cardiovasculares e anti-inflamatórios continuam contraditórias.
O resveratrol pode interagir com alguns medicamentos, especialmente anticoagulantes e antiagregantes plaquetários, frequentemente descritos como medicamentos para afinar o sangue. Altas doses também podem causar efeitos colaterais, como sintomas gastrointestinais. Qualquer pessoa que tome medicação regularmente, lide com uma condição crônica, esteja grávida ou amamentando deve consultar um médico antes de tomar suplementos em altas doses.
Então, a NAD+, o NMN e o resveratrol são o elixir da juventude? Não. A principal distinção está entre plausibilidade biológica e benefício comprovado. Esses compostos não são biologicamente implausíveis: eles atuam em vias reais envolvidas na produção de energia, respostas ao estresse e manutenção celular. Mas afetar uma via não é o mesmo que retardar o envelhecimento em uma pessoa.
Em humanos, as evidências até o momento sugerem possíveis benefícios em contextos limitados, mas permanecem grandes dúvidas sobre a segurança a longo prazo, as doses ideais e quem tem mais chances de se beneficiar. A ciência é plausível, mas o marketing frequentemente transforma “isso afeta um processo associado ao envelhecimento” em “este suplemento vai mantê-lo jovem”.
Por enquanto, as formas mais comprovadas de promover um envelhecimento saudável continuam sendo bem menos glamorosas: exercícios regulares, sono de qualidade, uma dieta equilibrada, evitar o tabagismo, limitar o consumo de álcool e controlar condições de saúde crônicas. Os suplementos podem eventualmente se mostrar úteis, mas, no momento, as evidências para se manter mais jovem por mais tempo são muito mais fortes para os hábitos cotidianos do que para os produtos antienvelhecimento.
Os autores não prestam consultoria, trabalham, possuem ações ou recebem financiamento de qualquer empresa ou organização que se beneficiaria deste artigo e não revelaram qualquer vínculo relevante além de seus cargos acadêmicos.",Fato,G1 Saúde / Oficial,https://g1.globo.com/saude/noticia/2026/05/21/o-que-a-ciencia-diz-sobre-os-suplementos-de-nmn-nad-e-resveratrol-que-prometem-retardar-o-envelhecimento.ghtml
'Olimpíadas dos Esteroides': a competição onde o doping é permitido,"'Olimpíadas dos Esteroides': a competição onde o doping é permitido
BBC Sport
Na famosa Strip de Las Vegas — uma cidade conhecida por ultrapassar limites na busca por entretenimento e lucro — um dos eventos mais polêmicos da história do esporte está prestes a assumir o centro das atenções.
Com atletas que utilizaram substâncias proibidas para melhorar o desempenho em competições convencionais, a edição inaugural dos Enhanced Games (Jogos Aprimorados, em tradução livre) acontecerá neste final de semana, provocando tanto consternação quanto intriga.
Para muitos críticos, a ""Cidade do Pecado"" é um local apropriado para o que consideram um espetáculo perturbador, que, segundo eles, normaliza o doping, enfraquece a longa luta contra fraudes no esporte e coloca em risco a saúde dos participantes.
Os responsáveis pelo que está sendo chamado de ""Jogos Olímpicos dos Esteroides"" insistem que o evento irá recompensar a excelência atlética, celebrar a inovação científica e explorar o potencial humano.
Agora no g1
Mas que forças estão por trás dos Enhanced Games? Isso é um prenúncio do futuro do esporte?
Dinheiro e recordes
Três meses se passaram desde que um grupo de cerca de 40 atletas dos Enhanced Games, representando corrida de velocidade, natação e levantamento de peso, se reuniu em Abu Dhabi para participar com todas as despesas pagas de um campo de treinamento em um resort de luxo com instalações esportivas de última geração.
Atraídos por cachês que a maioria dos atletas só consegue sonhar, juntamente com a perspectiva de um prêmio de US$ 1 milhão (cerca de R$ 5 milhões) caso superassem o recorde mundial em sua modalidade, o evento era uma oportunidade de estender ou reanimar carreiras esportivas.
E, além disso, havia substâncias proibidas podendo ser usadas.
Em um hospital a cerca de 20 minutos de carro, nos arredores da cidade, os atletas receberam programas personalizados de “protocolos de aprimoramento” — substâncias estritamente proibidas pela Agência Mundial Antidoping (Wada), mas permitidas ali.
Embora os concorrentes ainda não tenham declarado exatamente o que cada um tomou, sabe-se que os medicamentos para melhorar o desempenho (PEDs, na sigla em inglês) administrados incluem testosterona, esteroides anabolizantes (como metenolona e nandrolona), hormônios e fatores de crescimento (incluindo HGH e EPO), moduladores metabólicos e estimulantes.
A BBC não teve acesso ao hospital durante a visita ao campo de treinamento dos Enhanced Games em fevereiro. Mas os organizadores enfatizaram que todas essas substâncias foram aprovadas pela Food and Drug Administration dos EUA (FDA, em inglês — agência americana de saúde pública) e administradas como parte de um ensaio clínico sob rigorosa supervisão médica, com todos os participantes sob monitoramento.
Desde o seu lançamento, no entanto, o projeto tem sido condenado por entidades esportivas e autoridades antidoping.
Diante da repercussão negativa, o Comitê Olímpico Internacional (COI) e a Wada o classificaram como ""imoral"" e ""um conceito perigoso e irresponsável"" em uma declaração conjunta no ano passado. Sebastian Coe, presidente da World Athletics, a associação internacional de atletismo, disse que qualquer um que participar do evento é um ""idiota"". E a World Aquatics, órgão internacional de esportes aquáticos, tornou-se a primeira entidade reguladora a banir qualquer pessoa envolvida nos Enhanced Games de seus eventos.
Guerra contra o doping
Durante décadas, o esporte travou uma árdua batalha contra o doping, em uma tentativa de preservar a integridade da competição e garantir que quem assiste possa acreditar no que vê.
Agora, eis que surge um evento que, para muitos, viola os princípios tradicionais do jogo limpo. Um evento que, independentemente do que digam os organizadores sobre não haver relação com o esporte convencional, estabelece um mau exemplo e pode levar a um aumento das fraudes em competições tradicionais.
Os responsáveis pelos Enhanced Games têm vários argumentos para defender o conceito:
O sistema existente não recompensa adequadamente os atletas cujos talentos e dedicação fornecem o entretenimento do qual as entidades esportivas dependem para gerar receita. O COI afirma redistribuir 90% de sua receita para o esporte. Ainda assim, todos os atletas dos Enhanced Games com quem a BBC falou em Abu Dhabi disseram que o dinheiro era sua principal motivação e sentiram que foram mal remunerados durante suas carreiras.
A luta contra o doping tem se mostrado inútil, cara e inconsistente, com a estrutura de regras e sanções levando o doping à clandestinidade — onde o uso de substâncias torna a prática ainda mais perigosa para a saúde dos atletas. Os organizadores dos Enhanced Games insistem que uma abordagem baseada na liberdade, escolha e abertura — mas conduzida de forma controlada — é preferível. Poderiam os Enhanced Games abrir um novo debate sobre o antidoping? No ano passado, David Howman, que preside a Unidade de Integridade do Atletismo (AIU, entidade que fornece ajuda a atletas) e anteriormente liderou a Wada, admitiu que o sistema antidoping havia “estagnado”, dizendo que “atualmente não somos eficazes o suficiente para pegar trapaceiros”. Mas isso não significa que o apoio público às regras esteja diminuindo. Pesquisas mostraram que a maioria ainda acredita que proteger o esporte justo é crucial e apoia a proibição para infratores.
Os Enhanced Games irão mostrar uma nova fronteira de autoaperfeiçoamento e do uso da ciência para ultrapassar limites biológicos. Isso seria muito mais do que um evento esportivo. Em março, a empresa responsável pelos Enhanced Games lançou em seu site uma ""plataforma de medicina personalizada e suplementos"", promovendo seus ""produtos de desempenho e longevidade"", incluindo terapias de reposição hormonal para homens e mulheres, peptídeos e medicamentos para perda de peso.
Novo mercado
“Acredito que os consumidores observarão os resultados tangíveis alcançados pelos atletas do Enhanced Group e procurarão aplicar essas melhorias em suas próprias vidas”, escreveu o investidor de risco alemão Christan Angermayer, que é cofundador e maior acionista da Enhanced e também investidor em uma empresa de biotecnologia psicodélica.
Outros patrocinadores incluem o bilionário da tecnologia Peter Thiel — um empresário libertário que já trabalhou dando conselhos ao presidente americano Donald Trump — e o 1789 Capital, um fundo de investimento do qual Donald Trump Jr, o filho mais velho do presidente americano, é sócio.
“O evento esportivo do Enhanced Group ampliará enormemente o mercado, conscientizando milhões e milhões de pessoas sobre o poder da melhoria de desempenho”, disse Angermayer, em comentários que podem reforçar a visão de que o evento seria uma mera ferramenta de marketing.
“Acredito que estamos apenas no início de uma megatendência global de uma década de aprimoramento humano e biotecnologia de consumo.”
O nadador olímpico britânico Ben Proud diz que os Enhanced Games estão lhe dando “uma nova oportunidade” e não prejudicam o esporte limpo
Getty Images / BBC
Os jogos acontecem em um momento em que surgem preocupações sobre a medicalização da sociedade ocidental, com as mídias sociais e a “looksmaxxing” sendo culpadas por alimentar a demanda por injeções para perda de peso, tratamentos cosméticos e substâncias de desempenho. 
De acordo com o UK Antidoping (Ukad, entidade britânica de combate ao doping), um número “preocupante” de jovens está sendo exposto regularmente a anúncios nas redes sociais de substâncias de melhoria de desempenho ""potencialmente fatais"".
Nos EUA, o FDA está considerando aliviar as restrições ao uso de injeções de peptídeos depois que o secretário de Saúde (cargo equivalente a ministro), Robert F Kennedy Jr, pressionou pela desregulamentação dessas terapias.
A medida foi bem recebida pela Enhanced, que disse estar “planejando oferecer acesso a peptídeos adicionais”.
Historicamente, tipos sintéticos de peptídeos são injetados por levantadores de peso e fisiculturistas para melhorar o desempenho, mas os críticos alertam que eles podem apresentar uma variedade de problemas de saúde.
A presidente-executiva do Ukad, Jane Rumble, disse à BBC que os Enhanced Games “enviam uma mensagem perigosa sobre PEDs, com pouco ou nada dito sobre os riscos à saúde associados, e esses riscos são significativos”.
O professor Ian Boardley, da Universidade de Birmingham, cuja pesquisa foi apoiada pela Wada, afirma que os competidores enfrentam maior risco de ataques cardíacos e problemas psiquiátricos e que as garantias dos organizadores sobre supervisão médica são ""incorretas e enganosas"".
A BBC perguntou ao nadador australiano da Enhanced, James Magnussen, cujo físico visivelmente mais musculoso após uso de PEDs no ano passado viralizou na internet, se ele tinha alguma preocupação.
“Acredito que, se houvesse implicações de longo prazo para minha saúde, certamente haveria alguns indicadores de curto a médio prazo que apontariam 'ei, isso não vai bem, você está tendo efeitos colaterais'. Até o momento, não vimos nada disso”, disse Magnussen, que ganhou três medalhas olímpicas.
""Como atletas profissionais, já assumimos riscos com nossa saúde naturalmente pelo que fazemos. Não há nada saudável em treinar no limite máximo da capacidade física por 30 horas por semana.""
O australiano James Magnussen abandonou sua aposentadoria para competir nos Enhanced Games
Getty Images / BBC
Alguns acham que o ex-campeão mundial tem razão.
Byron Hyde, pesquisador associado honorário da Universidade de Bangor, diz que os críticos ""ignoram o fato de que os Enhanced Games tornam explícito aquilo que a sociedade sempre aceitou silenciosamente — que a maioria das pessoas está disposta a assistir atletas arriscarem danos a si mesmos quando o entretenimento é bom o suficiente.
""Isso é algo que todas as entidades esportivas deveriam considerar mais. Se o trauma cerebral é o preço potencial do entretenimento no boxe, por que a indignação com os riscos do aprimoramento farmacêutico? 
“Pesquisas documentaram sérios danos físicos e psicológicos em muitos esportes. Os Enhanced Games apenas elevam ainda mais o limite de um risco que a sociedade já aceitou.”
Esse argumento não é aceito pela diretora da UK Sport (agência do governo britânico para esportes), Kate Baker.
""Estamos comprometidos em vencer da maneira correta"", disse à BBC. ""Sabemos que tivemos alguns episódios no passado dos quais não nos orgulhamos, mas nos afastamos muito disso.""
“Então, até mesmo reconhecer os Enhanced Games como algo real é muito difícil para nós. É algo ao qual nos opomos totalmente. Se você tiver um alto potencial em nosso sistema, receberá apoio para atingir seu potencial e o fará de uma forma saudável e não prejudicial a você.""
""Recentemente voltamos a nos comunicar com todos os nossos atletas para confirmar que poderão violar nossa política de elegibilidade caso decidam se envolver nesses eventos. Eles não seriam aptos a receber financiamento da UK Sport, e também perderiam acesso ao nosso apoio técnico e médico.""
Enquanto o debate se intensifica, em Las Vegas, uma arena construída especialmente para o Enhanced Games está pronta para receber mais de 2 mil convidados em um evento que será transmitido ao vivo para os curiosos.
É um evento que, de acordo com Angermayer, “é otimizado para o consumo visual de seus esportes via mídia social” e tem “o potencial de evoluir para uma das novas franquias esportivas mais valiosas criadas em décadas”.
Se essa confiança é justificada, é incerto. 
No ano passado, uma pesquisa da Ukad descobriu que 66% dos pais disseram que não assistiriam ao evento nem deixariam seus filhos assistirem. Questionada sobre sua opinião, a secretária de Cultura do Reino Unido, Lisa Nandy, disse à BBC que considera o evento ""um espetáculo secundário. Parece estar se mostrando muito menor do que nos disseram que seria, e não tenho interesse nesse tipo de esporte.""
Independentemente do nível de interesse, será possível saber se os participantes conseguem superar o recorde mundial não oficial alcançado no ano passado, em um evento experimental, pelo nadador grego dos Enhanced Games Kristian Gkolomeev, com a ajuda de substâncias de melhoria de desempenho e um traje de banho proibido em competições convencionais. Esse tempo já foi superado posteriormente por um nadador que compete de forma limpa.
O mundo tradicional do esporte está sendo desafiado como raramente antes, com uma série de disruptores e inovadores ultrapassando os limites em busca de novos públicos e crescimento de receita.
Mas ainda não se tinha visto um evento tão polêmico como os Enhanced Games.
Os responsáveis afirmam que vieram para ficar e que podem em breve se expandir para mais eventos e outras modalidades.
A questão é: a que custo?
Ilustração de Klawe Rzeczy
Usamos inteligência artificial para traduzir esta reportagem, originalmente escrita em inglês. O texto foi revisado por um jornalista da BBC antes da publicação.",Fato,G1 Saúde / Oficial,https://g1.globo.com/saude/noticia/2026/05/21/olimpiadas-dos-esteroides-a-competicao-onde-o-doping-e-permitido.ghtml
SUS adota novo exame para detectar câncer de intestino antes dos sintomas,"Câncer colorretal deve causar 635 mil mortes e perdas bilionárias no Brasil até 2030
Adobe Stock
O Ministério da Saúde anunciou nesta quinta-feira (21) um novo protocolo nacional para rastreamento do câncer colorretal no Sistema Único de Saúde (SUS). 
A partir da medida, o chamado Teste Imunoquímico Fecal (FIT, na sigla em inglês) passa a ser o exame de referência para homens e mulheres assintomáticos entre 50 e 75 anos.
O anúncio foi feito pelo ministro da Saúde, Alexandre Padilha, durante agenda em Lyon, na França.
Segundo a Pasta, a estratégia pode ampliar o acesso de mais de 40 milhões de brasileiros à prevenção e à detecção precoce da doença, considerada hoje o segundo tipo de câncer mais frequente no Brasil, excluindo os tumores de pele não melanoma.
A estimativa do Instituto Nacional de Câncer (Inca) é de 53,8 mil novos casos por ano no país entre 2026 e 2028.
Sangue oculto nas fezes e colonoscopia: como identificar e prevenir o câncer colorretal
Como funciona o exame
O FIT é um exame de fezes que detecta pequenas quantidades de sangue oculto, invisíveis a olho nu, que podem ser sinal de pólipos, lesões pré-cancerígenas ou câncer no intestino.
Diferentemente dos exames antigos de sangue oculto nas fezes, o FIT utiliza anticorpos específicos para identificar sangue humano, o que aumenta a precisão do teste.
O paciente recebe um kit para coleta em casa e precisa retirar uma pequena amostra das fezes com uma haste própria, colocada em um tubo coletor. Depois, o material é enviado para análise laboratorial.
Entre as principais vantagens do exame estão:
não exige preparo intestinal;
não precisa de dieta restritiva antes da coleta;
pode ser feito com apenas uma amostra;
é menos invasivo;
tem maior adesão da população.
Segundo o Ministério da Saúde, o teste apresenta sensibilidade entre 85% e 92% para identificar possíveis alterações.
O oncologista Stephen Stefani, da Oncoclínicas e da Americas Health Foundation, afirma que o exame já é utilizado em programas internacionais de rastreamento e ajuda a reduzir a mortalidade por câncer de intestino ao ampliar o diagnóstico precoce.
Segundo ele, o FIT também é mais conveniente e mais barato para rastreamento populacional do que a realização de colonoscopia em toda a população assintomática.
“As diretrizes hoje recomendam o rastreamento após os 45 anos na população em geral”, explica o especialista. No Brasil, porém, o protocolo anunciado pelo SUS será voltado inicialmente para pessoas entre 50 e 75 anos.
O que acontece se o teste der positivo?
Quando o resultado aponta presença de sangue oculto, o paciente é encaminhado para exames complementares.
A colonoscopia é considerada o padrão-ouro para avaliação do intestino porque permite visualizar diretamente o cólon e o reto, além de retirar pólipos durante o procedimento, evitando que algumas lesões evoluam para câncer.
Stefani ressalta ainda que um resultado positivo não significa necessariamente câncer. Hemorroidas, inflamações intestinais e outras condições benignas também podem causar sangramentos detectados pelo exame.
Por outro lado, um resultado negativo também não elimina completamente o risco da doença, já que algumas lesões pré-malignas podem não sangrar naquele momento.
Por isso, diretrizes internacionais recomendam repetir o rastreamento periodicamente —em geral todos os anos ou a cada dois anos, dependendo da idade e do histórico familiar.
Desafio será garantir atendimento após resultado alterado
O especialista afirma que a eficácia do rastreamento depende não apenas da oferta do teste, mas também da capacidade do sistema de saúde de investigar e tratar rapidamente os casos suspeitos.
Segundo ele, o impacto na mortalidade ocorre quando pacientes com exames alterados conseguem acesso ágil à colonoscopia, cirurgia e tratamento adequado.
“O que reduz a mortalidade não é só o exame, mas cuidar corretamente do paciente quando há necessidade de continuar a investigação”, afirma.
Quem deve fazer o rastreamento
O novo protocolo vale para pessoas sem sintomas entre 50 e 75 anos.
Pacientes com sinais de alerta —como sangue nas fezes, perda de peso inexplicada, anemia, alteração persistente do hábito intestinal ou dor abdominal— devem procurar atendimento médico independentemente da idade.
Pessoas com histórico familiar da doença, doenças inflamatórias intestinais ou síndromes genéticas também podem precisar iniciar o rastreamento mais cedo, conforme avaliação médica.
Segundo Stefani, nesses casos, a estratégia de acompanhamento costuma ser individualizada e pode incluir colonoscopia antes da faixa etária prevista para a população geral.",Fato,G1 Saúde / Oficial,https://g1.globo.com/saude/noticia/2026/05/21/sus-adota-novo-exame-para-detectar-cancer-de-intestino-antes-dos-sintomas.ghtml
Ex-BBB Marcos Harter recebe punição do CFM por infrações ao Código de Ética Médica,"Marcos Harter, médico e ex-BBB
Reprodução/Instagram
O médico e ex-participante do BBB Marcos Harter recebeu uma punição do Conselho Federal de Medicina por infrações ao Código de Ética Médica relacionadas à responsabilidade profissional e ao atendimento de pacientes.
A decisão, publicada no Diário Oficial da União desta quinta-feira (21), mantém a pena de “censura pública em publicação oficial” aplicada ao médico após julgamento do Tribunal Superior de Ética Médica do Conselho.
Marcos Harter ficou conhecido nacionalmente ao participar do BBB 17, em 2017. Na época, ele foi expulso do programa após acusações de agressão contra a participante Emilly Araújo, campeã da edição. O caso levou a uma denúncia do Ministério Público do Rio de Janeiro por lesão corporal.
Agora, no âmbito profissional, o CFM concluiu que o médico infringiu os artigos 1º, 23 e 32 do Código de Ética Médica.
Os dispositivos proíbem que médicos:
causem dano a pacientes por negligência, imprudência ou imperícia,
determinem tratamento sem respeito à dignidade humana e
deixem de usar meios diagnósticos e terapêuticos cientificamente reconhecidos em favor do paciente.
O documento publicado no DOU, porém, não detalha quais fatos concretos motivaram a condenação ética.
O g1 procurou o médico Marcos Harter, que afirmou, em nota, ter recebido “com serenidade” a divulgação das informações sobre o procedimento ético-profissional em andamento no CRM-MT. Ele disse respeitar o CFM e os conselhos regionais, afirmou que sempre exerceu a medicina de forma ética e disse ver “preocupação específica” na condução do caso pelo corregedor do CRM-MT, Magno Cezar, relator do processo. 
Segundo o médico, ambos atuam no mesmo segmento da cirurgia plástica e há uma “histórica animosidade pessoal” entre eles, o que, na avaliação dele, comprometeria a imparcialidade do procedimento. Harter afirmou ainda entender que houve um “evidente contexto de perseguição profissional e pessoal”.
O cirurgião também declarou que a paciente que originou a representação “jamais compareceu aos atos processuais designados perante o CRM/MT”, sem apresentar “qualquer prova técnica apta a corroborar as alegações”.
Ao g1, CFM afirma que ""processos ético-profissionais tramitam em sigilo, conforme prevê o Código de Processo Ético-Profissional da entidade. ""
Marcos Harter é indiciado por agredir Emilly no BBB17
Segundo o acórdão, os conselheiros do CFM rejeitaram, por unanimidade, um recurso apresentado por Harter e mantiveram a decisão tomada anteriormente pelo Conselho Regional de Medicina do Estado de Mato Grosso.
O julgamento do recurso ocorreu em 10 de abril deste ano, mas o processo original tramita desde 2022.
O que significa a punição
A “censura pública em publicação oficial” é uma das penalidades previstas na legislação que regula o exercício da medicina no Brasil.
Trata-se de uma condenação ética formal divulgada publicamente pelo conselho profissional e registrada no histórico do médico.
A punição não impede automaticamente o exercício da profissão, diferentemente de sanções mais graves, como suspensão temporária ou cassação do registro médico.
Histórico de investigações
Nos últimos anos, Marcos Harter também esteve envolvido em outros episódios investigados por autoridades.
Em 2020, o médico teve o registro profissional suspenso por seis meses pelo conselho regional de Mato Grosso após divulgação de preços de cirurgias plásticas nas redes sociais.
Já em fevereiro deste ano, a clínica de Harter foi alvo de denúncia de uma paciente que relatou complicações após uma cirurgia plástica realizada em Mato Grosso. O caso é investigado pela Polícia Civil.
Segundo o boletim de ocorrência, a mulher afirmou ter desenvolvido uma infecção após o procedimento e precisado retirar próteses mamárias com urgência em outra unidade de saúde.
Veja a nota de Marcos Harter na íntegra:
""O Dr. Marcos de Oliveira Harter, médico cirurgião plástico, vem a público esclarecer que recebeu com serenidade a divulgação de informações relacionadas a procedimento ético-profissional em trâmite perante o Conselho Regional de Medicina do Estado de Mato Grosso – CRM/MT.
Inicialmente, o profissional destaca seu absoluto respeito institucional ao Conselho Federal de Medicina – CFM, bem como aos Conselhos Regionais de Medicina de todo o país, reconhecendo a importância constitucional e social exercida pelos órgãos de fiscalização profissional na preservação da ética médica, da segurança dos pacientes e da credibilidade da medicina brasileira.
O Dr. Marcos Harter sempre pautou sua trajetória profissional pelo exercício ético da medicina, atuando há anos na área da cirurgia plástica, com amplo reconhecimento profissional e relevante atuação social, atendendo pacientes de diversas regiões do país.
Todavia, sem qualquer intenção de afrontar ou deslegitimar as instituições médicas, entende ser necessário registrar preocupação específica quanto à condução do procedimento em questão, especialmente diante da atuação do médico Dr. Magno Cezar, atual Corregedor do CRM/MT, na condição de Relator do Caso.
É público e notório que ambos atuam no mesmo segmento profissional da cirurgia plástica, inclusive com modelos de atuação semelhantes, circunstância que, somada à histórica animosidade pessoal existente entre as partes, compromete a necessária imparcialidade que se espera de qualquer procedimento ético-disciplinar.
O Dr. Marcos Harter entende que a condução do referido expediente ocorreu sob evidente contexto de perseguição profissional e pessoal, situação que será oportunamente demonstrada pelos meios adequados, sempre com urbanidade, respeito institucional e observância ao devido processo legal.
Importante destacar, ainda, que a representação que originou o procedimento foi formulada por paciente que, segundo consta dos próprios autos, jamais compareceu aos atos processuais designados perante o CRM/MT, deixando de prestar esclarecimentos, responder questionamentos ou produzir qualquer prova técnica apta a corroborar as alegações inicialmente apresentadas.
Assim, a preocupação manifestada pelo Dr. Marcos Harter não se dirige à legitimidade ou à importância institucional do Sistema CFM/CRMs, que merece integral respeito, mas sim à forma individualizada como o procedimento foi conduzido no âmbito regional, pelo Conselheiro Magno Cezar, diante de circunstâncias concretas que evidenciam possível conflito de interesses e ausência da indispensável imparcialidade.
Por fim, o médico reafirma sua confiança nas instituições brasileiras, no devido processo legal, no direito ao contraditório e à ampla defesa, permanecendo à disposição para todos os esclarecimentos necessários pelos canais adequados e competentes"".",Fato,G1 Saúde / Oficial,https://g1.globo.com/saude/noticia/2026/05/21/ex-bbb-marcos-harter-recebe-punicao-do-cfm-por-infracoes-ao-codigo-de-etica-medica.ghtml
É #FAKE que Pfizer listou infecção por hantavírus como efeito colateral de vacina contra Covid-19,"Lista registra eventos ocorridos durante estudo, sem apontar relação de causalidade
g1
Circulam nas redes sociais publicações dizendo que a Pfizer identificou a contaminação por hantavírus como efeito colateral da vacina contra a Covid-19. É #FAKE. 
Selo Fake (Horizontal)
g1
🛑 Como são os posts? 
Desde o início de maio, publicações no X fazem essa alegação. Como argumento, exibem um documento real, escrito em inglês, encaminhado pela Pfizer em 2021 à Food and Drug Administration (FDA), agência regulatória americana de alimentos e medicamentos. 
Veja um exemplo de legenda dos posts fakes:""Hantavirus é listado em um documento de 38 páginas da Pfizer. Um entre 1.233 efeitos colaterais. Então, quer dizer que a vacina da Covid-19 se transformará em um vírus?"".
Contatada pelo Fato ou Fake, a assessoria de imprensa da Pfizer informou: ""A infecção por Hantavírus não está listada como uma reação adversa na bula aprovada da vacina Pfizer-BioNTech contra a Covid-19, que pode ser encontrada em nosso site, bem como no portal da Anvisa [Agência Nacional de Vigilância Sanitária] . Autoridades regulatórias em todo o mundo autorizaram a vacina contra a Covid-19 da Pfizer-BioNTech, e comitês médicos especializados revisaram e continuam revisando os dados, recomendando seu uso. Com bilhões de doses administradas globalmente, o perfil de segurança da vacina para todos os grupos autorizados permanece favorável"". 
Disponível nos sites de agências regulatórias do Brasil e do mundo, a bula não faz nenhuma menção ao hantavírus. O comunicado da farmacêutica ainda cita: ""A infecção pulmonar por hantavírus aparece no documento como um evento relatado, e não como uma reação adversa atribuída à Comirnaty [nome da vacina da Pfizer]. O documento compartilhado com a FDA  deixa claro que 'um acúmulo de relatos de eventos adversos não indica que um determinado evento adverso (EA) tenha sido causado pela vacina; o evento pode ser decorrente de uma doença subjacente ou de outros fatores, como histórico médico prévio ou medicação concomitante'"". 
Na imagem exibida pela publicação falsa, o termo ""infecção pulmonar por hantavírus"" aparece justamente porque esse foi um dos eventos registrados pela fabricante após a aplicação do imunizante. Essa anotação deve ser feita mesmo que esse evento esteja ligado a condições médicas não relacionadas à vacina. 
Consultado pelo Fato ou Fake, um especialista em microbiologia afirmou que a listagem é obrigatória para a aprovação clínica de qualquer vacina ou medicamento.  Também explicou que não houve nenhum aumento de casos de infecção por hantavirose ou indício de que a vacina da Pfizer provocou esse quadro(leia mais abaixo). 
Os posts falsos passaram a circular após o surto de uma variante do hantavirus, chamada de Andes, que matou três pessoas a bordo do navio-cruzeiro MV Hondius. A embarcação saiu de Ushuaia, no extremo sul da Argentina, em 1º de abril, e chegou, nesta segunda-feira (18),  ao porto de Rotterdam, na Holanda, onde será desinfetada.   
Em 12 de maio, o diretor da Organização Mundial da Saúde (OMS), Tedros Adhanom Ghebreyesus, descartou uma disseminação maior da doença, mas a situação ainda requer atenção, devido ao longo período de incubação do vírus.
O hantavírus é transmitido através do contato com a saliva, urina e fezes de roedores. No organismo, a infecção pode causar fadiga, febre, dores musculares e problemas abdominais. Em quadros mais graves, pode levar a problemas pulmonares e cardiovasculares, podendo evoluir para a síndrome da angústia respiratória (SARA).
⚠️ Por que #É FAKE?  
Veja, abaixo, os efeitos adversos que podem ser causados pela vacina da Pfizer (todos estão na bula, que não meciona ""hantavírus""):
Reações muito comuns (ocorrem em 10% dos pacientes que utilizam este medicamento) - dor de cabeça, diarreia, dor nas articulações, dor muscular, dor e inchaço no local de injeção, cansaço, calafrios e febre.
Reações comuns (ocorrem entre 1% e 10% dos pacientes que utilizam este medicamento) - aumento dos gânglios linfáticos (ou ínguas), náusea, vômito e vermelhidão no local de injeção.
Reações incomuns (ocorrem entre 0,1% e 1% dos pacientes que utilizam este medicamento) - reações de hipersensibilidade [por exemplo, erupção cutânea (lesão na pele), prurido (coceira), urticária (alergia da pele com forte coceira), angioedema (inchaço das partes mais profundas da pele ou da mucosa)], diminuição de apetite, insônia, tontura, letargia (cansaço e lentidão de reações e reflexos), hiperidrose (suor excessivo), suor noturno, dor nos membros (braço), astenia (fraqueza, cansaço físico intenso), sensação de mal-estar e prurido no local de injeção.
Reações raras (ocorrem entre 0,01% e 0,1% dos pacientes que utilizam este medicamento) - paralisia facial aguda.
Ao Fato ou Fake, Luís Carlos de Souza Ferreira, professor do Departamento de Microbiologia do Instituto de Ciências Biológicas da Universidade de São Paulo (USP), explica que a  listagem de eventos adversos de saúde é obrigatória na fase 4 do estudo clínico de qualquer vacina ou medicamento.
""Esse relatório da Pfizer apresenta uma lista de centenas de possíveis efeitos adversos e desdobramentos patológicos para os quais as equipes de saúde devem atentar, verificando se ocorre alguma alteração na população. No caso do hantavírus, ele está listado apenas como um dos pontos a serem avaliados pelas equipes, mas não houve nenhum relato de aumento de infecção ou indício de que a vacina estivesse induzindo esse efeito. O fato de o hantavírus aparecer nessa lista não significa que a vacina cause a doença; dizer isso não tem sentido e é categoricamente falso"". 
O especialista afirma que, em uma situação hipotética, se a fabricante tivesse comprovado uma relação de causa e efeito entre a vacina contra a Covid-19 e a hantavirose, a aplicação do imunizante teria sido suspensa. Foi o que ocorreu, por exemplo, quando se identificou um risco de trombose, ainda que remoto, associado à vacina da AstraZeneca:
""Esse sistema de monitoramento é tão sério, tão poderoso, que uma outra vacina contra a Covid-19 foi tirada de circulação justamente porque esse tipo de estudo de monitoramento mostrou um risco real, embora muito pequeno, de trombose e derrames. Esse sistema é capaz de detectar eventos que ocorrem em 1 a cada 200 mil ou 300 mil indivíduos, algo impossível de notar em testes iniciais. No caso deste relatório da Pfizer, a análise cuidadosa verificou que a hantavirose sequer foi detectada. Se houvesse qualquer indício real, o sistema teria agido, por isso essa 'notícia' é completamente fake"". 
Lista registra eventos ocorridos durante estudo, sem apontar relação de causalidade
g1
Veja também
É #FAKE foto de Carlo Ancelotti dormindo no jogo Athletico-PR x Flamengo
É #FAKE foto de Carlo Ancelotti dormindo no jogo Athletico-PR x Flamengo;
VÍDEOS: Os mais vistos agora no g1
Vídeos em alta no g1
VÍDEOS: Fato ou Fake explica
VEJA outras checagens feitas pela equipe do FATO ou FAKE
Adicione nosso número de WhatsApp +55 (21) 97305-9827 (após adicionar o número, mande uma saudação para ser inscrito)
GloboPop: clique para ver vídeos do palco de Fato ou Fake",Fato,G1 Saúde / Oficial,https://g1.globo.com/fato-ou-fake/noticia/2026/05/21/e-fake-que-pfizer-listou-infeccao-por-hantavirus-como-efeito-colateral-de-vacina-contra-covid-19.ghtml
"Não nos preparamos, física e mentalmente, para viver vidas longas","Depois de uma carreira de sucesso no mercado editorial, Michael Clinton se tornou um autor best-seller e militante da causa da longevidade. Em 2021, seu livro ROAR mostrava como é possível dar um novo rumo à carreira – e à vida – na meia-idade. Trata-se de um acrônimo para os ensinamentos que prega: Reimagine yourself (Reimagine-se); Own who you are (Assuma quem você é); Act on what’s next for you (Trabalhe para viabilizar seus próximos passos); Reassess your relationships (Reavalie seus relacionamentos). Agora, ele se dedica a divulgar seu mais recente lançamento, Longevity Nation: the people, ideas, and trends changing the second half of our lives (Nação Longevidade: as pessoas, ideias e tendências que estão mudando a segunda metade de nossas vidas), e afirma:
Michael Clinton, autor de Longevity Nation: the people, ideas, and trends changing the second half of our lives
Divulgação
“Ainda convivemos com muito do pensamento do século XX, e uma dessas construções é de que a vida é curta. Por isso, falta preparação, física e mental, para vivermos vidas mais longas. Aos 65 anos, as pessoas vão se fechando para novas possibilidades, baseadas na crença de que seu tempo passou. Minha proposta é caminhar na direção oposta: se abrir para novas experiências”. 
Clinton diz que essa mudança de visão vale também para as crianças. “Há uma grande probabilidade de quem tem hoje 5 anos chegar aos 100. Longevidade é para ser ensinada desde a infância, o que inclui de escolhas saudáveis para o estilo de vida a educação financeira”, explica. Otimista, acrescenta que a questão do envelhecimento se transformou em uma conversa global: “É um novo ecossistema que começa a receber a atenção que merece”.
Clinton escreve sobre como diversos setores estão evoluindo à medida que a população mundial envelhece. Na sua avaliação, há uma revolução a caminho em áreas como a inteligência artificial e a medicina de precisão. “Temos que acompanhar o trabalho realizado em Singapura, cujas políticas públicas vêm sendo direcionadas para a construção de uma sociedade voltada para a longevidade. Bairros são remodelados com parques que ficam, no máximo, a dez minutos de caminhada dos domicílios, todos equipados com estações de exercícios. Centros para idosos são erguidos ao lado de escolas, para promover a convivência entre gerações”, detalha.
Na sua opinião, o segmento mais defasado é o do marketing: “Há uma falta de reconhecimento de que pessoas acima dos 50 anos são vibrantemente dinâmicas nas redes sociais. Elas estão no TikTok, no Facebook, no Instagram, mas as campanhas as ignoram. Há uma oportunidade enorme, em um mercado que movimenta US$ 8 trilhões em gastos. No entanto, na matriz de mídia tradicional, praticamente não há anúncios para esse grupo. Mais um caso de visão do século XX em pleno século XXI”, critica. 
Idoso centenário mostra que bom humor ajuda a envelhecer bem",Fato,G1 Saúde / Oficial,https://g1.globo.com/bemestar/blog/longevidade-modo-de-usar/post/2026/05/21/nao-nos-preparamos-fisica-e-mentalmente-para-viver-vidas-longas.ghtml
Não se culpe: a ciência explica por que é tão difícil trocar o sofá pelo exercício regular,"Não se culpe: a ciência explica por que é tão difícil trocar o sofá pelo exercício regular
Adobe Stock
Você provavelmente já se cansou de ouvir que a atividade física faz bem e deveria praticá-la. Basta olhar ao redor: gente correndo no bairro, academias cheias, vídeos de treino aparecendo o tempo todo nos feeds de notícias das plataformas digitais. A impressão é de que todo mundo se exercita.
Mas essa sensação é enganosa. Ela nasce de um atalho comum no nosso cérebro: damos mais peso ao que vemos com frequência no nosso entorno imediato — e, hoje, isso inclui as redes sociais. É o que podemos chamar de ilusão do mundo ativo. Na prática, uma série de pesquisas tem mostrado o contrário: a população mundial está mais inativa do que nunca.
Essa contradição levanta uma pergunta incômoda: se há uma quantidade crescente de boas evidências científicas documentando que se movimentar é importante para cuidar do nosso bem mais precioso — a saúde — por que ainda escolhemos o sofá?
Essa questão não é nova para mim. Ela começou a me intrigar há cerca de 15 anos, quando comecei a dar aulas em uma academia de musculação. Desde então, entre prática e pesquisa, fui percebendo que o problema não está apenas no acesso à informação, mas em algo mais profundo: o modo como nos motivamos, fazemos escolhas e tomamos decisões no dia a dia.
Vídeos em alta no g1
A dificuldade de aderir
Aderir à atividade física é um dos grandes desafios da saúde pública contemporânea. Apesar de décadas de campanhas, diretrizes e recomendações, como as da Organização Mundial da Saúde, grande parte da população ainda não atinge os níveis mínimos de atividade física. E ainda que o conhecimento sobre os benefícios do exercício se expandiu enormemente, os níveis de sedentarismo permanecem altos — e, em muitos casos, aumentaram.
Isso revela um limite importante do modelo tradicional de comunicação nesse campo: a ideia de que informar é suficiente para mudar comportamento. Não é o que vemos.  É nesse contexto que se insere um artigo recente em que colegas e eu reunimos evidências de diferentes áreas para entender por que as diretrizes atuais não têm produzido os efeitos esperados. 
No comentário científico “Base comportamental humana para recomendar mudanças nas diretrizes de atividade física”, publicado em 2026 na revista Sports Medicine and Health Science, mostramos que o descompasso entre as recomendações e a forma como as pessoas realmente tomam decisões no dia a dia.
Evidências cada vez mais consistentes mostram que o comportamento humano não é guiado apenas pela racionalidade. Saber que algo é bom não significa, necessariamente, fazê-lo. Não por acaso, estudos indicam que quase metade das pessoas que pretendem se exercitar não consegue transformar essa intenção em ação.
10 dicas para não abandonar a atividade física: consistência depende estratégias, defendem especialistas
De olho nas recompensas
Para entender esse descompasso, é preciso olhar para além da lógica e considerar fatores comportamentais. Do ponto de vista psicológico, o exercício físico envolve custos imediatos (como esforço, tempo, desconforto e às vezes dinheiro), enquanto muitos dos seus benefícios mais valorizados (como prevenir doenças ou aumentar a longevidade) estão no futuro. 
Nesse cenário, nosso cérebro tende a favorecer recompensas imediatas. Esse fenômeno, conhecido como desconto hiperbólico, ajuda a explicar por que é tão fácil trocar um treino por permanecer deitado no sofá, “rolando” as redes sociais ou assistindo a uma série. São atividades recompensadoras no presente, ainda que nem sempre benéficas no longo prazo.
Além disso, a decisão de se exercitar não passa apenas por cálculos conscientes. Emoções, hábitos, experiências anteriores e contexto social exercem um papel decisivo — muitas vezes automático. É aqui que entra um ponto central destacado pelas pesquisas mais recentes — e reforçado pelo nosso comentário científico: o que sentimos durante a prática importa muito.
Evidências mostram que experiências positivas durante o exercício, e não apenas após, aumentam significativamente as chances de continuidade. Por outro lado, sensações de desconforto, vergonha ou inadequação podem gerar rejeição duradoura. Isso ajuda a explicar por que motivações iniciais — geralmente ligadas à saúde, ao condicionamento físico ou à estética — são importantes, mas insuficientes para sustentar o hábito.
Prazer na experiência faz diferença
Na prática, todo mundo conhece alguém que passou por isso: começou a se exercitar com muita vontade e empolgação, mas, passadas algumas semanas, desistiu. O problema aí não era falta de informação — era a experiência.
A psicologia do exercício mostra que essas experiências constroem uma espécie de memória afetiva, que influencia — muitas vezes de forma automática — a decisão de repetir ou evitar o comportamento. Sentimentos de autonomia, competência e pertencimento também entram nessa equação: são necessidades psicológicas fundamentais para sustentar a motivação ao longo do tempo.
Ao mesmo tempo, fatores mais amplos não podem ser ignorados. Mudanças sociais como urbanização, uso intensivo de tecnologias e redução do movimento no trabalho e no deslocamento, contribuíram para um cotidiano estruturalmente mais sedentário. Além disso, nem toda atividade física é equivalente: esforços intensos e repetitivos em contextos de trabalho, com baixa autonomia e alto desgaste, nem sempre produzem os mesmos benefícios à saúde que atividades realizadas no lazer. Esse chamado “paradoxo da atividade física” reforça a necessidade de abordagens mais nuançadas.
Novos pontos de vista
A ciência ainda está avançando nessa resposta, mas o que encontramos até agora indica alguns caminhos consistentes. Pessoas tendem a relatar mais prazer em atividades de intensidade leve a moderada (embora algumas prefiram intensidades mais elevadas), realizadas em ambientes agradáveis — como ao ar livre e em contato com a natureza. Tornar o exercício uma atividade social, incorporar música e, sobretudo, permitir algum grau de escolha e autonomia também são estratégias que favorecem a aderência.
Diante desse quadro, as evidências apontam para uma mudança importante de perspectiva. Se quisermos, de fato, aumentar os níveis de atividade física da população, precisamos ir mais além do que dizer às pessoas o quanto e por que se exercitar. É necessário considerar como elas vivenciam essa prática no cotidiano.
Isso implica valorizar outras dimensões muitas vezes negligenciadas: prazer, autonomia, contexto social e benefícios imediatos. Talvez estejamos mais interessados no que podemos ganhar no curto prazo quando nos movimentamos — e esses ganhos são potentes, reais e começam no momento em que o corpo entra em ação, como  melhora do humor, redução da ansiedade e sensação de bem-estar.
Em outras palavras, pode ser que o caminho não seja reforçar apenas que o exercício “faz bem no futuro”, mas ajudar as pessoas a entender que ele já vale a pena agora. Porque, no fim, você precisa se sentir bem para querer repetir. E talvez seja justamente essa inversão de lógica que esteja faltando: entender que o exercício físico não serve apenas para adicionar anos à vida — mas para adicionar vida aos anos.
Fábio Dominski não presta consultoria, trabalha, possui ações ou recebe financiamento de qualquer empresa ou organização que poderia se beneficiar com a publicação deste artigo e não revelou nenhum vínculo relevante além de seu cargo acadêmico.",Fato,G1 Saúde / Oficial,https://g1.globo.com/saude/noticia/2026/05/21/nao-se-culpe-a-ciencia-explica-por-que-e-tao-dificil-trocar-o-sofa-pelo-exercicio-regular.ghtml
Água de coco pode substituir isotônico?,"Água de coco pode substituir isotônico?
Água de coco pode substituir o isotônico? Em alguns casos, substitui sim.  
 A água de coco é praticamente um isotônico natural. Tem minerais que ajudam o corpo a se recuperar depois do treino, calor ou muito suor. 
 ""Quando a gente está exposto muito tempo ao sol, a gente tem uma perda do nosso suor. Que a gente chama de taxa de sudorese. E os sais minerais que têm na água de coco ajudam a reidratar o nosso corpo"", explica a nutricionista esportiva Letícia Raizaro.
Então, para treinos leves ou moderados, a água de coco pode ser uma opção mais natural e menos processada.  
Água de coco
Celso Tavares / g1
A grande diferença é que bebidas industrializadas normalmente vêm com mais açúcar, corantes e ingredientes artificiais. 
 Mas tem um detalhe importante: isotônicos foram feitos para exercícios muito intensos e longos, porque conseguem repor energia, sódio e outras vitaminas mais rápido. 
 ""A diferença é que alguns isotônicos têm vitaminas, eles possuem sais minerais mais específicos. E também a quantidade de sais minerais nos isotônicos é bem maior"", diz Raizaro.
 Ou seja: não existe vilão nem milagre. Existe contexto. 
 ""A água de coco ajuda sim a hidratar, só que não tanto quanto um isotônico. Para uma pessoa, por exemplo, que correu mais de 15 km, mais de 20 km. Você percebe que o suor da pessoa é até esbranquiçado. E para atletas que fazem atividades de endurance, que a gente considera ciclismo, corrida, crossfit, eles têm uma taxa de sudorese um pouco maior.  O isotônico seria então uma ideia melhor para esses atletas consumirem. Porque vai aumentar o sódio do corpo evitando a desidratação.""  
 E tem outro ponto que pouca gente aproveita: a “carne” do coco. Ela tem fibras e gorduras boas, ajuda na saciedade e ainda complementa a energia do corpo. 
 ""Ela tem diversos benefícios para a saúde, ajuda na parte da hidratação, no intestino, no nosso triglicérides [gordura no corpo]. Então, tem a parte benéfica. Só que em exagero e em grandes quantidades, apesar de ela ser uma gordura boa, em excesso ela também faz mal"", afirma a nutricionista.
Treino comum? Água de coco pode resolver muito bem. Treino pesado e longo? O isotônico ainda pode ter vantagem.",Fato,G1 Saúde / Oficial,https://g1.globo.com/saude/noticia/2026/05/21/agua-de-coco-pode-substituir-isotonico.ghtml
Ebola: o que é doença que causa novo surto? Tire dúvidas em 7 pontos,"Entenda o Ebola em 7 pontos
Uma nova variante do Ebola tem feito o vírus se espalhar rapidamente pela República Democrática do Congo e acende um alerta para uma nova epidemia regional da doença.
Segundo a Organização Mundial da Saúde (OMS), o surto no país provavelmente começou há alguns meses e que a resposta dos órgãos de saúde internacionais foi ""um pouco tardia"".
➡️Até o momento há, oficialmente, 51 casos confirmados da doença na República Democrática do Congo, mas 600 casos são investigadas e foram registradas 139 mortes suspeitas por Ebola.
Abaixo, nesta reportagem, você confere 7 perguntas e respostas para entender mais sobre a doença e sobre o surto:
Cartaz com os números de contato de emergência para o Ebola está afixado em uma tenda na passagem de fronteira de Busunga, entre Uganda e a República Democrática do Congo, em Bundibugyo, em 18 de maio de 2026
BADRU KATUMBA / AFP
O que é o Ebola?
Como o vírus é transmitido?
Quais os principais sintomas da doença?
Por que o vírus tem se espalhado tão rápido na República Democrática do Congo?
Existe vacina contra o Ebola?
Qual o tratamento para a doença?
A declaração da OMS de emergência de saúde internacional indica que existe risco de uma epidemia global?
1. O que é o Ebola?
Segundo a OMS, o Ebola é uma doença rara, mas grave em humanos, que frequentemente leva à morte – a taxa média de letalidade da doença é de 50%. Ela é causa por vírus que pertencem ao gênero Orthoebolavirus.
Seis espécies desse vírus já foram identificadas até o momento, sendo que três causaram grandes surtos:
Vírus Ebola (EBOV) causador da doença do vírus Ebola (EVD)
Vírus do Sudão (SUDV) causador da doença do vírus do Sudão (SVD)
Vírus Bundibugyo (BDBV) causador da doença pelo vírus Bundibugyo (BVD)
A doença surgiu pela primeira vez em 1976, no Sudão e no Congo, sendo o surto de 2014-2016, na África Ocidental, o mais grave já registrado.
Volte ao início.
2. Como o vírus é transmitido?
Termômetros são vistos na entrada de um centro de tratamento de Ebola na cidade de Butembo, no leste do Congo.
REUTERS/Zohra Bensemra
O vírus é transmitido aos humanos por animais selvagens, como morcegos, porcos espinhos e primatas. 
Ele se dissemina entre os humanos pelo contato direto com sangue, secreções ou outros fluidos corporais de pessoas infectadas e com superfícies e materiais contaminados.
Volte ao início.
3. Quais os principais sintomas da doença?
Os principais sintomas do Ebola incluem:
Febre
Fadiga
Mal-estar
Dores musculares
Dor de cabeça
Dor de garganta
Vômitos
Diarreia
Dor abdominal
Erupções cutâneas
Em casos graves, há também sinais de comprometimento das funções renais e hepáticas. O intervalo entre a infecção e o início dos sintomas varia de dois a 21 dias.
Volte ao início.
4. Por que o vírus tem se espalhado tão rápido na República Democrática do Congo?
Alguns fatores contribuem para a disseminação rápida do vírus no país. 
O principal deles é que o surto atual é causado pela variante Bundibugyo, mais rara e menos conhecida, para a qual ainda não existem vacinas ou tratamentos aprovados. Isso dificulta a resposta das autoridades da saúde e faz com que haja um aumento rápido no número de casos e mortes.
Além disso, a guerra civil, com o deslocamento de quase 250 mil pessoas entre cidades e até países vizinhos, também são um desafio para o controle da doença na região.
Volte ao início.
5. Existe vacina contra o ebola?
Mulher toma dose de vacina contra o Ebola em uma campanha da OMS na República Democrática do Congo em 2019
Baz Ratner/ Reuters
Sim, mas não para a variante que causa o surto na República Democrática do Congo.
Atualmente, há duas vacinas aprovadas para a doença: Ervebo e Zabdeno e Mvabea. A vacina Ervebo é recomendada como parte da resposta a surtos. Mas os imunizantes não combatem a variante Bundibugyo.
O Congo aguarda o envio, pelos Estados Unidos e pelo Reino Unido, de doses de uma vacina experimental desenvolvida por pesquisadores da Universidade de Oxford para diferentes tipos do vírus.
Volte ao início.
6. Qual o tratamento para a doença?
Para tratar a doença, a OMS recomenda o uso dos anticorpos monoclonais mAb114 (ansuvimab) ou REGN-EB3 (Inmazeb).
➡️Os anticorpos monoclonais são proteínas produzidas em laboratório desenvolvidas para agir como o sistema imunológico natural.
Não existem terapias aprovadas para outras doenças causadas pelo Ebola, mas produtos com potencial para tratamento estão em desenvolvimento.
Volte ao início.
7. A declaração da OMS de emergência de saúde internacional indica que existe risco de uma epidemia global?
Não necessariamente. Segundo a OMS, o risco de propagação de surto de Ebola na República Democrática do Congo e em Uganda é alto nos níveis nacional e regional, mas baixo em escala global.
A declaração da organização ressalta que o surto ainda ""não cumpre critérios de emergência pandêmica"".
Apesar do risco baixo de epidemia global, há um preocupação com a possibilidade de propagação internacional devido à intensa mobilidade populacional.
Na declaração, a entidade sanitária afirma que se ""requer coordenação e cooperação em nível internacional para compreender o alcance do surto, coordenar as medidas de vigilância, prevenção e resposta, ampliar e reforçar as operações e garantir a capacidade para aplicar medidas de controle"".
Volte ao início.",Fato,G1 Saúde / Oficial,https://g1.globo.com/saude/noticia/2026/05/21/ebola-o-que-e-doenca-que-causa-novo-surto-tire-duvidas-em-7-pontos.ghtml
Qual cidade do Sul tem a melhor qualidade de vida em 2026? Veja ranking completo,"Curitiba vista de cima.
Divulgação/Governo do Paraná
Um ranking divulgado nesta quarta-feira (20) pelo instituto Imazon, em parceria com outras organizações, aponta as cidades brasileiras com a melhor e a pior qualidade de vida em 2026. 
Ao todo, o levantamento avalia os 5.570 municípios do país e mostra que as desigualdades regionais continuam profundas: 18 das 20 cidades mais bem colocadas ficam no Sul e Sudeste, enquanto 19 das 20 mais baixas colocações estão no Norte e no Nordeste.
🔎 PARA VER A LISTA COMPLETA, BAIXE O PDF COM OS DADOS DOS 5,5 MIL MUNICÍPIOS
🔢 O cálculo é feito pelo Índice de Progresso Social (IPS), que mede e classifica a qualidade de vida com base em 57 indicadores sociais e ambientais. As informações vêm de fontes públicas como DataSUS, IBGE, Inep e MapBiomas.
Conheça a cidade com melhor qualidade de vida do Brasil pelo terceiro ano seguido
Município mais ao Norte do Brasil tem pior qualidade de vida do país, aponta estudo
Quais são as melhores cidades do Sul pare viver?
Confira as pontuações dos 20 municípios do sul com os desempenhos mais altos no IPS Brasil 2026.
Curitiba (PR) — Posição: 6ª | Pontuação: 71,29
Cornélio Procópio (PR) — Posição: 9ª | Pontuação: 71,16
Luzerna (SC) — Posição: 10ª | Pontuação: 71,10
Presidente Lucena (RS) — Posição: 13ª | Pontuação: 71,05
Maringá (PR) — Posição: 15ª | Pontuação: 70,87
Alto Alegre (RS) — Posição: 16ª | Pontuação: 70,86
Picada Café (RS) — Posição: 23ª | Pontuação: 70,59
Nova Boa Vista (RS) — Posição: 25ª | Pontuação: 70,42
Quatro Pontes (PR) — Posição: 27ª | Pontuação: 70,30
Joinville (SC) — Posição: 35ª | Pontuação: 69,93
Cocal do Sul (SC) — Posição: 42ª | Pontuação: 69,76
Jaraguá do Sul (SC) — Posição: 51ª | Pontuação: 69,53
Vista Gaúcha (RS) — Posição: 53ª | Pontuação: 69,53
Quatro Barras (PR) — Posição: 63ª | Pontuação: 69,41
Antônio Carlos (SC) — Posição: 70ª | Pontuação: 69,31
Tupandi (RS) — Posição: 73ª | Pontuação: 69,24
Jacutinga (RS) — Posição: 78ª | Pontuação: 69,18
Toledo (PR) — Posição: 95ª | Pontuação: 68,93
Blumenau (SC) — Posição: 98ª | Pontuação: 68,91
Florianópolis (SC) — Posição: 111ª | Pontuação: 68,73
Diferentemente do PIB, que mede a riqueza gerada, o IPS quer saber se essa riqueza chega à vida das pessoas.
""O IPS é um índice que surge de um entendimento de que desenvolvimento econômico, por si só, não corresponde necessariamente a desenvolvimento social"", afirma ao g1 Melissa Wilm, coordenadora do IPS Brasil.
""A proposta é medir o que realmente importa na vida das pessoas, diferente de métricas tradicionais, que olham principalmente o quanto foi gasto em determinada área, para olhar o que de fato as pessoas se beneficiaram com o investimento que foi feito"".
Vídeos em alta no g1
Quais são as piores cidades do Sul pare viver?
Pontuações dos 20 municípios do sul com os desempenhos mais baixos no IPS Brasil 2026.
Sentinela do Sul (RS) — Posição: 5.492ª | Pontuação: 50,27
Ipuaçu (SC) — Posição: 5.481ª | Pontuação: 50,53
Nova Laranjeiras (PR) — Posição: 5.452ª | Pontuação: 51,25
Passa Sete (RS) — Posição: 5.409ª | Pontuação: 51,78
Coronel Domingos Soares (PR) — Posição: 5.383ª | Pontuação: 52,13
Amaral Ferrador (RS) — Posição: 5.374ª | Pontuação: 52,23
Barão do Triunfo (RS) — Posição: 5.351ª | Pontuação: 52,44
Cacique Doble (RS) — Posição: 5.310ª | Pontuação: 52,83
Santana da Boa Vista (RS) — Posição: 5.300ª | Pontuação: 52,92
Tavares (RS) — Posição: 5.266ª | Pontuação: 53,20
Barros Cassal (RS) — Posição: 5.257ª | Pontuação: 53,29
Charrua (RS) — Posição: 5.238ª | Pontuação: 53,41
Redentora (RS) — Posição: 5.234ª | Pontuação: 53,44
Dom Feliciano (RS) — Posição: 5.232ª | Pontuação: 53,45
Laranjal (PR) — Posição: 5.200ª | Pontuação: 53,70
Rio Bonito do Iguaçu (PR) — Posição: 5.180ª | Pontuação: 53,85
Rio dos Índios (RS) — Posição: 5.134ª | Pontuação: 54,14
Tamarana (PR) — Posição: 5.104ª | Pontuação: 54,28
Tenente Portela (RS) — Posição: 5.064ª | Pontuação: 54,48
São José do Cerrito (SC) — Posição: 5.047ª | Pontuação: 54,57
Mapa dos resultados do IPS Brasil 2026
Arte/g1
Entenda o que é o IPS Brasil
O Índice de Progresso Social (IPS) Brasil avalia a qualidade de vida nos 5.570 municípios brasileiros a partir de 57 indicadores sociais e ambientais. O índice não mede apenas riqueza ou PIB, mas busca mostrar se a população consegue acessar direitos, serviços e condições básicas de vida.
O IPS Brasil é desenvolvido em parceria entre o Imazon, a Fundação Avina, a Amazônia 2030, o Centro de Empreendedorismo da Amazônia e a Social Progress Imperative.
📊 Os indicadores são divididos em três grandes dimensões:
Necessidades Humanas Básicas
Teve a melhor média nacional, com 74,58 pontos. Avalia temas ligados a alimentação, saúde, moradia, saneamento e segurança. O componente Moradia registrou a maior nota do país: 87,95 pontos.
Fundamentos do Bem-Estar
Obteve média de 68,81 pontos e reúne indicadores relacionados a educação, acesso à internet, saúde e qualidade ambiental. O componente Acesso à Informação e Comunicação foi o que mais cresceu entre 2025 e 2026, impulsionado pela ampliação do acesso a tecnologias e meios de comunicação.
Ao mesmo tempo, o índice aponta que estados da Amazônia Legal concentram os piores resultados em Qualidade do Meio Ambiente, influenciados por desmatamento acumulado, focos de calor e emissões de gases de efeito estufa.
Oportunidades
Foi a dimensão com pior desempenho no país, com média de 46,82 pontos, repetindo o padrão das edições anteriores. Reúne indicadores ligados a direitos individuais, inclusão social, liberdades pessoais e acesso ao ensino superior.
Os piores resultados apareceram justamente nos componentes de Direitos Individuais (39,14), Acesso à Educação Superior (45,97) e Inclusão Social (47,22). Segundo o relatório, a área de Inclusão Social vem registrando queda desde 2024, refletindo problemas como violência contra minorias, baixa representatividade política e aumento de famílias em situação de rua.
O estudo também divide os municípios brasileiros em nove grupos, dos melhores aos piores desempenhos. Em 2026, 706 cidades ficaram no grupo mais bem avaliado, enquanto apenas 23 municípios apareceram na faixa mais crítica.",Fato,G1 Saúde / Oficial,https://g1.globo.com/saude/noticia/2026/05/20/qual-cidade-do-sul-tem-a-melhor-qualidade-de-vida-em-2026-veja-ranking-completo.ghtml
Edema na panturrilha: o que é problema que deve deixar Neymar fora dos gramados até a Copa,"Edema muscular deve afastar Neymar até a Copa; entenda o que é
Apesar da convocação para a Copa do Mundo na última segunda-feira (18), Neymar deve ficar fora dos gramados até a competição por conta de um novo problema físico: um edema na panturrilha direita.
➡️O edema muscular é um inchaço que acontece pelo acúmulo de líquidos em determinada parte do corpo. No caso de lesões esportivas, em geral ele é causado por pancadas diretas ou estiramento das fibras musculares. (entenda mais abaixo)
""Nesses casos, há um processo inflamatório dentro da musculatura, geralmente causado por sobrecarga, trauma ou uma pequena lesão muscular"", detalha Eduardo Ramalho, médico ortopedista e especialista em trauma do esporte.
Neymar sentiu a panturrilha no último confronto do Santos, no domingo (17), contra o Coritiba. A previsão é que o jogador trate o problema no CT Rei Pelé, com acompanhamento da CBF, mas o problema não preocupa a longo prazo, segundo os médicos.
O atacante deve ficar à disposição do Santos até 26 de maio, mas ele não deve realizar mais jogos oficiais antes do Mundial.
Neymar em jogo que eliminou o Brasil da Copa do Mundo, no Catar, em 2022; uniforme de 2026 ainda não entrou em campo
Suhaib Salem/Reuters
VEJA TAMBÉM:
O futebol mundial falou hoje sobre a convocação de Neymar para a Copa do Mundo
Como acontece um edema muscular?
Um edema muscular acontece quando há um acúmulo anormal de líquido ao redor do músculo. Esse tipo de problema é muito comum no futebol e indica uma resposta inflamatória do corpo a pequenas lesões na região afetada.
Ramalho explica que não necessariamente o termo edema, sozinho define a gravidade do caso.
""Muitas vezes os clubes utilizam expressões como edema, desconforto ou sobrecarga antes de detalhar exatamente o grau da lesão"", analisa.
Ele ainda acrescenta que, no futebol, a panturrilha acaba sendo um foco frequente desse tipo de problema porque ela está envolvida em praticamente todos os movimentos explosivos.
Segundo os especialistas, o edema muscular tem algumas principais causas no esporte:
Excesso de esforço
Trauma e impactos
Má execução de movimentos
Retorno de lesões
O ortopedista ressalta que no caso de Neymar, o histórico recente tem papel importante nesse diagnóstico.
""Ele vem de um período longo com histórico de lesões, cirurgias e afastamentos importantes. Quando um atleta passa muito tempo fora, existe perda de condicionamento muscular e redução da capacidade de absorver carga"", comenta.
👉Os sintomas do edema muscular mais comuns incluem:
Dor localizada
Sensação de endurecimento muscular
Perda de potência
Dificuldade para acelerar
No caso de lesões mais graves, o atleta pode ter dificuldade para apoiar o pé, dor para correr, limitação nos movimentos e até hematoma local.
Tratamento e prazo de retorno
De forma geral, o tratamento foca em evitar que o inchaço cause uma compressão dos nervos e agrave o quadro e depende diretamente da gravidade da lesão.
Ele inclui repouso, com um período sem atividade física, aplicação de compressas de gelo, especialmente logo após a lesão e fisioterapia em caso de dores persistentes.
""Nos casos mais leves, o foco inicial é controlar edema, reduzir inflamação e recuperar mobilidade. Depois entra uma fase progressiva de fortalecimento muscular e recondicionamento para corrida, aceleração e mudança de direção"", afirma Ramalho.
Quando se trata apenas de um edema ou uma sobrecarga leve, o retorno pode acontecer em poucos dias. Já pequenas lesões musculares normalmente exigem algumas semanas.
""O mais importante é que o atleta não volte apenas sem dor, mas com capacidade muscular suficiente para suportar a intensidade do jogo. A panturrilha é uma região com alto risco de nova lesão quando o retorno acontece cedo demais"", alerta o ortopedista.",Fato,G1 Saúde / Oficial,https://g1.globo.com/saude/noticia/2026/05/20/edema-na-panturrilha-o-que-e.ghtml
Qual cidade do Nordeste tem a melhor qualidade de vida em 2026? Veja ranking completo,"Fernando de Noronha pode fazer parte de uma nova unidade de conservação
Cristiano Régis/Acervo pessoal
Um ranking divulgado nesta quarta-feira (20) pelo instituto Imazon, em parceria com outras organizações, aponta as cidades brasileiras com a melhor e a pior qualidade de vida em 2026. 
Ao todo, o levantamento avalia os 5.570 municípios do país e mostra que as desigualdades regionais continuam profundas: 18 das 20 cidades mais bem colocadas ficam no Sul e Sudeste, enquanto 19 das 20 mais baixas colocações estão no Norte e no Nordeste.
🔎 PARA VER A LISTA COMPLETA, BAIXE O PDF COM OS DADOS DOS 5,5 MIL MUNICÍPIOS
🔢 O cálculo é feito pelo Índice de Progresso Social (IPS), que mede e classifica a qualidade de vida com base em 57 indicadores sociais e ambientais. As informações vêm de fontes públicas como DataSUS, IBGE, Inep e MapBiomas.
Conheça a cidade com melhor qualidade de vida do Brasil pelo terceiro ano seguido
Município mais ao Norte do Brasil tem pior qualidade de vida do país, aponta estudo
Quais são as melhores cidades do nordeste pare viver?
Confira as pontuações dos 20 municípios nordestinos com os desempenhos mais altos no IPS Brasil 2026.
Fernando de Noronha (PE) — Posição: 5ª | Pontuação: 71,75
Campina Grande (PB) — Posição: 107ª | Pontuação: 68,76
Santana do Seridó (RN) — Posição: 153ª | Pontuação: 68,24
João Pessoa (PB) — Posição: 226ª | Pontuação: 67,73
Pacujá (CE) — Posição: 294ª | Pontuação: 67,23
São Francisco (SE) — Posição: 295ª | Pontuação: 67,23
Natal (RN) — Posição: 372ª | Pontuação: 66,82
Condado (PB) — Posição: 382ª | Pontuação: 66,79
Marizópolis (PB) — Posição: 435ª | Pontuação: 66,57
Riacho da Cruz (RN) — Posição: 436ª | Pontuação: 66,57
Cabedelo (PB) — Posição: 651ª | Pontuação: 65,68
São Luís (MA) — Posição: 663ª | Pontuação: 65,64
Belo Jardim (PE) — Posição: 688ª | Pontuação: 65,57
São José do Sabugi (PB) — Posição: 1053ª | Pontuação: 64,49
São Vicente (RN) — Posição: 1079ª | Pontuação: 64,41
Pilões (RN) — Posição: 1286ª | Pontuação: 63,88
Caruaru (PE) — Posição: 1290ª | Pontuação: 63,87
Surubim (PE) — Posição: 1295ª | Pontuação: 63,86
Sairé (PE) — Posição: 1306ª | Pontuação: 63,84
Carmópolis (SE) — Posição: 1307ª | Pontuação: 63,84
*O IPS Brasil considera Fernando de Noronha (PE) como município no ranking, por reunir os dados necessários para o cálculo do índice.
Diferentemente do PIB, que mede a riqueza gerada, o IPS quer saber se essa riqueza chega à vida das pessoas.
""O IPS é um índice que surge de um entendimento de que desenvolvimento econômico, por si só, não corresponde necessariamente a desenvolvimento social"", afirma ao g1 Melissa Wilm, coordenadora do IPS Brasil.
""A proposta é medir o que realmente importa na vida das pessoas, diferente de métricas tradicionais, que olham principalmente o quanto foi gasto em determinada área, para olhar o que de fato as pessoas se beneficiaram com o investimento que foi feito"".
Vídeos em alta no g1
Quais são as piores cidades do nordeste pare viver?
Pontuações dos 20 municípios nordestinos com os desempenhos mais baixos no IPS Brasil 2026.
Peritoró (MA) — Posição: 5.555ª | Pontuação: 47,53
Cajari (MA) — Posição: 5.550ª | Pontuação: 47,87
Marajá do Sena (MA) — Posição: 5.549ª | Pontuação: 47,90
Camamu (BA) — Posição: 5.545ª | Pontuação: 48,39
Amarante do Maranhão (MA) — Posição: 5.542ª | Pontuação: 48,40
Fernando Falcão (MA) — Posição: 5.541ª | Pontuação: 48,44
São Félix de Balsas (MA) — Posição: 5.536ª | Pontuação: 48,76
Carnaubeira da Penha (PE) — Posição: 5.535ª | Pontuação: 48,79
Arame (MA) — Posição: 5.534ª | Pontuação: 48,80
Montes Altos (MA) — Posição: 5.524ª | Pontuação: 49,23
Paulo Ramos (MA) — Posição: 5.219ª | Pontuação: 49,39
Taperoá (BA) — Posição: 5.515ª | Pontuação: 49,54
Penalva (MA) — Posição: 5.514ª | Pontuação: 49,55
Monção (MA) — Posição: 5.511ª | Pontuação: 49,71
Presidente Juscelino (MA) — Posição: 5.507ª | Pontuação: 49,86
São Francisco do Maranhão (MA) — Posição: 5.505ª | Pontuação: 49,99
Morros (MA) — Posição: 5.503ª | Pontuação: 50,00
São João Batista (MA) — Posição: 5.501ª | Pontuação: 50,12
Pedro Alexandre (BA) — Posição: 5.499ª | Pontuação: 50,14
Pilão Arcado (BA) — Posição: 5.497ª | Pontuação: 50,16
A nota média do Nordeste foi de 58,05, abaixo da média geral do país, que ficou em 63,40.
Mapa dos resultados do IPS Brasil 2026
Arte/g1
Entenda o que é o IPS Brasil
O Índice de Progresso Social (IPS) Brasil avalia a qualidade de vida nos 5.570 municípios brasileiros a partir de 57 indicadores sociais e ambientais. O índice não mede apenas riqueza ou PIB, mas busca mostrar se a população consegue acessar direitos, serviços e condições básicas de vida.
O IPS Brasil é desenvolvido em parceria entre o Imazon, a Fundação Avina, a Amazônia 2030, o Centro de Empreendedorismo da Amazônia e a Social Progress Imperative.
📊 Os indicadores são divididos em três grandes dimensões:
Necessidades Humanas Básicas
Teve a melhor média nacional, com 74,58 pontos. Avalia temas ligados a alimentação, saúde, moradia, saneamento e segurança. O componente Moradia registrou a maior nota do país: 87,95 pontos.
Fundamentos do Bem-Estar
Obteve média de 68,81 pontos e reúne indicadores relacionados a educação, acesso à internet, saúde e qualidade ambiental. O componente Acesso à Informação e Comunicação foi o que mais cresceu entre 2025 e 2026, impulsionado pela ampliação do acesso a tecnologias e meios de comunicação.
Ao mesmo tempo, o índice aponta que estados da Amazônia Legal concentram os piores resultados em Qualidade do Meio Ambiente, influenciados por desmatamento acumulado, focos de calor e emissões de gases de efeito estufa.
Oportunidades
Foi a dimensão com pior desempenho no país, com média de 46,82 pontos, repetindo o padrão das edições anteriores. Reúne indicadores ligados a direitos individuais, inclusão social, liberdades pessoais e acesso ao ensino superior.
Os piores resultados apareceram justamente nos componentes de Direitos Individuais (39,14), Acesso à Educação Superior (45,97) e Inclusão Social (47,22). Segundo o relatório, a área de Inclusão Social vem registrando queda desde 2024, refletindo problemas como violência contra minorias, baixa representatividade política e aumento de famílias em situação de rua.
O estudo também divide os municípios brasileiros em nove grupos, dos melhores aos piores desempenhos. Em 2026, 706 cidades ficaram no grupo mais bem avaliado, enquanto apenas 23 municípios apareceram na faixa mais crítica.",Fato,G1 Saúde / Oficial,https://g1.globo.com/saude/noticia/2026/05/20/qual-cidade-do-nordeste-tem-a-melhor-qualidade-de-vida-ranking.ghtml
3 formas divertidas de manter o cérebro jovem por mais tempo,"Nosso tempo de ""vida saudável"" está diminuindo em muitas partes do mundo
Getty Images / BBC
Se você tivesse duas opções — uma tarefa fácil e outra difícil — qual escolheria fazer? O mais provável é que todos nós optássemos pela mais fácil, e com razão.
Recorrer a atalhos mentais é algo inerente à nossa biologia: uma estratégia evolutiva criada para poupar energia.
A tecnologia apenas ampliou essa capacidade. Por isso, é tão tentador buscar atalhos e concluir tarefas com o mínimo de esforço possível.
Mas se isso levar a uma redução do nosso esforço mental, pode acabar prejudicando nossa longevidade e a saúde de forma geral.
Vídeos em alta no g1
Nosso tempo de ""vida saudável"" — ou seja, o número de anos em que as pessoas vivem com boa saúde — está diminuindo em muitas partes do mundo.
Segundo pesquisadores, à medida que as pessoas vivem mais, o número de anos que elas passam com problemas de saúde tende a aumentar.
A tecnologia está tornando nossa vida cada vez mais fácil. Mas quais os efeitos disso em nosso corpo?
Getty Images / BBC
Quando se trata do cérebro, há medidas que podem ajudar a prolongar uma vida saudável.
Basicamente, quando participamos de atividades que nos desafiam, estamos construindo o que os especialistas chamam de ""reserva cognitiva"", que tem um efeito protetor sobre o cérebro.
E existem muitas formas de fazer isso no dia a dia.
""Independentemente da idade, há coisas que podemos fazer — em maior ou menor grau — que podem dar um pequeno impulso às nossas habilidades cognitivas"", afirma o psicólogo Alan Gow, da Universidade Heriot-Watt, em Edimburgo, na Escócia.
E a boa notícia é que não precisamos mudar radicalmente nossa rotina: basta fazer pequenas mudanças graduais nos aspectos físico, social e mental para proteger o cérebro.
A seguir, apresentamos três formas simples e prazerosas para começar.
1. Navegação espacial
Se perder em lugares novos e encontrar a saída faz o cérebro trabalhar de diferentes maneiras
Getty Images / BBC
Uma estratégia para se proteger do declínio cognitivo associado ao envelhecimento é focar em uma parte específica do cérebro.
Acredita-se que o hipocampo — área cerebral fundamental para a navegação espacial — seja a primeira parte do cérebro afetada pela doença de Alzheimer, vários anos antes de os sintomas começarem a se manifestar.
""Há anos sabemos que pessoas com Alzheimer frequentemente ficam desorientadas. Esse costuma ser um dos primeiros sintomas"", explica o neurologista Dennis Chan, do University College London, no Reino Unido, especializado na detecção precoce da doença.
E a detecção precoce é crucial, acrescenta ele: ""Quanto antes identificarmos [os sinais de declínio cognitivo], mais rápido poderemos agir"".
Por isso, proteger essa área do cérebro pode ajudar a prevenir ou retardar o surgimento dos sintomas.
Diversos estudos mostram, por exemplo, que motoristas de ambulância e de táxi apresentam uma das menores taxas de mortalidade associadas ao Alzheimer em comparação com outras profissões. 
Segundo pesquisadores, isso acontece justamente porque esses profissionais exercitam mais o cérebro em tarefas de ""processamento espacial"".
Também se sabe que taxistas que passaram anos memorizando as ruas da cidade sem recorrer a mapas têm um hipocampo maior.
Profissionais como motoristas de ambulância e de táxi costumam apresentar menor mortalidade por Doença de Alzheimer em comparação com outras profissões
Getty Images / BBC
Da mesma forma, um estudo realizado com homens saudáveis que realizaram uma tarefa de navegação espacial durante quatro meses revelou uma melhora em suas habilidades de orientação e nenhuma perda de volume do hipocampo. 
Já os participantes do grupo de controle — aqueles que não realizaram a tarefa — apresentaram a contração cerebral associada ao envelhecimento que já era esperada.
Ainda não está claro se estimular essa região do cérebro poderia prevenir a demência, mas desenvolver uma maior reserva cognitiva pode oferecer uma proteção adicional.
Isso ajuda a explicar por que, como destaca Dennis Chan, análises cerebrais feitas após a morte revelaram que alguns idosos apresentavam extensas alterações no tecido cerebral associadas à Doença de Alzheimer, apesar de nunca terem manifestado sintomas em vida.
Segundo ele, uma das explicações para esse fenômeno é que o ""andaime cerebral"" dessas pessoas era extremamente robusto — possivelmente graças ao estilo de vida, embora fatores genéticos também pareçam desempenhar um papel importante.
E, apesar do aumento do risco de demência com o envelhecimento, Chan afirma que o fato de existirem pessoas que nunca desenvolvem sintomas deve servir de incentivo para todos nós.
Aprender a se localizar sem usar o celular pode ser uma forma simples de exercitar o cérebro
Getty Images / BBC
""Em geral, são pessoas fisicamente ativas, intelectualmente mais ativas e com uma vida social mais intensa.""
Todos nós podemos nos esforçar para desenvolver nossas habilidades espaciais por meio de esportes ou, no caso das crianças, brincando com blocos de montar.
Descobrir como chegar a um destino sem recorrer ao mapa do celular também pode ser benéfico, já que o uso do GPS tem sido associado à piora da memória espacial.
Além disso, alguns videogames podem ajudar, desde que tenham sido desenvolvidos com o rigor adequado.
Por exemplo, um pequeno estudo realizado com idosos mostrou que aqueles que jogaram um videogame de navegação espacial em realidade virtual apresentaram melhora na memória.
Vale destacar que esse jogo foi desenvolvido especificamente por pesquisadores. Portanto, isso não significa necessariamente que o nosso videogame favorito vá ajudar a melhorar a memória.
2. Vida social ativa
Pessoas socialmente mais ativas apresentam menor declínio cognitivo do que as mais retraídas
Getty Images / BBC
Nesse sentido, diversas pesquisas têm mostrado que nos manter socialmente ativos nos protege contra o declínio cognitivo.
Por exemplo, os centenários que tem mais vida social apresentam melhor saúde cerebral, enquanto participar de atividades sociais na meia-idade tem sido associado a uma maior capacidade cognitiva na velhice.
Isso também foi confirmado por um amplo estudo observacional, que concluiu que pessoas que permaneceram mais socialmente ativas durante a meia-idade e a velhice apresentavam um risco entre 30% e 50% menor de desenvolver demência. Segundo os autores, isso acontece porque esse tipo de atividade aumenta a reserva cognitiva.
Manter-se socialmente ativo também pode retardar o surgimento dos sintomas.
De acordo com um estudo realizado com 1.923 participantes idosos — focado naqueles que acabaram desenvolvendo demência —, os menos ativos socialmente desenvolveram a doença cinco anos antes daqueles que eram mais ativos.
Acredita-se que isso aconteça porque manter uma vida social ativa ajuda a reduzir o estresse, tornando as pessoas mais resilientes diante dos desafios da vida.
O estresse crônico, por outro lado, tem sido associado à perda de neurônios no hipocampo.
Uma conversa estimulante traz benefícios para a saúde do cérebro
Getty Images / BBC
""O fator protetor está na capacidade de dialogar, debater e compartilhar ideias. Essas conversas também podem exercer um efeito protetor sobre o cérebro"", afirma a epidemiologista Pamela Almeida-Meza, do King's College London.
Quando interagimos com outras pessoas, ativamos diversas áreas do cérebro: desde as relacionadas à linguagem e à memória até as envolvidas no planejamento futuro.
""Existe um componente cognitivo que estimula a mente. Portanto, isso pode favorecer a saúde cerebral; mas também sabemos que manter boas conexões sociais reduz uma série de fatores de estresse de natureza fisiológica"", afirma Alan Gow.
3. Aprendizado ao longo da vida
Um dos principais indicadores de um bom envelhecimento é a quantidade de anos que uma pessoa dedica à educação.
Getty Images / BBC
Um dos principais indicadores de um bom envelhecimento é a quantidade de anos que uma pessoa dedica à educação.
Indivíduos que passam mais tempo se formando apresentam menor risco de desenvolver demência.
O aprendizado ao longo da vida pode contribuir para gerar os mesmos benefícios protetores à saúde.
Nosso cérebro responde bem diante de desafios e da novidade, já que isso fortalece as áreas cerebrais mais vulneráveis ao envelhecimento.
Já é comprovado que, ao manter o cérebro ativo, o declínio cognitivo é mais lento.
Uma razão fundamental para esse fenômeno é que o aprendizado gera novos neurônios e, ao mesmo tempo, fortalece os já existentes, o que pode atuar como um mecanismo de proteção contra o envelhecimento e a morte celular.
Isso é a neuroplasticidade em ação: a capacidade do cérebro de se adaptar e se transformar ao longo de toda a vida.
""É precisamente essa plasticidade, e essa capacidade de regenerar novas células nervosas e sinapses, que confere às pessoas resiliência frente à Doença de Alzheimer"", afirma Dennis Chan.
Aprender coisas novas exige as áreas do cérebro que são mais afetadas pela demência
Getty Images / BBC
Todos nós podemos aumentar nossa reserva cognitiva à medida que envelhecemos.
Em um estudo longitudinal que acompanhou participantes desde a infância até o final dos 60 anos, Pamela Almeida-Meza e seus colegas descobriram que a reserva cognitiva aumentava por meio de atividades enriquecedoras, como a educação e atividades de lazer.
Aqueles que a desenvolveram, apresentaram menor declínio da memória, mesmo entre os que obtiveram pontuações baixas em testes cognitivos na infância.
Embora possamos nos beneficiar em qualquer idade, isso se torna particularmente importante nas fases mais avançadas da vida, aponta Almeida-Meza.
Isso ocorre porque, à medida que envelhecemos, nossa vida cotidiana se torna mais rotineira e temos menos oportunidades de aprender.
Existem diversas formas de conseguir isso: é possível tentar a jardinagem — que já foi associada à preservação da função cognitiva —, participar de um clube do livro ou simplesmente comentar o que se está lendo com um amigo. 
Em resumo, o que fica claro é que qualquer atividade que estimule o cérebro é benéfica para a saúde integral, seja escolher uma rota diferente para caminhar, ler Proust ou priorizar relações sociais.
Tudo isso contribui para construir um cérebro resiliente e para desacelerar o declínio associado ao envelhecimento, tornando também a vida mais gratificante no processo.
*Esta é uma adaptação para o português de um artigo publicado originalmente pela BBC Future. Se quiser ler o original em inglês, clique aqui.",Fato,G1 Saúde / Oficial,https://g1.globo.com/saude/noticia/2026/05/20/3-formas-divertidas-de-manter-o-cerebro-jovem-por-mais-tempo.ghtml
Qualidade de vida: veja como sua cidade foi avaliada pelo IPS Brasil 2026 e as disparidades entre estados e regiões,"Vista aérea de Gavião Peixoto (SP)
Divulgação/Prefeitura
O Índice de Progresso Social (IPS) Brasil 2026, divulgado nesta quarta-feira (20) pelo Imazon e parceiros, avalia a qualidade de vida nos 5.570 municípios brasileiros a partir de 57 indicadores sociais e ambientais. Cada cidade recebe uma nota de 0 a 100 e uma posição no ranking nacional.
A média do Brasil em 2026 ficou em 63,40 pontos. Gavião Peixoto, no interior de São Paulo, lidera pelo terceiro ano seguido, com 73,10. Uiramutã, em Roraima, aparece em último, com 42,44 — uma diferença de mais de 30 pontos entre as duas pontas.
🔎 PARA VER A LISTA COMPLETA, BAIXE O PDF COM OS DADOS DOS 5,5 MIL MUNICÍPIOS
Os dados do IPS Brasil 2026 mostra duas realidades distintas. Sudeste e Sul concentram as cidades com melhor qualidade de vida. A região Norte, em especial os estados da Amazônia Legal, reúne a maior parte dos municípios com os piores desempenhos.
Entre as 20 cidades mais bem colocadas, 19 ficam no Sudeste e no Sul — a maioria em São Paulo. Já entre as 20 piores, 18 estão no Norte e no Nordeste, com forte concentração no Pará, em Roraima e no Tocantins. Só o Pará tem 11 das 20 cidades piores colocadas do país em 2026.
🏆 Ranking dos estados
O Distrito Federal lidera com 70,73 pontos — a única unidade da federação acima dos 70. Em seguida vêm São Paulo (67,96), Santa Catarina (65,58), Paraná (65,21) e Minas Gerais (64,66). Na outra ponta estão Pará (55,80), Maranhão (57,59) e Acre (58,03). A diferença entre o primeiro e o último colocado passa de 15 pontos.
Distrito Federal — 70,73
São Paulo — 67,96
Santa Catarina — 65,58
Paraná — 65,21
Minas Gerais — 64,66
Goiás — 64,52
Mato Grosso do Sul — 64,14
Espírito Santo — 63,61
Rio de Janeiro — 63,47
Rio Grande do Sul — 63,39
Paraíba — 62,39
Sergipe — 62,10
Rio Grande do Norte — 61,83
Mato Grosso — 61,38
Ceará — 61,22
Pernambuco — 60,58
Tocantins — 60,50
Piauí — 60,48
Roraima — 59,65
Amazonas — 59,34
Alagoas — 58,97
Bahia — 58,72
Rondônia — 58,60
Amapá — 58,10
Acre — 58,03
Maranhão — 57,59
Pará — 55,80
Vídeos em alta no g1
Entenda o que é o IPS Brasil
O Índice de Progresso Social (IPS) Brasil avalia a qualidade de vida nos 5.570 municípios brasileiros a partir de 57 indicadores sociais e ambientais. O índice não mede apenas riqueza ou PIB, mas busca mostrar se a população consegue acessar direitos, serviços e condições básicas de vida.
O IPS Brasil é desenvolvido em parceria entre o Imazon, a Fundação Avina, a Amazônia 2030, o Centro de Empreendedorismo da Amazônia e a Social Progress Imperative.
📊 Os indicadores são divididos em três grandes dimensões:
Necessidades Humanas Básicas
Teve a melhor média nacional, com 74,58 pontos. Avalia temas ligados a alimentação, saúde, moradia, saneamento e segurança. O componente Moradia registrou a maior nota do país: 87,95 pontos.
Fundamentos do Bem-Estar
Obteve média de 68,81 pontos e reúne indicadores relacionados a educação, acesso à internet, saúde e qualidade ambiental. O componente Acesso à Informação e Comunicação foi o que mais cresceu entre 2025 e 2026, impulsionado pela ampliação do acesso a tecnologias e meios de comunicação.
Ao mesmo tempo, o índice aponta que estados da Amazônia Legal concentram os piores resultados em Qualidade do Meio Ambiente, influenciados por desmatamento acumulado, focos de calor e emissões de gases de efeito estufa.
Sede da cidade de Uiramutã, cidade proporcionalmente mais indígena do Brasil, onde nenhuma rua é asfaltada
Josivan Antelo/Rede Amazônica
Oportunidades
Foi a dimensão com pior desempenho no país, com média de 46,82 pontos, repetindo o padrão das edições anteriores. Reúne indicadores ligados a direitos individuais, inclusão social, liberdades pessoais e acesso ao ensino superior.
Os piores resultados apareceram justamente nos componentes de Direitos Individuais (39,14), Acesso à Educação Superior (45,97) e Inclusão Social (47,22). Segundo o relatório, a área de Inclusão Social vem registrando queda desde 2024, refletindo problemas como violência contra minorias, baixa representatividade política e aumento de famílias em situação de rua.
O estudo também divide os municípios brasileiros em nove grupos, dos melhores aos piores desempenhos. Em 2026, 706 cidades ficaram no grupo mais bem avaliado, enquanto apenas 23 municípios apareceram na faixa mais crítica.
LEIA TAMBÉM:
O risco de um super El Niño aumentou?
EUA mudam regras para químicos perigosos na água e afrouxam normas ambientais
América Latina e Caribe nunca esquentaram tão rápido quanto agora, diz relatório da OMM
Parques urbanos podem melhorar a qualidade de vida e ajudar a enfrentar as mudanças climáticas",Fato,G1 Saúde / Oficial,https://g1.globo.com/saude/noticia/2026/05/20/ranking-ips-2026-sua-cidade.ghtml
Anvisa interdita lote de repelente após teste apontar falha em substância contra insetos,"repele mávaro
Reprodução
A Agência Nacional de Vigilância Sanitária interditou um lote do repelente “Repele Mavaro” após testes laboratoriais apontarem falha na concentração de uma das substâncias responsáveis pela proteção contra insetos. A medida foi publicada nesta quarta-feira (20) no Diário Oficial da União.
Segundo a agência, o lote 61/411 do produto apresentou resultado “insatisfatório” em ensaio relacionado ao IR3535, composto usado em repelentes para afastar mosquitos e outros insetos.
A Anvisa determinou a “interdição cautelar” do lote, o que significa que ele não pode ser comercializado nem utilizado até conclusão das investigações.
O produto é fabricado pela empresa Mavaro Indústria e Comércio de Produtos Químicos Ltda. O g1 procurou a empresa; a reportagem será atualizada caso ela se manifeste.
Vídeos em alta no g1
O que significa a falha no IR3535
O IR3535 é um ingrediente ativo usado em repelentes para ajudar a afastar insetos, incluindo mosquitos transmissores de doenças como dengue, zika e chikungunya.
Um resultado insatisfatório nesse tipo de ensaio pode indicar que o produto não oferece a proteção esperada informada ao consumidor.
A resolução da Anvisa não detalha qual foi exatamente a irregularidade encontrada no teste — se relacionada à concentração do composto ou à eficácia do produto —, mas cita que o laudo do Instituto Adolfo Lutz,  laboratório de referência do estado de São Paulo, apontou desconformidade técnica.",Fato,G1 Saúde / Oficial,https://g1.globo.com/saude/noticia/2026/05/20/anvisa-interdita-lote-de-repelente-apos-teste-apontar-falha-em-substancia-contra-insetos.ghtml
OMS afirma que surto de Ebola 'provavelmente começou há alguns meses',"Um homem é retirado de uma ambulância ao chegar ao Hospital Geral de Referência de Bunia, após a confirmação de um surto de Ebola envolvendo a cepa Bundibugyo em Bunia, província de Ituri, República Democrática do Congo, em 16 de maio de 2026
REUTERS/Victoire Mukenge
A disseminação do Ebola na República Democrática do Congo indica que o surto provavelmente começou há alguns meses, afirmou a Organização Mundial da Saúde nesta quarta-feira (20).
“As investigações continuam em andamento e nossa prioridade é interromper a cadeia de transmissão por meio da implementação do rastreamento de contatos, do isolamento e do cuidado de todos os casos suspeitos e confirmados”, disse Anais Legand, oficial técnica da OMS para febres hemorrágicas virais, a jornalistas.
Além da fala de Anais, o diretor-geral da Organização Mundial da Saúde (OMS), Tedros Adhanom Ghebreyesus, sugeriu que as críticas dos Estados Unidos à resposta da agência ao surto de Ebola na África Central podem ter sido motivadas por uma “falta de entendimento”.
Tedros foi questionado sobre as declarações do secretário de Estado dos EUA, Marco Rubio, que afirmou na terça-feira (19), que a resposta da OMS ao surto de Ebola foi “um pouco tardia”.
Escassez de testes atrasa combate ao Ebola no Congo, diz autoridade da OMS
O diretor-geral da OMS disse a jornalistas, em Genebra, que “talvez o que o secretário tenha dito possa ser resultado da falta de compreensão sobre como funcionam os Regulamentos Sanitários Internacionais (RSI) e as responsabilidades da OMS e de outras entidades”.
Nesta quarta, Tedros voltou a afirmar que o risco de propagação do surto é alto nos níveis nacional e regional, mas baixo em escala global.
LEIA TAMBÉM: Risco epidêmico de ebola é 'baixo' globalmente e 'alto' nos níveis nacional e regional, afirma OMS
Segundo Tedros, até o momento foram confirmados 51 casos no Congo, em províncias do Norte do país. Apesar disso, ele alertou que a dimensão real da epidemia pode ser ainda maior.
Uganda também notificou a agência da ONU sobre dois casos confirmados na capital, Kampala. “Além dos casos confirmados, há quase 600 casos suspeitos e 139 mortes confirmadas”, afirmou Tedros. “Esperamos que esses números continuem aumentando.”
Na terça-feira, um Comitê de Emergência da OMS se reuniu em Genebra e concluiu que o surto da rara cepa Bundibugyo do vírus Ebola representa uma emergência de saúde pública de interesse internacional, mas não configura uma pandemia.
Tedros declarou estado de emergência no fim de semana — a primeira vez que um diretor-geral da OMS adotou a medida sem consultar especialistas antes da decisão, segundo ele, por causa da gravidade e urgência da situação.",Fato,G1 Saúde / Oficial,https://g1.globo.com/saude/noticia/2026/05/20/oms-afirma-que-surto-de-ebola-provavelmente-comecou-ha-alguns-meses.ghtml
"Risco epidêmico de ebola é 'baixo' globalmente e 'alto' nos níveis nacional e regional, afirma OMS","OMS muito preocupada com escala e velocidade do surto de Ebola
O diretor-geral da Organização Mundial da Saúde, Tedros Adhanom Ghebreyesus, afirmou nesta quarta-feira que o risco de propagação do surto de Ebola na República Democrática do Congo e em Uganda é alto nos níveis nacional e regional, mas baixo em escala global.
Segundo Tedros, até o momento foram confirmados 51 casos no Congo, nas províncias de Ituri e Kivu do Norte. Apesar disso, ele alertou que a dimensão real da epidemia pode ser ainda maior.
Uganda também notificou a agência da ONU sobre dois casos confirmados na capital, Kampala. “Além dos casos confirmados, há quase 600 casos suspeitos e 139 mortes confirmadas”, afirmou Tedros. “Esperamos que esses números continuem aumentando.”
Na terça-feira, um Comitê de Emergência da OMS se reuniu em Genebra e concluiu que o surto da rara cepa Bundibugyo do vírus Ebola representa uma emergência de saúde pública de interesse internacional, mas não configura uma pandemia.
Tedros declarou estado de emergência no fim de semana — a primeira vez que um diretor-geral da OMS adotou a medida sem consultar especialistas antes da decisão, segundo ele, por causa da gravidade e urgência da situação.
OMS fez reunião de emergência para discutir uso de vacinas experimentais contra surto de ebola no Congo
Jornal Nacional/ Reprodução
Não há vacinas aprovadas para a cepa Bundibugyo
A OMS demonstrou preocupação com a “escala e velocidade” do avanço da variante Bundibugyo no leste do Congo.
Especialistas em saúde e trabalhadores humanitários afirmam que o vírus circulou por semanas sem ser detectado depois da primeira morte registrada. Isso aconteceu porque as autoridades realizavam testes para uma cepa mais comum do Ebola, que deram resultado negativo.
Atualmente, não existem vacinas ou tratamentos aprovados para a variante Bundibugyo.
O Congo aguarda o envio, pelos Estados Unidos e pela Reino Unido, de doses de uma vacina experimental desenvolvida por pesquisadores da Universidade de Oxford para diferentes tipos do vírus.
“Vamos aplicar a vacina e observar quem desenvolve a doença”, disse Jean-Jacques Muyembe. Especialistas alertam, no entanto, que os resultados desse tipo de estratégia levam tempo.
O Ebola é um vírus altamente contagioso transmitido pelo contato com fluidos corporais, como sangue, vômito e sêmen. A doença é rara, mas grave e frequentemente fatal. Entre os principais sintomas estão febre, dor de cabeça, dores musculares, fraqueza, diarreia, vômitos, dores abdominais e sangramentos inexplicáveis.
No maior surto já registrado, há pouco mais de uma década, mais de 11 mil pessoas morreram. Muitas infecções ocorreram durante rituais funerários, quando familiares lavavam os corpos das vítimas.
Número de mortos no surto de ebola na República Democrática do Congo chega a 105
Jornal Nacional/ Reprodução
LEIA TAMBÉM:
Surto de Ebola já deixou ao menos 100 mortos na República Democrática do Congo; CDC confirma caso em profissional dos EUA
Como começou a epidemia de ebola na África, que se tornou emergência de saúde pública internacional?
Diretor da OMS afirma estar ‘profundamente preocupado’ com epidemia de Ebola no Congo",Fato,G1 Saúde / Oficial,https://g1.globo.com/saude/noticia/2026/05/20/risco-epidemico-de-ebola-e-baixo-globalmente-afirma-oms.ghtml
Justiça manda Meta bloquear perfis de médica da Fiocruz por publicações com desinformação sobre vacinas,"A médica Isabel Braga, servidora da Fiocruz
Andressa Anholete/Agência Senado
A Justiça Federal do Rio de Janeiro determinou que a Meta bloqueie dois perfis no Facebook ligados à médica Isabel de Fátima Alvim Braga, servidora da Fundação Oswaldo Cruz (Fiocruz), por publicações com informações falsas sobre vacinas, pesquisas científicas e atividades da instituição.
A decisão foi tomada em ação movida pela própria Fiocruz contra a médica e o Facebook, rede social controlada pela Meta. Segundo a Advocacia-Geral da União (AGU), que atua na defesa da fundação, os perfis eram usados para publicar conteúdos “falsos, alarmistas e ofensivos” relacionados à saúde pública e à política de imunização.
De acordo com os autos, as publicações utilizavam imagens do Castelo Mourisco —prédio histórico e símbolo da Fiocruz— e faziam referência à condição funcional da médica para conferir aparência de credibilidade às mensagens. A fundação argumentou à Justiça que os conteúdos tinham potencial de induzir a população a erro, comprometer a confiança em vacinas e atingir a reputação de pesquisadores e servidores.
A decisão estabelece prazo de 24 horas para o bloqueio dos perfis e prevê multa diária de R$ 10 mil em caso de descumprimento, tanto pela ré quanto pela plataforma. A Justiça também determinou que a Meta impeça a criação de novas contas associadas à autora das publicações e faça o monitoramento para remover conteúdos semelhantes aos já questionados no processo.
A reportagem procurou Isabel de Fátima Alvim Braga para comentar a decisão e aguarda retorno. Ao g1, a Meta afirma que não vai comentar o caso.
Em nota ao g1, a Fiocruz informou que ""reafirma seu compromisso com a ciência e a saúde pública e repudia práticas de desinformação"".
Pesquisadores da UFRJ monitoram nova onda de fake news sobre vacinas
Justiça vê risco à saúde coletiva
Ao analisar o caso, a Justiça reconheceu que a liberdade de expressão tem proteção constitucional, mas afirmou que esse direito não pode ser utilizado para disseminar desinformação ou ataques capazes de colocar em risco a saúde coletiva.
Segundo a decisão, as publicações ultrapassaram o campo da crítica e configuraram, em análise preliminar, uma campanha de desinformação contra a Fiocruz. Também ficou proibido o uso de símbolos da instituição, especialmente do Castelo Mourisco, além da divulgação de nomes e imagens de servidores, ainda que de forma indireta.
A AGU afirmou que a medida busca preservar a credibilidade das instituições científicas e proteger a confiança pública em pesquisas e políticas de vacinação.",Fato,G1 Saúde / Oficial,https://g1.globo.com/saude/noticia/2026/05/20/justica-manda-meta-bloquear-perfis-de-medica-da-fiocruz-por-publicacoes-com-desinformacao-sobre-vacinas.ghtml
Coito interrompido: entenda por que o método tem alta taxa de falha e risco de gravidez,"Coito interrompido: entenda por que o método tem alta taxa de falha e risco de gravidez
Adobe Stock
O coito interrompido pode reduzir o risco de gravidez quando executado de forma “perfeita”, mas especialistas alertam que o método falha com frequência na vida real, não protege contra infecções sexualmente transmissíveis (ISTs) e não deve ser usado isoladamente por quem deseja evitar uma gestação. A taxa de falha pode chegar a cerca de 20% ao ano no uso típico, segundo médicos ouvidos pelo g1. 
O ideal é sempre usar outro método além do coito interrompido, segundo o urologista e professor livre-docente da Faculdade de Medicina da USP, Jorge Hallak.
Segundo ele, o método pode ser usado por casais que aceitam o risco de uma gravidez não planejada. “É para o casal que assume o risco, que não quer, mas se engravidar tudo bem”, explica. 
Já para adolescentes ou pessoas que não desejam ter filhos, o especialista afirma que a prática é inadequada e perigosa devido à dificuldade de controlar totalmente a ejaculação.
Vídeos em alta no g1
Uso perfeito x vida real
Os especialistas diferenciam o chamado “uso perfeito” do “uso típico”.
No cenário ideal — sem álcool, drogas, ansiedade, ejaculação precoce e com retirada no momento exato — a taxa de falha do coito interrompido pode cair para cerca de 4% ao ano, segundo Hallak. Mas, na prática, a eficácia é muito menor.
O ginecologista e professor da Faculdade de Medicina da USP José Maria Soares Júnior afirma que a taxa de falha real gira em torno de 20% a 22% ao ano, o que significa que cerca de uma em cada cinco pessoas que dependem exclusivamente do método acabam engravidando. 
A principal distinção é a interferência humana: o uso típico contabiliza a falibilidade humana, enquanto o uso perfeito a exclui, explica Soares Júnior. 
Hallak acrescenta que o controle da ejaculação não depende apenas da vontade. “Há um ponto de não retorno. Quando o homem percebe, já foi”, afirma.
Líquido pré-ejaculatório pode conter espermatozoides
Um dos principais riscos do método está no líquido pré-ejaculatório, liberado antes do orgasmo.
Segundo Soares Júnior, estudos mostram que esse líquido pode conter espermatozoides viáveis em uma parcela significativa dos homens. Pesquisas identificaram essa presença em proporções que variam de 13% a 41% dos participantes. 
Isso significa que a gravidez pode ocorrer mesmo sem ejaculação dentro da vagina.
“Uma vez depositados na entrada ou no canal vaginal, esses espermatozoides são capazes de alcançar o óvulo e provocar fecundação”, explica o ginecologista. 
Hallak também destaca que muitas pessoas acreditam erroneamente que os espermatozoides chegam rapidamente ao óvulo. Segundo ele, esse processo pode levar de 48 a 72 horas.
Álcool, ansiedade e juventude aumentam o risco
Os médicos afirmam que fatores como álcool, ansiedade e excitação intensa dificultam ainda mais o controle da ejaculação.
“O risco é especialmente elevado durante a intoxicação alcoólica, porque a inibição sexual retira o controle”, afirma Hallak.
Segundo ele, pacientes jovens tendem a apresentar mais dificuldade de controle ejaculatório devido à alta excitação e menor intervalo entre uma relação e outra. O médico destaca ainda que a ejaculação precoce afeta até 50% dos homens em diferentes fases da vida.
Soares Júnior também afirma que o risco de gravidez aumenta quando o método é usado de forma inconsistente, durante o período fértil da parceira ou em relações múltiplas sem urinar entre uma ejaculação e outra. 
Hallak explica que urinar entre uma ejaculação e outra pode diminuir o risco, mas não eliminá-lo completamente.
Comparação com camisinha, pílula e DIU
Na comparação com outros métodos contraceptivos, o coito interrompido apresenta eficácia inferior.
Confira as taxas de falha em uso perfeito de diferentes métodos, segundo Hallak:
pílula: 0,3%; 
preservativo tradicional: 2%; 
DIU: entre 0,1% e 0,6%; 
preservativo interno feminino: 2%. 
Coito interrompido: 4% 
Já Soares Júnior ressalta que, no uso típico, a camisinha apresenta eficácia em torno de 87%, enquanto o coito interrompido fica em cerca de 78%. 
Além da eficácia maior, a camisinha possui outra vantagem considerada fundamental pelos especialistas: a proteção contra ISTs.
“O coito interrompido não oferece proteção de forma alguma”, afirma o ginecologista. 
O médico também compara o método à pílula, ao DIU e ao implante contraceptivo, considerados muito mais seguros porque não dependem do autocontrole no momento da relação sexual. 
Método pode ser aceito apenas em situações específicas
Apesar das limitações, os especialistas afirmam que o coito interrompido pode ser considerado em situações específicas.
Ele pode servir como alternativa para casais que aceitam o risco de gravidez ou desejam espaçar os filhos. E médicos podem considerar o método “minimamente aceitável” apenas em situações excepcionais, como ausência total de acesso a outros contraceptivos ou uso temporário associado a outras estratégias. 
Mesmo nesses casos, os especialistas reforçam que ele não é considerado método de primeira linha e não deve ser usado isoladamente por pessoas que desejam evitar uma gestação com segurança.",Fato,G1 Saúde / Oficial,https://g1.globo.com/saude/noticia/2026/05/20/coito-interrompido-entenda-por-que-o-metodo-tem-alta-taxa-de-falha-e-risco-de-gravidez.ghtml
"Quanto mais ativo, melhor: metas acima de 150 minutos de exercício por semana podem ampliar proteção cardiovascular","Exercício físico ajuda a reduzir o risco de problemas cardiovasculares.
Freepik
A prática de exercício físico é reconhecida como uma excelente medida para reduzir o risco de doenças crônicas. Mas a recomendação de no mínimo 150 minutos de atividade por semana pode ser insuficiente para diminuir de maneira significativa a chance de desenvolver problemas cardíacos.
Resultados de uma nova pesquisa publicada na revista científica ""British Journal of Sports Medicine"" mostram que, para ampliar esse efeito, são necessários entre 560 e 610 minutos por semana de exercício de intensidade moderada a vigorosa.
➡️As diretrizes mais atualizadas da Organização Mundial da Saúde (OMS) indicam que adultos façam 300 minutos de atividade física moderada ou 150 minutos de exercício intenso por semana.
Ou seja, os pesquisadores descobriram que o ideal, quando o assunto são problemas como infartos e derrames, é quase duas vezes maior do que a meta atual colocada pela OMS.
VEJA TAMBÉM:
Fazer exercício no horário certo pode potencializar benefícios ao coração
Não que aqueles que são considerados ativos pela OMS já não tenham benefícios. Aiden Doherty, professor de Informática Biomédica na Universidade de Oxford que não teve participação no estudo, analisa que a prática por 150 minutos semanais está associada a uma redução de 8% a 9% no risco de desenvolver doenças cardiovasculares. 
Mas a pesquisa mostra que esses benefícios podem ser ainda mais ampliados se a prática é mais duradoura.
""Para alcançar uma proteção substancial, definida como uma redução de risco superior a 30%, foram necessários entre 560 e 610 minutos por semana de exercício moderado a vigoroso"", demonstram os pesquisadores no estudo.
Análise de longo prazo
O grupo analisou dados de mais de 17 mil pessoas que participavam do UK Biobank (banco de dados biomédicos de larga escala e de longo prazo no Reino Unido) entre 2013 e 2015. 
Os participantes usaram um dispositivo no pulso por sete dias consecutivos para registrar seus níveis habituais de exercício. O período de acompanhamento foi entre sete e oito anos.
Também foram incluídos outros fatores importantes na avaliação como:
Tabagismo
Consumo de álcool
Autoavaliação de saúde e dieta
Índice de massa corporal
Frequência cardíaca em repouso
Pressão arterial
LEIA TAMBÉM:
Caminhada perfeita: existe um número ideal de passos para ser ativo? Veja 5 dicas de como melhorar o exercício
Caminhar ou correr: para a mesma distância, o que consome mais energia?
Desigualdade na prática de exercício físico
Ainda que o estudo tenha mostrado que, para uma redução do risco cardiovascular significativa, seriam necessários mais de 560 minutos por semana de exercício, esse nível de atividade foi atingido por apenas 12% dos participantes.
Outro ponto destacado pelos pesquisadores foram a desigualdade entre indivíduos já ativos e entre aqueles considerados mais sedentários.
A análise mostrou que indivíduos com menor nível de condicionamento físico precisaram de aproximadamente 30 a 50 minutos adicionais por semana em comparação com aqueles com alto condicionamento para ter benefícios equivalentes.
""Por exemplo, para alcançar uma redução de 20% no risco de eventos cardiovasculares, foram necessários 370 minutos de atividade física moderada a vigorosa para aqueles com menor condicionamento, em comparação com 340 minutos para os indivíduos com os níveis mais altos de aptidão física"", afirmam os pesquisadores.
Também por esse motivo, Doherty pontua que os números precisam ser relativizados.
""Não podemos enfatizar demais o número de 560 a 610 minutos de exercício por semana. Embora seja verdade que aqueles que se envolvem em mais de 1 hora e 20 minutos de atividade física moderada a vigorosa por dia obtenham benefícios cardiovasculares, essa não é uma mensagem de saúde pública adequada"", analisa.
Ele ressalta que a população deve continuar a buscando pelo menos 150 minutos de atividade física moderada a vigorosa por semana. E, claro, quanto mais, melhor.
Limitações do estudo
Como se trata de um estudo observacional, não é possível tirar conclusões definitivas sobre causa e efeito, isto é, a pesquisa traz apenas uma associação entre os fatores.
Outra limitação destacada pelos pesquisadores é que a capacidade cardiorrespiratória dos participantes foi estimada e o tempo sedentário ou de atividades de menor intensidade não foram medidos.
“Diretrizes futuras podem precisar diferenciar entre o volume mínimo de atividade moderada a vigorosa necessário para uma margem básica de segurança e os volumes substancialmente maiores necessários para uma redução ideal do risco cardiovascular”, conclui o grupo.
Aiden Doherty relembra que as diretrizes de saúde pública estão atualmente em revisão e que o conjunto de dados pode servir de base para refletir sobre metas mais ambiciosas na práticas de exercícios físicos.",Fato,G1 Saúde / Oficial,https://g1.globo.com/saude/noticia/2026/05/20/quanto-mais-ativo-melhor-metas-acima-de-150-minutos-de-exercicio-por-semana-podem-ampliar-protecao-cardiovascular.ghtml
Ranking mostra cidades do Brasil com a melhor e a pior qualidade de vida em 2026; veja a lista,"Vista aérea de Gavião Peixoto (SP)
Divulgação/Prefeitura
Um ranking divulgado nesta quarta-feira (20) pelo instituto Imazon, em parceria com outras organizações, aponta as cidades brasileiras com a melhor e a pior qualidade de vida em 2026. 
O levantamento avalia os 5.570 municípios do país e mostra que as desigualdades regionais continuam profundas: 19 das 20 cidades mais bem colocadas ficam no Sul e Sudeste, enquanto 18 das 20 mais baixas colocações estão no Norte e no Nordeste.
Pelo terceiro ano seguido, Gavião Peixoto, no interior de São Paulo, lidera o ranking. A cidade, que tem cerca de 4,8 mil habitantes, marcou 73,10 pontos em uma escala que vai de 0 a 100. Em último lugar aparece Uiramutã, em Roraima, com 42,44 pontos.
🔎 PARA VER A LISTA COMPLETA, BAIXE O PDF COM OS DADOS DOS 5,5 MIL MUNICÍPIOS
Conheça as cidades que estão no topo e no final da lista:
Por que Gavião Peixoto é a cidade com melhor qualidade de vida do Brasil pelo terceiro ano seguido
Município mais ao Norte do Brasil tem pior qualidade de vida do país, aponta estudo
🔢 O cálculo é feito pelo Índice de Progresso Social (IPS), que mede e classifica a qualidade de vida com base em 57 indicadores sociais e ambientais. As informações vêm de fontes públicas como DataSUS, IBGE, Inep e MapBiomas.
Municípios com pontuações mais altas no IPS Brasil 2026
Pontuações dos 20 municípios brasileiros com os desempenhos mais altos no IPS Brasil 2026, com exceção do distrito de Fernando de Noronha (PE)*.
Gavião Peixoto (SP) — 73,10
Jundiaí (SP) — 71,80
Osvaldo Cruz (SP) — 71,76
Pompéia (SP) — 71,76
Curitiba (PR) — 71,29
Nova Lima (MG) — 71,22
Gabriel Monteiro (SP) — 71,16
Cornélio Procópio (PR) — 71,16
Luzerna (SC) — 71,10
Itupeva (SP) — 71,08
Rafard (SP) — 71,08
Presidente Lucena (RS) — 71,05
Adamantina (SP) — 70,97
Maringá (PR) — 70,87
Alto Alegre (RS) — 70,86
Ribeirão Preto (SP) — 70,80
Brasília (DF) — 70,73
Barra Bonita (SP) — 70,71
Araraquara (SP) — 70,70
Águas de São Pedro (SP) — 70,66
*O IPS Brasil considera Fernando de Noronha (PE) como município no ranking, por reunir os dados necessários para o cálculo do índice.
Diferentemente do PIB, que mede a riqueza gerada, o IPS quer saber se essa riqueza chega à vida das pessoas.
""O IPS é um índice que surge de um entendimento de que desenvolvimento econômico, por si só, não corresponde necessariamente a desenvolvimento social"", afirma ao g1 Melissa Wilm, coordenadora do IPS Brasil.
""A proposta é medir o que realmente importa na vida das pessoas, diferente de métricas tradicionais, que olham principalmente o quanto foi gasto em determinada área, para olhar o que de fato as pessoas se beneficiaram com o investimento que foi feito"".
Municípios com pontuações mais baixas no IPS Brasil 2026
Pontuações dos 20 municípios brasileiros com os desempenhos mais baixos no IPS Brasil 2026, com exceção do distrito de Fernando de Noronha (PE)*.
Uiramutã (RR) — 42,44
Jacareacanga (PA) — 44,32
Alto Alegre (RR) — 44,72
Portel (PA) — 45,42
Amajari (RR) — 45,58
Pacajá (PA) — 45,87
Anapu (PA) — 45,91
Japorã (MS) — 46,23
Santa Rosa do Purus (AC) — 46,70
Uruará (PA) — 46,80
Trairão (PA) — 46,82
Bannach (PA) — 47,23
São Félix do Xingu (PA) — 47,38
Recursolândia (TO) — 47,39
Cumaru do Norte (PA) — 47,43
Peritoró (MA) — 47,53
Oeiras do Pará (PA) — 47,57
Ladainha (MG) — 47,58
Anajás (PA) — 47,62
Paranã (TO) — 47,63
*O IPS Brasil considera Fernando de Noronha (PE) como município no ranking, por reunir os dados necessários para o cálculo do índice.
A nota média do Brasil ficou em 63,40 — uma melhora pequena em relação a 2025 (63,05) e 2024 (62,85). 
""O progresso foi tímido. A maioria dos municípios subiu no máximo um ou dois pontos de um ano para o outro"", diz Melissa.
Vídeos em alta no g1
Curitiba lidera entre as capitais
Curitiba (PR) é a capital com melhor qualidade de vida, com 71,29 pontos. Em seguida vêm Brasília (70,73), São Paulo (70,64), Campo Grande (69,77) e Belo Horizonte (69,66).
Na outra ponta aparecem Macapá (59,65) e Porto Velho (58,59) — as duas únicas capitais que ficaram fora do grupo dos melhores desempenhos do país.
Curitiba lidera o ranking das capitais pelo segundo ano seguido. Segundo Wilm, para alcançar uma pontuação alta no IPS, um município precisa apresentar bom desempenho de forma sistemática, consistente e equilibrada entre todas as áreas avaliadas pelo índice. 
""Curitiba é uma das capitais que tem um desempenho elevado em praticamente todas essas áreas, em especial no componente de qualidade do meio ambiente, com indicadores que olham para áreas verdes urbanas, emissões de CO2 e desmatamento"", diz a coordenadora.
Vista de drone da região central de Curitiba, capital do Paraná
Roberto Dziura Jr/AEN
Mesmo as capitais com melhor desempenho no índice ainda enfrentam desafios importantes. Segundo Melissa, nenhum município brasileiro está livre de fragilidades ou áreas que exigem atenção. 
Em Curitiba, por exemplo, um dos pontos de alerta está na inclusão social, especialmente em indicadores ligados à população em situação de rua.
""Curitiba é um município que tem uma fragilidade dentro do tema de inclusão social, em indicadores como famílias em situação de rua, que precisam de atenção dentro dessa capital"", afirma.
Pontuações das capitais no IPS Brasil 2026
Curitiba (PR) — 71,29
Brasília (DF) — 70,73
São Paulo (SP) — 70,64
Campo Grande (MS) — 69,77
Belo Horizonte (MG) — 69,66
Goiânia (GO) — 69,47
Palmas (TO) — 68,91
Florianópolis (SC) — 68,73
João Pessoa (PB) — 67,73
Cuiabá (MT) — 67,22
Rio de Janeiro (RJ) — 67,00
Porto Alegre (RS) — 66,94
Natal (RN) — 66,82
Aracaju (SE) — 66,35
Vitória (ES) — 66,02
Teresina (PI) — 66,02
São Luís (MA) — 65,64
Fortaleza (CE) — 65,15
Boa Vista (RR) — 64,49
Manaus (AM) — 63,91
Belém (PA) — 63,90
Rio Branco (AC) — 63,44
Recife (PE) — 63,22
Salvador (BA) — 62,18
Maceió (AL) — 61,96
Macapá (AP) — 59,65
Porto Velho (RO) — 58,59
Mapa dos resultados do IPS Brasil 2026
Arte/g1
Norte tem os piores indicadores ambientais
A região Norte, que reúne os municípios da Amazônia Legal, concentra os piores desempenhos do IPS Brasil. 
O dado chama atenção porque aparece até mesmo no componente de Qualidade do Meio Ambiente, contrariando a percepção de que a região estaria automaticamente associada à conservação ambiental. 
Segundo Wilm, esse padrão vem se repetindo de forma consistente nas três edições já divulgadas.
Os indicadores ambientais considerados pelo IPS incluem desmatamento acumulado, emissões de gases de efeito estufa, focos de calor e supressão de vegetação.
No ranking estadual, o Distrito Federal lidera, com 70,73 pontos, seguido por São Paulo (67,96), Santa Catarina (65,58), Paraná (65,21) e Minas Gerais (64,66). Na outra ponta aparecem Pará (55,80), Maranhão (57,59) e Acre (58,03). 
A diferença de quase 15 pontos entre o primeiro e o último colocado, segundo Wilm, evidencia a desigualdade entre os estados brasileiros. 
Assim, se o Brasil fosse comparado às próprias unidades da federação, ocuparia apenas a décima posição.
Pontuações das Unidades da Federação no IPS Brasil 2026
Distrito Federal — 70,73
São Paulo — 67,96
Santa Catarina — 65,58
Paraná — 65,21
Minas Gerais — 64,66
Goiás — 64,52
Mato Grosso do Sul — 64,14
Espírito Santo — 63,61
Rio de Janeiro — 63,47
Rio Grande do Sul — 63,39
Paraíba — 62,39
Sergipe — 62,10
Rio Grande do Norte — 61,83
Mato Grosso — 61,38
Ceará — 61,22
Pernambuco — 60,58
Tocantins — 60,50
Piauí — 60,48
Roraima — 59,65
Amazonas — 59,34
Alagoas — 58,97
Bahia — 58,72
Rondônia — 58,60
Amapá — 58,10
Acre — 58,03
Maranhão — 57,59
Pará — 55,80
Entre os 12 componentes avaliados pelo índice, o que mais avançou de 2025 para 2026 foi o de Acesso à Informação e Comunicação, impulsionado pelo aumento do acesso da população a tecnologias e meios de comunicação. 
Já Inclusão Social apresentou queda na série histórica. O componente mede indicadores ligados, por exemplo, à representação de mulheres e pessoas negras nas câmaras municipais, violência contra minorias e famílias em situação de rua.
Moradia segue como a área de melhor desempenho do país, com nota média de 87,95. Já Direitos Individuais aparece como o componente mais crítico, com média de 39,14.
Entenda o que é o IPS Brasil
O Índice de Progresso Social (IPS) Brasil avalia a qualidade de vida nos 5.570 municípios brasileiros a partir de 57 indicadores sociais e ambientais. O índice não mede apenas riqueza ou PIB, mas busca mostrar se a população consegue acessar direitos, serviços e condições básicas de vida.
O IPS Brasil é desenvolvido em parceria entre o Imazon, a Fundação Avina, a Amazônia 2030, o Centro de Empreendedorismo da Amazônia e a Social Progress Imperative.
📊 Os indicadores são divididos em três grandes dimensões:
Necessidades Humanas Básicas
Teve a melhor média nacional, com 74,58 pontos. Avalia temas ligados a alimentação, saúde, moradia, saneamento e segurança. O componente Moradia registrou a maior nota do país: 87,95 pontos.
Fundamentos do Bem-Estar
Obteve média de 68,81 pontos e reúne indicadores relacionados a educação, acesso à internet, saúde e qualidade ambiental. O componente Acesso à Informação e Comunicação foi o que mais cresceu entre 2025 e 2026, impulsionado pela ampliação do acesso a tecnologias e meios de comunicação.
Ao mesmo tempo, o índice aponta que estados da Amazônia Legal concentram os piores resultados em Qualidade do Meio Ambiente, influenciados por desmatamento acumulado, focos de calor e emissões de gases de efeito estufa.
Sede da cidade de Uiramutã, cidade proporcionalmente mais indígena do Brasil, onde nenhuma rua é asfaltada
Josivan Antelo/Rede Amazônica
Oportunidades
Foi a dimensão com pior desempenho no país, com média de 46,82 pontos, repetindo o padrão das edições anteriores. Reúne indicadores ligados a direitos individuais, inclusão social, liberdades pessoais e acesso ao ensino superior.
Os piores resultados apareceram justamente nos componentes de Direitos Individuais (39,14), Acesso à Educação Superior (45,97) e Inclusão Social (47,22). Segundo o relatório, a área de Inclusão Social vem registrando queda desde 2024, refletindo problemas como violência contra minorias, baixa representatividade política e aumento de famílias em situação de rua.
O estudo também divide os municípios brasileiros em nove grupos, dos melhores aos piores desempenhos. Em 2026, 706 cidades ficaram no grupo mais bem avaliado, enquanto apenas 23 municípios apareceram na faixa mais crítica.
LEIA TAMBÉM:
O risco de um super El Niño aumentou?
EUA mudam regras para químicos perigosos na água e afrouxam normas ambientais
América Latina e Caribe nunca esquentaram tão rápido quanto agora, diz relatório da OMM
Parques urbanos podem melhorar a qualidade de vida e ajudar a enfrentar as mudanças climáticas",Fato,G1 Saúde / Oficial,https://g1.globo.com/saude/noticia/2026/05/19/ranking-ips-2026.ghtml
Como é elaborado o indicador que capta o contraste da qualidade de vida nas cidades brasileiras,"Vista aérea de Gavião Peixoto (SP)
Divulgação/Prefeitura
O ranking divulgado nesta quarta-feira (20) pelo instituto Imazon, em parceria com outras organizações, mostra que um município paulista com cerca de 5 mil habitantes tem mais qualidade de vida do que qualquer capital brasileira, e que a diferença entre a melhor e a pior cidade do país passa de 30 pontos. 
Por trás desses números está o Índice de Progresso Social (IPS), uma metodologia que se propõe a medir a qualidade de vida de uma forma diferente do PIB e do IDH.
📱Baixe o app do g1 para ver notícias em tempo real e de graça
A ideia central do índice é simples: desenvolvimento econômico, sozinho, não significa desenvolvimento social. 
Um município pode ter um PIB alto e, ainda assim, oferecer pouca qualidade de vida aos seus moradores — e o contrário também acontece. 
A proposta do IPS, segundo a coordenadora Melissa Wilm, é medir o que de fato importa na vida das pessoas, em vez de olhar para o quanto foi gasto em cada área.
Vídeos em alta no g1
🔍 O que o índice mede (e o que ele não mede)
O IPS não conta a quantidade de escolas, hospitais ou postos de saúde de um município. Ele olha para o resultado: se quem entrou na escola saiu com uma boa formação, se quem precisou de atendimento médico foi bem atendido, se as casas têm saneamento, se as ruas são seguras, se há oportunidades de trabalho e estudo.
Para isso, o índice cruza 57 indicadores sociais e ambientais, todos retirados de bases públicas como DataSUS, IBGE, Inep, MapBiomas, Anatel, Cadastro Único e Conselho Nacional de Justiça. 
Os dados precisam ser recentes (no máximo cinco anos) e estar disponíveis para todos — ou quase todos — os 5.570 municípios brasileiros.
Os indicadores são agrupados em três grandes dimensões, que respondem a três perguntas diferentes sobre a vida em cada cidade:
🏥 Necessidades Humanas Básicas: pergunta se as pessoas têm o mínimo para sobreviver. Reúne indicadores de nutrição e cuidados médicos básicos, água e saneamento, moradia e segurança pessoal — como cobertura vacinal, mortalidade infantil, esgotamento sanitário, qualidade dos domicílios e taxas de homicídio.
📚 Fundamentos do Bem-Estar: mede se existem condições para as pessoas viverem mais e melhor. Entram aí o acesso ao conhecimento básico (Ideb, abandono e evasão escolar), à informação e comunicação (cobertura de internet e telefonia), à saúde e bem-estar (expectativa de vida, obesidade, suicídios, doenças crônicas) e à qualidade do meio ambiente (áreas verdes, emissões de CO2, desmatamento, focos de calor).
🎓 Oportunidades: avalia se as pessoas conseguem prosperar e exercer seus direitos. É a dimensão que mais sofre no Brasil. Reúne indicadores de direitos individuais (acesso à Justiça e a programas de direitos humanos), liberdades individuais e de escolha (acesso à cultura e ao esporte, gravidez na adolescência), inclusão social (paridade de gênero e raça nas câmaras, violência contra mulheres, indígenas e negros) e acesso à educação superior.
Vista de drone da região central de Curitiba, capital do Paraná
Roberto Dziura Jr/AEN
📊 Como a nota é calculada
Cada indicador passa por um processo estatístico que padroniza os dados — afinal, é preciso comparar taxas, percentuais, índices e valores absolutos vindos de fontes muito diferentes. 
Depois, os indicadores são combinados dentro de cada um dos 12 componentes, que por sua vez formam a média de cada uma das três dimensões. A nota final do município é a média das três dimensões.
A pontuação varia de 0 a 100. Em 2026, a média do Brasil ficou em 63,40. Gavião Peixoto (SP), líder do ranking, marcou 73,10, enquanto Uiramutã (RR), última colocada, ficou com 42,44.
Para deixar a comparação mais justa, o índice ainda agrupa os municípios em conjuntos de 50 cidades com PIB per capita parecido, espalhadas por todo o país. Isso permite avaliar se um município está indo bem, mal ou na média em relação a outros com o mesmo nível de riqueza. 
É essa comparação que mostra, por exemplo, que Duque de Caxias (RJ) e São Bernardo do Campo (SP) têm PIB per capita semelhante, mas notas de qualidade de vida muito diferentes — 57,87 contra 69,92.
🧭 Por que o índice é refeito todo ano
O IPS Brasil é publicado anualmente desde 2024 e usa a mesma metodologia internacional aplicada pela organização Social Progress Imperative, que calcula o índice para 170 países desde 2014. 
Iniciativas parecidas existem em escala subnacional na União Europeia, no México, na Índia, nos Estados Unidos e no Reino Unido.
A versão brasileira é coordenada pelo Imazon e tem como parceiras a Fundação Avina, a iniciativa Amazônia 2030, o Centro de Empreendedorismo da Amazônia e a Social Progress Imperative. 
Os dados de todos os municípios estão disponíveis no site ipsbrasil.org.br, onde é possível comparar cidades, ver o desempenho em cada um dos 12 componentes e analisar a evolução ao longo dos anos.
Mais do que um retrato do país, o índice é apresentado pelos seus coordenadores como uma ferramenta de gestão — uma espécie de bússola para orientar políticas públicas, investimentos sociais e ações da sociedade civil para as áreas que mais precisam de atenção em cada município.
LEIA TAMBÉM:
O risco de um super El Niño aumentou?
EUA mudam regras para químicos perigosos na água e afrouxam normas ambientais
América Latina e Caribe nunca esquentaram tão rápido quanto agora, diz relatório da OMM
Parques urbanos podem melhorar a qualidade de vida e ajudar a enfrentar as mudanças climáticas",Fato,G1 Saúde / Oficial,https://g1.globo.com/saude/noticia/2026/05/19/como-e-elaborado-ranking-ips-2026.ghtml
"Escassez de testes atrasa combate ao Ebola no Congo, diz autoridade da OMS","Cartaz com os números de contato de emergência para o Ebola está afixado em uma tenda na passagem de fronteira de Busunga, entre Uganda e a República Democrática do Congo, em Bundibugyo, em 18 de maio de 2026
BADRU KATUMBA / AFP
A falta de testes específicos para detectar a variante Bundibugyo do Ebola está atrasando a resposta ao surto que avança no leste da República Democrática do Congo, afirmou nesta terça-feira (19) a representante da Organização Mundial da Saúde (OMS) no país, Anne Ancia.
Segundo a OMS, já foram registrados mais de 500 casos suspeitos e ao menos 130 mortes suspeitas ligadas ao surto, que também se espalhou para Uganda, onde dois casos confirmados foram identificados.
De acordo com Ancia, a região afetada consegue realizar apenas seis testes por hora para identificar a cepa Bundibugyo — uma variante rara do Ebola para a qual não existem vacinas ou tratamentos aprovados.
O problema, segundo ela, ajudou a atrasar a identificação da epidemia.
OMS muito preocupada com escala e velocidade do surto de Ebola
“Levou semanas para detectar o surto porque os testes usados na região eram voltados à cepa Zaire, que é mais comum”, disse.
A representante da OMS afirmou ainda que existe “grande incerteza” sobre o tamanho real da epidemia e que a capacidade de vigilância epidemiológica e investigação é limitada.
“A capacidade de vigilância e investigação é muito limitada nessa região de forma geral”, afirmou.
OMS envia toneladas de suprimentos
Segundo a organização, 12 toneladas de materiais médicos já foram enviadas ao Congo e outras seis toneladas devem chegar ao país nesta terça-feira.
Os carregamentos incluem:
equipamentos de proteção individual para profissionais de saúde;
materiais para coleta de amostras;
insumos laboratoriais;
itens usados no rastreamento de contatos.
As autoridades sanitárias tentam ampliar a vigilância epidemiológica, os testes e o monitoramento de pessoas que tiveram contato com pacientes infectados.
Especialistas discutem vacinas e tratamentos
Em meio à escalada dos casos, especialistas participam nesta semana de uma série de encontros técnicos liderados pela Organização Mundial da Saúde durante a 79ª Assembleia Mundial da Saúde, realizada entre os dias 18 e 23 de maio em Genebra, na Suíça.
As discussões ocorrem enquanto autoridades sanitárias tentam definir se vacinas desenvolvidas para outras variantes do Ebola podem ser usadas de forma emergencial contra a cepa Bundibugyo.
Entre os temas debatidos estão:
o uso emergencial de vacinas já existentes;
possíveis estudos clínicos para novos imunizantes;
tratamentos experimentais;
ampliação da capacidade de diagnóstico;
estratégias de vigilância e rastreamento de contatos.
Hoje, não existe vacina aprovada especificamente para a variante Bundibugyo. Especialistas avaliam, porém, a possibilidade de usar a vacina Ervebo, da farmacêutica Merck, aprovada contra a cepa Zaire do Ebola e que apresentou sinais de proteção cruzada em estudos com animais.
A decisão final sobre eventual uso emergencial de vacinas caberá aos governos do Congo e de Uganda.
A aliança internacional Gavi informou que já mantém 2 mil doses de vacinas contra Ebola no Congo caso os especialistas recomendem iniciar testes ou campanhas emergenciais.
Empresa amplia produção de testes
A BioFire Defense, ligada à empresa francesa bioMérieux, afirmou que está ampliando a produção de um teste aprovado pela agência reguladora dos Estados Unidos (FDA) capaz de detectar diferentes variantes do Ebola, incluindo a Bundibugyo.
Segundo a companhia, o teste — chamado BioFire Global Fever Special Pathogens Panel — consegue identificar múltiplas espécies do vírus.
“A BioFire Defense está em contato ativo com autoridades de saúde pública e parceiros internacionais para monitorar a evolução do surto e avaliar possíveis necessidades de apoio”, afirmou um porta-voz da empresa.
Falta de dinheiro preocupa OMS
A OMS também alertou para dificuldades financeiras na resposta ao surto.
Segundo Anne Ancia, a redução global de recursos para saúde teve impacto direto nas operações da organização no Congo.
Ela citou a saída oficial dos Estados Unidos da OMS em janeiro e os cortes em financiamento internacional promovidos pelo governo do presidente Donald Trump.
Apesar disso, a representante afirmou que a cooperação técnica entre os EUA e a OMS continua funcionando.
“Entendemos que não receberemos o financiamento, tudo bem, mas queremos continuar trocando informações e colaborando”, disse.
O Escritório das Nações Unidas para Coordenação de Assuntos Humanitários (OCHA) informou ter recebido apenas 34% dos R$ 7,9 bilhões (US$ 1,4 bilhão) solicitados para ações humanitárias no Congo neste ano. Segundo o órgão, mais da metade dos recursos recebidos veio de Washington.
Variante rara dificulta resposta rápida
Especialistas afirmam que surtos causados pela variante Bundibugyo são incomuns e imprevisíveis, o que dificulta o desenvolvimento de vacinas específicas e protocolos rápidos de resposta.
Além disso, pesquisadores alertam que a situação de segurança no leste do Congo — marcada por conflitos armados e dificuldades logísticas — pode dificultar tanto a contenção da doença quanto a realização de estudos clínicos.",Fato,G1 Saúde / Oficial,https://g1.globo.com/saude/noticia/2026/05/19/oms-reune-especialistas-para-discutir-vacinas-contra-ebola-apos-avanco-de-surto-no-congo.ghtml
"Secretário de Trump, Marco Rubio diz que OMS demorou para identificar surto de Ebola","Secretário de Estado dos EUA, Marco Rubio, em banquete de Estado para Trump e Xi Jinping em Pequim, na China, em 14 de maio de 2026.
REUTERS/Evan Vucci
O secretário de Estado dos Estados Unidos, Marco Rubio, afirmou nesta terça-feira (19) que a Organização Mundial da Saúde (OMS), órgão da ONU do qual o presidente Donald Trump retirou os EUA, demorou para identificar o surto mortal de ebola.
Questionado por jornalistas sobre como os Estados Unidos responderão ao avanço da doença, Rubio disse que a liderança da resposta ficará “obviamente” com o CDC, o Centro de Controle e Prevenção de Doenças dos EUA, e com a OMS.
“A Organização Mundial da Saúde demorou um pouco para identificar isso, infelizmente”, afirmou.
O que se sabe sobre o surto de ebola, declarado emergência de saúde pública internacional
Entenda a epidemia de Ebola
A OMS afirmou que avalia o uso de vacinas candidatas e tratamentos já disponíveis para conter a epidemia de ebola na República Democrática do Congo (RDC). A doença, causada pela cepa Bundibugyo, ausente há 14 anos, já está associada a 131 mortes.
O vírus avança pelo leste do país, com novos focos e a infecção de um médico norte‑americano, enquanto autoridades reforçam medidas de prevenção e governos estrangeiros ampliam controles sanitários. A doença se espalha sobretudo na província de Ituri, no nordeste da RDC, na fronteira com Uganda.
A representante da OMS no país afirmou que um grupo consultivo técnico se reuniria ainda hoje para formular novas recomendações sobre o uso de imunizantes e terapias experimentais.
LEIA TAMBÉM: 
Cepa rara, vacina, médico infectado e reunião de emergência da OMS: tudo sobre o surto de ebola
Surto de Ebola já deixou ao menos 100 mortos na República Democrática do Congo; CDC confirma caso em profissional dos EUA",Fato,G1 Saúde / Oficial,https://g1.globo.com/saude/noticia/2026/05/19/marco-rubio-diz-que-oms-demorou-para-identificar-surto-de-ebola.ghtml
Sobrevivente do Ebola descreve a doença como ‘dolorosa e mortal’ e lembra como perdeu a consciência,"Nalubowa Sumayah, sobrevivente do Ebola e mãe de quatro filhos, relembra à agência Reuters o trauma de sua doença durante um surto em 2022
Jefferson Kahinju/REUTERS
Nalubowa Sumayah, sobrevivente do Ebola e mãe de quatro filhos, relembra à agência Reuters o trauma de sua doença durante um surto em 2022. Hoje, aos 34 anos, ela descreve a doença como ""dolorosa e mortal"" e lembra como perdeu a consciência por dias enquanto recebia tratamento.
""Percebi que estava no hospital depois de duas semanas. Notei que estava de fralda, enrolada em um saco plástico, nua. Percebi que não tinha roupas, mas o governo havia coberto nos com lençóis e roupas"", lembra. 
Do distrito de Mubende, no centro de Uganda, Sumayah conta que a notícia de um novo surto reacende memórias dolorosas. Ela diz que não está feliz com as notícias pela gravidade da doença e, por isso, pede ao povo de Kyenjojo que obedeça e se proteja se o governo disser para todos ficarem em quarentena. 
Sumayah acrescenta que a vida após sobreviver ao Ebola trouxe desafios, incluindo estigma e dificuldades financeiras, mas o apoio de pessoas bem-intencionadas a ajudou a se reerguer. 
Vídeos em alta no g1
""Essa vida trouxe seus desafios para mim, além do governo nos vigiar. Havia pessoas bem-intencionadas que vieram em nosso auxílio, e algumas delas nos deram doações, e eu usei essas doações para começar um negócio"", conta. 
Uganda registrou casos confirmados, incluindo uma morte, e as autoridades estão em alerta máximo. Os oficiais estão pedindo aos cidadãos que tomem precauções, relatem os sintomas precocemente e evitem contato próximo com casos suspeitos.
As autoridades enfatizaram que a quarentena e o isolamento continuam sendo cruciais para conter os surtos de Ebola, que se espalham por contato direto com os fluidos corporais de pacientes infectados.
EUA alertam americanos a evitar Congo, Uganda e Sudão do Sul por surto
O Departamento de Estado dos EUA recomenda veementemente que os americanos não viajem para a República Democrática do Congo, Sudão do Sul ou Uganda por qualquer motivo e que reconsiderem viagens para Ruanda devido ao surto de ebola.
Nesta terça-feira (19), o diretor-geral da Organização Mundial da Saúde (OMS), Tedros Adhanom Ghebreyesus, afirmou estar “profundamente preocupado com a escala e a velocidade da epidemia” da doença no Congo, diante do avanço acelerado do surto no leste do país.
Ao todo, já foram registrados 513 casos suspeitos e 131 mortes relacionadas à doença, segundo o Ministério da Saúde congolês.
As autoridades ressaltam que parte das mortes ainda está sob investigação para confirmar se houve relação direta com o vírus, mas os números já representam um salto expressivo em relação ao balanço divulgado um dia antes, quando havia cerca de 300 casos suspeitos, destaca a agência Associated Press.
No domingo (17), a OMS declarou emergência de saúde pública de interesse internacional.
Entre os fatores que mais preocupam as autoridades estão:
o aparecimento de casos em áreas urbanas
a morte de profissionais de saúde
a intensa circulação de pessoas na região
a ausência de vacinas e tratamentos aprovados para a variante identificada no atual surto.
O surto é causado pelo vírus Bundibugyo, uma variante rara do ebola.
Falta de testes atrasa combate ao Ebola no Congo, diz funcionário da OMS
Seis toneladas de suprimentos médicos para combater o Ebola devem chegar à República Democrática do Congo nesta terça (19), mas a capacidade limitada de testagem está atrasando a resposta ao surto, disse uma autoridade da OMS, segundo a agência Reuters.
A OMS afirma que houve pelo menos 500 casos suspeitos e 130 mortes suspeitas por Ebola, que também se espalhou para a vizinha Uganda.
""Enviamos 12 toneladas de suprimentos. Outras seis toneladas chegarão hoje. Isso inclui equipamentos de proteção individual para profissionais de saúde da linha de frente e amostras"", disse Anne Ancia, representante da OMS na província de Ituri, na RDC.
Ancia disse que havia ""grande incerteza"" sobre a extensão e a escala do surto da cepa Bundibugyo do Ebola e que esforços estavam sendo feitos para aumentar a vigilância, a testagem e o rastreamento de contatos.
Ela disse que a testagem para a cepa Bundibugyo era limitada, com apenas seis testes possíveis por hora, e destacou que a escassez de financiamento está tendo um impacto enorme na capacidade da OMS de combater o Ebola.
Demora na detecção do vírus dificultou os esforços de contenção
Especialistas e trabalhadores humanitários afirmam que o vírus circulou sem ser identificado por semanas, o que dificultou os esforços de contenção.
A primeira morte ligada ao surto ocorreu em 24 de abril, em Bunia. O corpo da vítima foi levado para Mongbwalu, uma região de mineração com grande circulação de pessoas, o que pode ter contribuído para a disseminação da doença.
Após testes iniciais apresentarem resultado falso negativo para o tipo mais comum de ebola, o Zaire, a resposta sanitária também foi atrasada. Com isso, autoridades locais inicialmente descartaram a possibilidade de um novo surto da doença.
A confirmação oficial do ebola ocorreu apenas em 14 de maio, após a OMS ser alertada sobre dezenas de mortes em Mongbwalu, incluindo quatro profissionais de saúde.
Doença viral rara, grave e frequentemente fatal
O ebola é uma doença viral rara, grave e frequentemente fatal. O vírus é transmitido pelo contato com fluidos corporais, como sangue, vômito e sêmen.
Os sintomas incluem febre, dor de cabeça, dores musculares, fraqueza, diarreia, vômitos, dor abdominal e sangramentos inexplicáveis.
Durante grandes surtos anteriores, milhares de pessoas foram infectadas ao cuidar de parentes doentes ou durante rituais funerários com contato direto com os corpos das vítimas.",Fato,G1 Saúde / Oficial,https://g1.globo.com/saude/noticia/2026/05/19/sobrevivente-do-ebola-relembra-agonia-descrevendo-a-doenca-como-dolorosa-e-mortal.ghtml
Recolhimento de medicamentos para colesterol e corticoide: veja o que pacientes e hospitais devem fazer,"Atorvastatina cálcica e rosuvastatina cálcica da Cimed
Silvana Reis/g1
Pacientes que tenham em casa unidades de medicamentos para colesterol recolhidos pela farmacêutica Cimed devem interromper o uso e procurar os canais de atendimento da empresa para receber orientações sobre devolução e substituição dos produtos. 
Já no caso do corticoide recolhido pela Hypofarma, a orientação é voltada diretamente a hospitais e serviços de saúde, já que o medicamento é de uso exclusivamente hospitalar.
Os recolhimentos voluntários foram publicados no Diário Oficial da União nesta segunda-feira (18) e envolvem três medicamentos distribuídos no país.
No caso da Cimed, a medida atinge os medicamentos atorvastatina cálcica 40 mg e rosuvastatina cálcica 20 mg, ambos do lote 2424299. Segundo a empresa, houve suspeita de mistura de embalagens entre os produtos.
Já a Hypofarma recolhe o lote 25091566 do Fosfato Dissódico de Dexametasona 4 mg/ml solução injetável, após identificação de turvação da solução quando o medicamento era diluído junto a determinados fármacos.
Anvisa alerta para recolhimento de medicamentos vendidos no Brasil
Cimed fala que recall foi em 2025
Apesar da publicação recente no Diário Oficial, a Cimed informou ao g1 que o recolhimento relacionado aos medicamentos para colesterol ocorreu ainda em 2025, logo após a identificação do problema.
“A ocorrência em questão transcorreu em 2025 e, como medida preventiva e voluntária, tempestivamente comunicada à Anvisa, a companhia efetuou o recolhimento de unidades do lote de Rosuvastatina e do lote de Atorvastatina no ano passado”, afirmou a empresa.
A farmacêutica disse que a ação integrou seus protocolos internos de segurança e qualidade. Segundo a companhia, consumidores que eventualmente ainda tenham unidades do lote devem entrar em contato com o Serviço de Atendimento ao Consumidor (SAC).
O que o paciente deve fazer se tiver os medicamentos
A orientação da Cimed é que pacientes verifiquem o número do lote na embalagem do medicamento. Caso o produto pertença ao lote 2424299, o consumidor deve procurar o SAC da farmacêutica para receber instruções sobre devolução.
O contato pode ser feito pelo e-mail sac@grupocimed.com.br ou pelo telefone 0800-7044647.
Os medicamentos envolvidos pertencem à classe das estatinas, usadas para reduzir os níveis de colesterol ruim (LDL) e triglicerídeos no sangue. Eles também ajudam a prevenir doenças cardiovasculares, como infarto e acidente vascular cerebral (AVC).
O problema identificado foi uma possível mistura de embalagens entre comprimidos de atorvastatina e rosuvastatina — dois medicamentos diferentes, embora usados para objetivos semelhantes.
Isso significa que um paciente poderia receber um medicamento diferente daquele descrito na embalagem, o que pode alterar dose, resposta ao tratamento e acompanhamento médico.
Medicamento da Hypofarma é hospitalar
No caso da dexametasona da Hypofarma, a devolução será feita diretamente pelos hospitais que receberam o lote afetado.
Ao g1, a empresa afirmou que trabalha exclusivamente com medicamentos hospitalares e que já iniciou contato com os clientes que adquiriram as unidades. 
“Os hospitais que adquiriram o medicamento já estão sendo contatados para realizar a devolução conforme as orientações da central de atendimento”, informou, em nota.
A Hypofarma orienta que unidades de saúde que ainda tenham produtos do lote afetado entrem em contato pelos canais sac@hypofarma.com.br ou 0800 704 5144 para receber instruções sobre o recolhimento.
O Fosfato Dissódico de Dexametasona é um corticoide injetável utilizado em situações clínicas graves, como inflamações severas, reações alérgicas importantes, doenças autoimunes e alguns quadros neurológicos.
O recolhimento ocorreu após identificação de turvação da solução quando o medicamento era diluído em associação com determinados fármacos.
Em medicamentos injetáveis, alterações de aspecto podem indicar instabilidade da fórmula ou incompatibilidade química, o que compromete a segurança do uso.
Veja os lotes envolvidos no recolhimento
Atorvastatina cálcica 40 mg — lote 2424299
Rosuvastatina cálcica 20 mg — lote 2424299
Fosfato Dissódico de Dexametasona 4 mg/ml solução injetável — lote 25091566
Recolhimentos voluntários de medicamentos acontecem quando empresas identificam possíveis desvios de qualidade, embalagem ou estabilidade capazes de comprometer a segurança ou a eficácia dos produtos. 
Nesses casos, as farmacêuticas comunicam a Agência Nacional de Vigilância Sanitária (Anvisa) e iniciam procedimentos para retirada das unidades do mercado.",Fato,G1 Saúde / Oficial,https://g1.globo.com/saude/noticia/2026/05/19/recolhimento-de-medicamentos-para-colesterol-e-corticoide-veja-o-que-pacientes-e-hospitais-devem-fazer.ghtml
Mergulhador morre de doença da descompressão nas Maldivas; entenda o que acontece no corpo,"Mohamed Mahudhee morreu durante operação de resgate de mergulhadores italianos nas Maldivas.
Reprodução/@MMuizzu via X
O sargento-mor Mohamed Mahudhee mergulhava a dezenas de metros de profundidade nas Maldivas quando o corpo começou a trair. Ele participava das buscas por quatro italianos desaparecidos em cavernas submarinas no Atol de Vaavu quando desenvolveu a doença da descompressão e não resistiu.
A condição é um dos riscos mais conhecidos do mergulho profundo. Ela acontece quando o mergulhador sobe à superfície rápido demais e o organismo não consegue eliminar os gases acumulados durante o tempo submerso. O resultado pode ser uma embolia gasosa fatal.
O que muda no corpo quando você está embaixo d'água
Ao nível do mar, o corpo humano vive sob uma pressão equivalente a uma atmosfera. A cada dez metros de profundidade, essa pressão aumenta uma atmosfera a mais —o que altera completamente o comportamento dos gases dentro do organismo.
O ar respirado pelo mergulhador é composto, em sua maior parte, por nitrogênio. Em condições normais, esse gás quase não participa da circulação sanguínea. Mas sob pressão elevada, ele começa a ser absorvido em quantidades muito maiores pelo sangue e pelos tecidos.
Morte nas Maldivas: operação de alto risco tenta resgatar corpos de mergulhadores
""No dia a dia, quase não absorvemos nitrogênio pela corrente sanguínea. Mas, no mergulho profundo, o corpo fica submetido a uma pressão muito maior do que a pressão atmosférica normal. Isso faz com que esse nitrogênio passe a entrar no organismo em quantidades muito mais expressivas"", explica Ricardo Katayose, cirurgião cardiovascular da BP - A Beneficência Portuguesa de São Paulo.
Para o neurocirurgião Helder Picarelli, do Instituto do Câncer do Estado de São Paulo, o risco começa antes mesmo da subida. ""Quanto maior a profundidade, mais os gases se difundem e se dissolvem no sangue, nos músculos, na gordura e no cérebro"", explica. 
""Enquanto o mergulhador permanece no fundo, esse nitrogênio fica dissolvido sem causar dano. O problema é a volta.""
Por que a subida precisa ser lenta
Quando o mergulhador começa a subir, a pressão externa cai. Para eliminar o nitrogênio acumulado, o organismo depende dos pulmões: o sangue passa pelos alvéolos pulmonares e o gás vai sendo liberado aos poucos pela respiração.
Se a subida for rápida demais, esse processo não acontece a tempo.
Para entender por quê, vale pensar em como o sangue funciona. Ele circula pelo corpo inteiro e, a cada volta, passa pelos pulmões —onde troca gás carbônico por oxigênio. É nesse mesmo trajeto que o nitrogênio acumulado durante o mergulho pode ser eliminado: o gás sai do sangue, passa para os alvéolos pulmonares e é expelido pela respiração.
Mas isso leva tempo. Quando o mergulhador sobe rápido demais, o sangue não completa voltas suficientes pelos pulmões antes de a pressão cair. E é aí que o problema começa: com nitrogênio ainda dissolvido em excesso e a pressão externa diminuindo rápido, o gás não consegue mais permanecer no estado líquido —e começa a formar bolhas dentro dos próprios vasos sanguíneos.
Como aparecem as bolhas no sangue
O mecanismo lembra o de uma garrafa de refrigerante. Enquanto fechada, o gás permanece dissolvido no líquido por causa da pressão interna. Quando a tampa é aberta, a pressão cai abruptamente —e surgem as bolhas.
Dentro do organismo, algo semelhante ocorre quando o nitrogênio não é eliminado a tempo. Com a queda brusca de pressão, o gás passa do estado dissolvido para o gasoso e começa a formar microbolhas na corrente sanguínea.
Essas bolhas circulam pelo corpo e funcionam como pequenos coágulos de ar. Ao bloquear artérias e vasos menores, impedem que o oxigênio chegue aos tecidos e órgãos.
""Essas bolhas acabam funcionando como trombos dentro da circulação"", resume o médico.
É por isso que mergulhos técnicos seguem protocolos rígidos de retorno, com as chamadas paradas de descompressão —pausas obrigatórias em determinadas profundidades antes de continuar subindo. Elas existem justamente para dar tempo ao corpo de eliminar o excesso de gás.
Quais sintomas a doença provoca
A doença da descompressão tem gravidade variável. Nos casos mais leves, o mergulhador sente dores nas articulações, tem manchas avermelhadas na pele, fadiga, tontura e dormência —sintomas que podem surgir minutos ou horas após a saída da água.
Nos casos mais graves, as bolhas atingem órgãos vitais. Quando chegam aos pulmões, causam falta de ar severa. No cérebro, provocam alterações neurológicas e perda de consciência. No coração, podem desencadear uma parada cardiorrespiratória.
Segundo Picarelli, as consequências podem incluir AVC, infarto e parada cardíaca. As bolhas também são capazes de destruir os alvéolos pulmonares e lesar a medula espinhal —o que explica casos de mergulhadores que ficaram paraplégicos. 
O tratamento é feito em câmaras hiperbáricas: o paciente volta a ser submetido a pressões elevadas, de forma controlada, para que as bolhas diminuam e o nitrogênio seja eliminado aos poucos.
O mergulho nas Maldivas
A operação em que Mahudhee morreu era considerada de alto risco pelas autoridades locais. Os italianos desaparecidos teriam mergulhado em uma região próxima dos 50 metros de profundidade —acima do limite recomendado para mergulho recreativo, que fica em torno de 40 metros.
O sargento era descrito como experiente e já havia realizado descidas de até 70 metros. Mas profundidade, tempo submerso, esforço físico e velocidade de subida são fatores que se somam —e podem elevar o risco da doença descompressiva mesmo em profissionais treinados.",Fato,G1 Saúde / Oficial,https://g1.globo.com/saude/noticia/2026/05/19/mergulhador-morre-de-doenca-da-descompressao-nas-maldivas-entenda-o-que-acontece-no-corpo.ghtml
"Cepa rara, vacina, médico infectado e reunião de emergência da OMS: tudo sobre o surto de ebola","Visitante tem sua temperatura verificada por um profissional de saúde usando um termômetro em Goma, em 18 de maio de 2026.
JOSPIN MWISHA / AFP
A Organização Mundial da Saúde (OMS) afirmou nesta terça‑feira (19) que avalia o uso de vacinas candidatas e tratamentos já disponíveis para conter a epidemia de ebola na República Democrática do Congo (RDC). A doença, causada pela cepa Bundibugyo, ausente há 14 anos, já está associada a 131 mortes.
O vírus avança pelo leste do país, com novos focos e a infecção de um médico norte‑americano, enquanto autoridades reforçam medidas de prevenção e governos estrangeiros ampliam controles sanitários. A doença se espalha sobretudo na província de Ituri, no nordeste da RDC, na fronteira com Uganda. 
A representante da OMS no país, Anne Ancia, afirmou em videoconferência a partir de Bunia que um grupo consultivo técnico se reuniria ainda hoje para formular novas recomendações sobre o uso de imunizantes e terapias experimentais.
O Instituto Nacional de Pesquisa Biomédica (INRB), em Kinshasa, sequenciou o vírus e confirmou a cepa Bundibugyo. A análise também indica que o surto de 2026 não tem ligação com os registrados em 2007 e 2012. Segundo o instituto, a doença voltou a atravessar a barreira entre espécies, com uma nova transmissão de animal para humano – dinâmica que historicamente marca o comportamento do ebola.
Diretor da OMS afirma estar ‘profundamente preocupado’ com epidemia de Ebola no Congo
Ebola: EUA alertam americanos a evitar Congo, Uganda e Sudão do Sul por surto; falta de testes atrasa combate
Vídeos em alta no g1
O professor Jean‑Jacques Muyembe, diretor do INRB e codescobridor do vírus, afirmou que ainda não foi identificado o reservatório animal responsável pela transmissão inicial. “Para o momento, não colocamos realmente a mão no reservatório animal”, disse. Ele lembrou que morcegos continuam sendo os principais suspeitos. “Como aqui na RDC se consome muito morcego, isso pode ser a causa desta epidemia”, sublinhou.
Muyembe destacou que, apesar da ausência de tratamento ou vacina específica para a cepa Bundibugyo, há caminhos possíveis. “Vamos implementar protocolos para testar candidatos a vacina e ver se podemos obter proteção cruzada.”
O pesquisador explicou que a estratégia é utilizar ferramentas já eficazes contra outras variantes do ebola para avaliar seu impacto sobre as novas contaminações. A cepa Bundibugyo não era registrada em uma epidemia havia 14 anos, o que torna as pesquisas ainda mais urgentes. A OMS reforça que a análise de vacinas candidatas deve considerar segurança, disponibilidade e logística de aplicação em áreas remotas.
Dois novos focos e avanço da epidemia  Segundo dados do Ministério da Saúde da RDC, há 435 casos suspeitos e 116 mortes prováveis pela doença, causada por vírus transmitido por contato direto com fluidos corporais. 
Em Ituri, a infecção de um médico norte‑americano após atendimento a pacientes levou à quarentena de familiares e ampliou a preocupação internacional.
Uganda registra primeira morte pelo vírus Ebola desde 2019
Após solicitação de autoridades dos Estados Unidos, o governo alemão confirmou nesta terça‑feira que aceitou receber e tratar o paciente. As providências para o traslado estão em curso, embora o local de internação e a data da transferência não tenham sido divulgados. Outras seis pessoas também devem ser evacuadas da região, segundo o site especializado Stat, possivelmente cidadãos norte‑americanos.
Na ausência de vacina ou tratamento homologado para a cepa Bundibugyo, as autoridades congolesas reforçam medidas de prevenção. “Sem pânico. Incentivamos a observar as medidas para impedir a propagação e o contágio”, declarou o porta‑voz do governo, Patrick Muyaya. Ele pediu que a população evite contatos físicos, inclusive com mortos em rituais tradicionais, e reduza aglomerações.
Caso leva EUA a reforçar restrições Em reação ao surto, Washington anunciou na segunda‑feira (18) o reforço de controles sanitários. Os Centros de Controle e Prevenção de Doenças (CDC) determinaram restrições de entrada para estrangeiros que tenham viajado nos últimos 21 dias pela RDC, Uganda ou Sudão do Sul, as principais áreas afetadas pela epidemia.
A decisão reacende o debate sobre protocolos de contenção internacional em surtos de ebola, sobretudo diante do risco de exportação de casos. Em epidemias anteriores, medidas semelhantes foram adotadas para conter a disseminação do vírus, embora especialistas ressaltem que o risco de transmissão aérea é extremamente baixo e que o controle depende principalmente da resposta local.
OMS avalia vacinas candidatas A OMS afirma que está examinando quais vacinas candidatas poderiam ser utilizadas nesta epidemia. A organização já dispõe de experiência acumulada com imunizantes usados em surtos anteriores, como o rVSV‑ZEBOV, eficaz contra a cepa Zaire, mas cuja proteção contra Bundibugyo ainda precisa ser avaliada. A possibilidade de proteção cruzada é vista como uma das poucas alternativas imediatas.
A vigilância epidemiológica também foi reforçada nas zonas de mineração de Mongwalu, ao norte de Bunia, onde há intensa circulação de trabalhadores e risco elevado de disseminação. Autoridades tentam rastrear contatos, isolar casos suspeitos e ampliar campanhas de informação, mas enfrentam desafios logísticos, estradas precárias e desconfiança de parte da população.
Doença viral rara, grave e frequentemente fatal
O ebola é uma doença viral rara, grave e frequentemente fatal. O vírus é transmitido pelo contato com fluidos corporais, como sangue, vômito e sêmen.
Os sintomas incluem febre, dor de cabeça, dores musculares, fraqueza, diarreia, vômitos, dor abdominal e sangramentos inexplicáveis.
Durante grandes surtos anteriores, milhares de pessoas foram infectadas ao cuidar de parentes doentes ou durante rituais funerários com contato direto com os corpos das vítimas.
A OMS alerta que a evolução da epidemia dependerá da rapidez na identificação de casos e da adesão às medidas de prevenção. A presença de profissionais estrangeiros infectados aumenta a pressão internacional por respostas coordenadas e acelera discussões sobre o uso emergencial de vacinas experimentais.",Fato,G1 Saúde / Oficial,https://g1.globo.com/saude/noticia/2026/05/19/cepa-rara-vacina-medico-infectado-e-reuniao-de-emergencia-da-oms-tudo-sobre-o-surto-de-ebola.ghtml
"Ebola: EUA alertam americanos a evitar Congo, Uganda e Sudão do Sul por surto; falta de testes atrasa combate","Agente de saúde de fronteira na passagem de Busunga, entre Uganda e a República Democrática do Congo, verifica a temperatura de um viajante usando um termômetro infravermelho sem contato em Bundibugyo, em 18 de maio de 2026.
BADRU KATUMBA / AFP
O departamento de estado dos EUA recomenda veementemente que os americanos não viajem para a República Democrática do Congo, Sudão do Sul ou Uganda por qualquer motivo e que reconsiderem viagens para Ruanda devido ao surto de ebola.
Nesta terça-feira (19), o diretor-geral da Organização Mundial da Saúde, Tedros Adhanom Ghebreyesus, afirmou estar “profundamente preocupado com a escala e a velocidade da epidemia” da doença no Congo, diante do avanço acelerado do surto no leste do país.
Ao todo, já foram registrados 513 casos suspeitos e 131 mortes relacionadas à doença, segundo o Ministério da Saúde congolês. 
As autoridades ressaltam que parte das mortes ainda está sob investigação para confirmar se houve relação direta com o vírus, mas os números já representam um salto expressivo em relação ao balanço divulgado um dia antes, quando havia cerca de 300 casos suspeitos, destaca a agência Associated Press.
No domingo (17), a OMS declarou emergência de saúde pública de interesse internacional.
Vídeos em alta no g1
Entre os fatores que mais preocupam as autoridades estão:
o aparecimento de casos em áreas urbanas
a morte de profissionais de saúde
a intensa circulação de pessoas na região 
a ausência de vacinas e tratamentos aprovados para a variante identificada no atual surto. 
O surto é causado pelo vírus Bundibugyo, uma variante rara do ebola. 
Falta de testes atrasa combate ao Ebola no Congo, diz funcionário da OMS
Seis toneladas de suprimentos médicos para combater o Ebola devem chegar à República Democrática do Congo nesta terça, mas a capacidade limitada de testagem está atrasando a resposta ao surto, disse uma autoridade da OMS, segundo a agência Reuters. 
A OMS afirma que houve pelo menos 500 casos suspeitos e 130 mortes suspeitas por Ebola, que também se espalhou para a vizinha Uganda.
""Enviamos 12 toneladas de suprimentos. Outras seis toneladas chegarão hoje. Isso inclui equipamentos de proteção individual para profissionais de saúde da linha de frente e amostras"", disse Anne Ancia, representante da OMS na província de Ituri, na RDC.
Ancia disse que havia ""grande incerteza"" sobre a extensão e a escala do surto da cepa Bundibugyo do Ebola e que esforços estavam sendo feitos para aumentar a vigilância, a testagem e o rastreamento de contatos.
Ela disse que a testagem para a cepa Bundibugyo era limitada, com apenas seis testes possíveis por hora, e destacou que a escassez de financiamento está tendo um impacto enorme na capacidade da OMS de combater o Ebola.
Saída dos EUA da OMS reduziu drasticamente os gastos globais com saúde
Cartaz com os números de contato de emergência para o Ebola está afixado em uma tenda na passagem de fronteira de Busunga, entre Uganda e a República Democrática do Congo, em Bundibugyo, em 18 de maio de 2026
BADRU KATUMBA / AFP
Os Estados Unidos deixaram oficialmente a OMS em janeiro e, sob a presidência de Donald Trump, reduziram drasticamente os gastos globais com saúde, mas a cooperação com os EUA no combate ao surto está funcionando ""muito, muito bem"", disse Ancia.
""Entendemos que não podemos receber o financiamento, tudo bem, mas queremos continuar conversando, queremos continuar trocando informações e queremos colaborar"", afirmou.
O Escritório das Nações Unidas para a Coordenação de Assuntos Humanitários (OCHA) informou que recebeu apenas 34% dos US$ 1,4 bilhão solicitados para a República Democrática do Congo este ano, acrescentando que mais da metade veio de Washington.
Demora na detecção do vírus dificultou os esforços de contenção
Especialistas e trabalhadores humanitários afirmam que o vírus circulou sem ser identificado por semanas, o que dificultou os esforços de contenção.
A primeira morte ligada ao surto ocorreu em 24 de abril, em Bunia. O corpo da vítima foi levado para Mongbwalu, uma região de mineração com grande circulação de pessoas, o que pode ter contribuído para a disseminação da doença.
Após testes iniciais apresentarem resultado falso negativo para o tipo mais comum de ebola, o Zaire, a resposta sanitária também foi atrasada. Com isso, autoridades locais inicialmente descartaram a possibilidade de um novo surto da doença.
A confirmação oficial do ebola ocorreu apenas em 14 de maio, após a OMS ser alertada sobre dezenas de mortes em Mongbwalu, incluindo quatro profissionais de saúde.
Casos chegaram a Uganda
As autoridades confirmaram casos em Bunia, Goma, Butembo, Mongbwalu e Nyakunde. Uganda também registrou um caso e uma morte em pessoas que viajaram do Congo.
Um médico americano está entre os infectados em Bunia. Segundo o Instituto Nacional de Pesquisa Biomédica do Congo, ele trabalhava em um hospital local quando apresentou sintomas da doença.
Doença viral rara, grave e frequentemente fatal
O ebola é uma doença viral rara, grave e frequentemente fatal. O vírus é transmitido pelo contato com fluidos corporais, como sangue, vômito e sêmen.
Os sintomas incluem febre, dor de cabeça, dores musculares, fraqueza, diarreia, vômitos, dor abdominal e sangramentos inexplicáveis.
Durante grandes surtos anteriores, milhares de pessoas foram infectadas ao cuidar de parentes doentes ou durante rituais funerários com contato direto com os corpos das vítimas.",Fato,G1 Saúde / Oficial,https://g1.globo.com/saude/noticia/2026/05/19/eua-alertam-americanos-a-evitar-congo-uganda-e-sudao-do-sul-por-surto-de-ebola.ghtml
Diretor da OMS afirma estar ‘profundamente preocupado’ com epidemia de Ebola no Congo,"Surto de Ebola na República Democrática do Congo mata 105
O diretor-geral da Organização Mundial da Saúde, Tedros Adhanom Ghebreyesus, afirmou nesta terça-feira (19) estar “profundamente preocupado com a escala e a velocidade da epidemia” de ebola na República Democrática do Congo, diante do avanço acelerado do surto no leste do país.
Segundo o Ministério da Saúde congolês, já foram registrados 513 casos suspeitos e 131 mortes relacionadas à doença. As autoridades ressaltam que parte das mortes ainda está sob investigação para confirmar se houve relação direta com o vírus, mas os números já representam um salto expressivo em relação ao balanço divulgado um dia antes, quando havia cerca de 300 casos suspeitos.
A OMS convocou uma reunião emergencial de seu comitê de crise para discutir a situação. Entre os fatores que mais preocupam a agência estão o aparecimento de casos em áreas urbanas, a morte de profissionais de saúde, a intensa circulação de pessoas na região e a ausência de vacinas e tratamentos aprovados para a variante identificada no atual surto.
O surto é causado pelo vírus Bundibugyo, uma variante rara do ebola. A OMS declarou no domingo (17) emergência de saúde pública de interesse internacional.
Homem é retirado de ambulância ao chegar ao Hospital Geral de Referência de Bunia, após confirmação de um surto de Ebola.
Victoire Mukenge/Reuters
Surto ficou semanas sem ser detectado
Especialistas e trabalhadores humanitários afirmam que o vírus circulou sem ser identificado por semanas, o que dificultou os esforços de contenção.
Segundo autoridades congolesas, a primeira morte ligada ao surto ocorreu em 24 de abril, em Bunia. O corpo da vítima foi levado para Mongbwalu, uma região de mineração com grande circulação de pessoas, o que pode ter contribuído para a disseminação da doença.
A resposta sanitária também foi atrasada após testes iniciais apresentarem resultado falso negativo para o tipo mais comum de ebola, o Zaire. Com isso, autoridades locais inicialmente descartaram a possibilidade de um novo surto da doença.
A confirmação oficial do ebola ocorreu apenas em 14 de maio, após a OMS ser alertada sobre dezenas de mortes em Mongbwalu, incluindo quatro profissionais de saúde.
“Estamos correndo atrás do prejuízo contra um patógeno muito perigoso”, afirmou Matthew Kavanagh, diretor do Centro de Políticas e Política de Saúde Global da Universidade de Georgetown.
Um homem é retirado de uma ambulância ao chegar ao Hospital Geral de Referência de Bunia, após a confirmação de um surto de Ebola envolvendo a cepa Bundibugyo em Bunia, província de Ituri, República Democrática do Congo, em 16 de maio de 2026
REUTERS/Victoire Mukenge
Casos já chegaram a Uganda
As autoridades confirmaram casos em Bunia, Goma, Butembo, Mongbwalu e Nyakunde. Uganda também registrou um caso e uma morte em pessoas que viajaram do Congo.
Um médico americano está entre os infectados em Bunia. Segundo o Instituto Nacional de Pesquisa Biomédica do Congo, ele trabalhava em um hospital local quando apresentou sintomas da doença.
O que é o ebola
O ebola é uma doença viral rara, grave e frequentemente fatal. O vírus é transmitido pelo contato com fluidos corporais, como sangue, vômito e sêmen.
Os sintomas incluem febre, dor de cabeça, dores musculares, fraqueza, diarreia, vômitos, dor abdominal e sangramentos inexplicáveis.
Durante grandes surtos anteriores, milhares de pessoas foram infectadas ao cuidar de parentes doentes ou durante rituais funerários com contato direto com os corpos das vítimas.
“O ebola é, em grande parte, uma doença de compaixão, porque afeta principalmente pessoas que cuidam dos doentes”, afirmou Craig Spencer, professor da Escola de Saúde Pública da Universidade Brown e sobrevivente da doença.
Região enfrenta crise humanitária
O leste do Congo já vive uma grave crise humanitária marcada pela atuação de grupos armados, deslocamentos forçados e dificuldade de acesso a serviços básicos.
Segundo a ONU, apenas a região de Ituri abriga mais de 273 mil deslocados internos.
Moradores de Bunia relataram medo diante do avanço do surto. Uma das habitantes da cidade disse à Associated Press que começou a produzir máscaras de proteção artesanalmente após lembrar das consequências de surtos anteriores da doença.",Fato,G1 Saúde / Oficial,https://g1.globo.com/saude/noticia/2026/05/19/diretor-da-oms-afirma-estar-profundamente-preocupado-com-epidemia-de-ebola-no-congo.ghtml
O que acontece com o cérebro quando deixamos de escrever à mão?,"O que acontece dentro do nosso cérebro quando deixamos de escrever à mão?
Com o avanço da tecnologia, escrever à mão vem se tornando um hábito cada vez mais raro. Bilhetes, cartas e cadernos deram lugar às mensagens digitadas em celulares e computadores. Mas, junto com essa mudança, surge uma dúvida: o que acontece com o cérebro quando deixamos de escrever à mão?
Na reportagem especial, o Fantástico foi até a Noruega, onde um estudo mapeou com precisão os efeitos e os benefícios para o nosso cérebro. Veja no vídeo acima. 
Diferenças dentro do cérebro
A ciência foi investigar o que acontece nesse processo e encontrou respostas nas conexões neurais, chamadas de sinapses. Ao escrever à mão, o cérebro ativa várias áreas ao mesmo tempo, criando uma rede intensa de comunicação.
Já na digitação, essa integração é menor. Isso porque no teclado os dedos repetem praticamente o mesmo movimento para todas as letras, enquanto na escrita manual cada traço é único — e esse esforço extra estimula mais o cérebro. 
Exames mostram que, ao escrever à mão, a atividade cerebral se espalha por diferentes regiões, formando um padrão amplo de conexões. Na digitação, esse padrão praticamente desaparece.
Aprendizado e memória
Essa diferença tem impacto direto na aprendizagem. Ao escrever à mão, o cérebro precisa trabalhar mais: organizar o pensamento, selecionar o que é importante e transformar isso em palavras. Esse esforço ajuda a fixar melhor a informação
Na digitação, o processo pode ser mais automático. A informação entra, é registrada rapidamente, mas nem sempre fica armazenada com a mesma força na memória.
Estudos com estudantes mostram que o cérebro permanece ativo por mais tempo durante a escrita manual, especialmente em áreas ligadas à atenção e ao aprendizado.
Especialmente no caso das crianças, aprender a escrever à mão antes de migrar para as telas ajuda a aproveitar melhor o potencial cognitivo.
'Use ou perca'
Os especialistas fazem um alerta: o cérebro funciona com base no princípio do “use ou perca”. Conexões que não são estimuladas com frequência tendem a enfraquecer ou desaparecer.
Se a escrita à mão for deixada de lado, essas redes podem deixar de ser ativadas. No longo prazo, isso pode até levar a uma diminuição do cérebro, justamente pela perda dessas conexões. 
Adaptação
Apesar disso, o cérebro também é capaz de se transformar. Esse processo é chamado de neuroplasticidade — a capacidade de criar novas conexões e se adaptar às mudanças.
Isso significa que o uso das tecnologias também é incorporado pelo cérebro. Mas os cientistas alertam: uma forma de escrita não precisa substituir completamente a outra.
O que acontece dentro do nosso cérebro quando deixamos de escrever à mão?
Reprodução/TV Globo
GloboPop: clique para ver os vídeos do palco do Fantástico 
Ouça os podcasts do Fantástico
ISSO É FANTÁSTICO
O podcast Isso É Fantástico está disponível no g1 e nos principais aplicativos de podcasts, trazendo grandes reportagens, investigações e histórias fascinantes em podcast com o selo de jornalismo do Fantástico: profundidade, contexto e informação. Siga, curta ou assine o Isso É Fantástico no seu tocador de podcasts favorito. Todo domingo tem um episódio novo.",Fato,G1 Saúde / Oficial,https://g1.globo.com/fantastico/noticia/2026/05/19/o-que-acontece-dentro-do-nosso-cerebro-quando-deixamos-de-escrever-a-mao.ghtml
MEC oficializa novas regras para cursos de Enfermagem; graduação terá mínimo de 4 mil horas presenciais,"Cursos de bacharelado devem ter carga horária mínima de 4 mil horas obrigatoriamente no formato presencial.
Freepik/Reprodução
O Ministério da Educação publicou nesta segunda-feira (19) novas diretrizes curriculares para os cursos de graduação em Enfermagem no Brasil. A resolução estabelece mudanças na formação de enfermeiros, amplia a carga horária mínima dos cursos e reforça a integração com o Sistema Único de Saúde (SUS).
Entre as principais mudanças, o texto determina que os cursos de bacharelado tenham carga horária mínima de 4 mil horas obrigatoriamente no formato presencial, com prazo mínimo de cinco anos para conclusão.
A nova regra também amplia o peso dos estágios supervisionados, que deverão representar ao menos 30% da carga horária total da graduação. Metade dessa formação prática deverá ocorrer na atenção primária à saúde, como unidades básicas e Estratégia Saúde da Família, e os outros 50% em hospitais ou serviços de média complexidade.
A resolução foi aprovada pelo Conselho Nacional de Educação e publicada no Diário Oficial da União desta segunda. Ela substitui as diretrizes que estavam em vigor desde 2001.
Vídeos em alta no g1
Formação mais integrada ao SUS
O texto afirma que a formação dos enfermeiros deverá seguir os princípios e diretrizes do SUS, com foco em atenção integral à saúde, ética, humanização e atuação interdisciplinar.
A resolução também inclui temas considerados estratégicos para a formação, como:
segurança do paciente;
pesquisa científica;
educação permanente em saúde;
gestão em saúde;
redução de desigualdades;
valorização da diversidade;
trabalho interprofissional.
Outro ponto previsto é o fortalecimento da integração entre universidades, serviços de saúde e comunidades, além do uso de metodologias de ensino com maior participação ativa dos estudantes.
Cursos terão prazo para adaptação
As instituições de ensino superior terão até 30 de junho de 2028 para adaptar os currículos às novas exigências.
Segundo a resolução, as mudanças buscam alinhar a formação dos profissionais às demandas atuais do sistema de saúde e às necessidades sociais da população brasileira. O texto define que o perfil esperado do enfermeiro deve ser “generalista, humanista, crítico, reflexivo, ético e político”, com compromisso com a cidadania e a dignidade humana.",Fato,G1 Saúde / Oficial,https://g1.globo.com/educacao/noticia/2026/05/19/mec-oficializa-novas-regras-para-cursos-de-enfermagem-graduacao-tera-minimo-de-4-mil-horas-presenciais.ghtml
Perimenopausa pode oferecer oportunidade para a prevenção de doenças cardíacas em mulheres,"Conheça os sintomas da perimenopausa
A American Heart Association (Associação Americana do Coração) divulgou estudo que mostra que mulheres na perimenopausa apresentavam o dobro de chances de ter uma pontuação de saúde cardiovascular geral mais baixa em comparação com aquelas que ainda tinham ciclos menstruais regulares. A análise incluiu 9.248 mulheres entre 18 e 80 anos. Para os pesquisadores, o recado é claro: essa é uma fase que oferece uma “janela de oportunidade” para reavaliar riscos e promover mudanças no estilo de vida.
Mulheres na perimenopausa: risco maior de ter uma pontuação de saúde cardiovascular geral mais baixa
Wokandapix para Pixabay
A medição foi estabelecida com base no Life’s Essential 8 (“Os oito pontos essenciais da vida”), criado pela entidade, que reúne os fatores críticos para a manutenção da saúde cardiovascular. São eles: atividade física; dieta balanceada; evitar a exposição à nicotina; sono de qualidade; conservar um peso adequado; controle da pressão arterial e dos níveis de colesterol; e manter os níveis de açúcar no sangue dentro do limite.
Os principais pontos da análise:
As pontuações medianas das participantes diminuíram com o avanço do estágio reprodutivo, de 73,3 de 100 (em mulheres na pré-menopausa); para 69,1 (na perimenopausa); e 63,9 (na pós-menopausa).
Entre os componentes individuais do Life’s Essential 8, a dieta recebeu consistentemente as notas mais baixas e continuou a declinar ao longo do tempo.
Nas mulheres na perimenopausa, dobrava o risco de um escore geral deficiente em comparação com as na pré-menopausa. Elas tinham 76% mais chances de exibir um resultado de colesterol ruim; e 83% mais probabilidades de uma taxa de açúcar no sangue desfavorável.
As flutuações nos níveis de estrogênio podem contribuir para o declínio da saúde cardiovascular, pois afetam negativamente o colesterol, a resistência à insulina, a pressão arterial e o controle de peso.
As pontuações de duração do sono permaneceram altas em todos os estágios reprodutivos, apesar de as mulheres na perimenopausa relatarem dificuldade para dormir, sugerindo que a qualidade do descanso pode ser mais prejudicada do que a sua duração.
“Nossa análise destaca que a perimenopausa é o momento crítico em que o aumento do risco cardiovascular parece amplificado. Por isso é tão importante intervir logo”, afirmou a Dra. Amrita Nayak, autora principal do trabalho.
Uma em cada três mulheres não sabe que cirurgia pode corrigir o prolapso pélvico
Outro estudo relacionado à saúde feminina aponta que até metade de todas as mulheres experimentará algum grau de prolapso de órgãos pélvicos durante a vida – que ocorre quando os órgãos se projetam de forma anômala devido à perda da capacidade de sustentação muscular. A condição pode causar incontinência, constipação e a descida da bexiga ou do útero para a vagina, tornando-se debilitante devido à pressão severa e dor crônica. Pesquisa da Orlando Health, uma organização sem fins lucrativos baseada na Flórida, revela que uma em cada três sofre em silêncio devido a conceitos errôneos comuns:
Metade desconhece que a incontinência urinária não é apenas uma parte normal do envelhecimento.
30% acreditam que o prolapso pélvico só acontece depois de uma gravidez.
31% acham que o quadro só se manifesta em mulheres na pós-menopausa ou com mais de 60 anos.
Uma em cada três não sabe que a cirurgia é uma opção para corrigir o problema.
O prolapso genital é multifatorial: além das questões anatômicas e hormonais, sua ocorrência está associada a condições como o número de gestações, obesidade, tabagismo, cirurgias prévias e histórico familiar. A boa notícia é que procedimentos reconstrutivos minimamente invasivos, com suturas e telas, podem fixar o assoalho pélvico.",Fato,G1 Saúde / Oficial,https://g1.globo.com/bemestar/blog/longevidade-modo-de-usar/post/2026/05/19/perimenopausa-pode-oferecer-oportunidade-para-a-prevencao-de-doencas-cardiacas-em-mulheres.ghtml
"Celular no banheiro aumenta em 46% o risco de hemorroidas, aponta estudo","Levar o celular para o banheiro e passar vários minutos rolando a tela virou um hábito comum e cada vez mais preocupante para médicos. Um estudo publicado na revista científica PLOS One revelou que pessoas que usam o aparelho enquanto estão sentadas no vaso sanitário permanecem mais tempo no banheiro e apresentam aumento de 46% no risco de desenvolver hemorroidas. 
Embora o assunto ainda seja cercado de tabu e constrangimento, mais da metade dos adultos já teve ou terá hemorroidas em algum momento da vida. Para especialistas, o uso do celular durante a evacuação se tornou apenas a versão digital de um comportamento antigo: levar revistas, jornais ou livros para o banheiro. A diferença é que, agora, o conteúdo praticamente não tem fim. 
Em entrevista ao podcast do Bem-Estar, o proctologista Leonardo Castro explicou que os próprios livros de medicina já alertavam há décadas sobre o hábito de permanecer muito tempo sentado no vaso sanitário. 
Na era digital isso se alastrou. Segundo ele, o celular ampliou ainda mais o tempo de permanência no banheiro porque concentra diferentes formas de entretenimento, notícias e redes sociais em um único aparelho. 
Vídeos em alta no g1
O que acontece no corpo durante a evacuação?
Segundo Castro, a posição adotada para evacuar altera o ângulo entre o reto e o ânus para facilitar a saída das fezes. Por isso, o vaso sanitário costuma ser mais baixo que uma cadeira convencional. 
Apesar dessa adaptação anatômica favorecer a evacuação, ela também aumenta a pressão dentro da pelve e do canal anal, provocando maior congestão dos vasos sanguíneos da região. 
Celular no banheiro aumenta em 46% o risco de hemorroidas, aponta estudo
Adobe Stock
“Se você fica mais tempo que o necessário, você está mais suscetível ao aumento dessa congestão venosa, dessa congestão vascular”, explicou o especialista. E é justamente esse aumento da congestão venosa que está relacionado ao desenvolvimento das hemorroidas. 
Existe um tempo ideal no banheiro?
O médico afirma que não existe um limite exato universalmente definido para evacuar, mas períodos superiores a quatro ou cinco minutos já podem favorecer danos relacionados à congestão vascular da região anal. 
Segundo ele, o mais importante é que a evacuação ocorra de forma completa e sem esforço excessivo. 
Castro também chama atenção para pessoas com prisão de ventre, que acabam permanecendo muito tempo tentando evacuar. Nesses casos, o tempo prolongado no vaso pode piorar ainda mais os sintomas intestinais e favorecer crises hemorroidárias. 
O que são as hemorroidas?
As hemorroidas são dilatações e congestões das veias localizadas na região anal. Pessoas predispostas podem apresentar quadros mais intensos, com sintomas como:
sangramento; 
dor; 
coceira; 
sensação de inchaço ao redor do ânus. 
Segundo o proctologista, a doença está diretamente relacionada aos hábitos intestinais e ao estilo de vida. Prisão de ventre, fezes endurecidas, pouca ingestão de água, alimentação pobre em fibras e sedentarismo podem piorar o quadro. 
“O consumo de água, de fibras e a realização de exercícios físicos constantes estão dentro do nosso arsenal de tratamento e cuidados que a gente deve ter com a saúde”, afirmou. 
O médico também destacou que fatores como estresse, ansiedade, rotina acelerada e alimentação rica em ultraprocessados e fast food acabam contribuindo para hábitos intestinais inadequados. 
Gestação e histórico familiar podem aumentar o risco
Algumas condições aumentam a predisposição ao desenvolvimento de hemorroidas. A gestação, especialmente no último trimestre, é uma delas. Isso acontece devido ao aumento da congestão vascular e venosa da pelve durante esse período. 
A condição também é mais frequente em adultos do que em crianças. Além disso, o especialista afirma que muitos pacientes relatam histórico familiar da doença. 
Prisão de ventre não causa necessariamente hemorroida
Apesar de a constipação ser um dos principais fatores de piora da doença hemorroidária, o especialista explica que nem toda pessoa com intestino preso desenvolverá hemorroidas. 
Por outro lado, quem já apresenta a condição tende a ter mais dor e sangramento quando sofre com prisão de ventre. 
Segundo Castro, a primeira recomendação para pacientes com doença hemorroidária é melhorar a saúde intestinal. 
“Não há cirurgia, não há procedimento mágico que vá resolver se você não tiver primeiro uma atenção especial com a sua saúde intestinal”, afirmou. 
Sangue oculto nas fezes e colonoscopia: como identificar e prevenir o câncer colorretal
Sangramento pode indicar outras doenças
O sangramento é um dos sintomas que mais preocupam os especialistas. Mas o médico alerta que nem todo sangramento necessariamente é hemorróida. 
As hemorroidas internas costumam sangrar com mais frequência, enquanto as externas geralmente provocam mais dor. 
Mas o sangue nas fezes também pode indicar doenças mais graves, incluindo câncer intestinal, que tem aumentado entre pessoas jovens. 
Câncer colorretal deve causar 635 mil mortes e perdas bilionárias no Brasil até 2030
Fissura e fístula anal podem causar confusão
Outras doenças anais também podem provocar sintomas parecidos com os das hemorroidas, dificultando o diagnóstico sem avaliação médica. 
A fissura anal é descrita como um pequeno rasgo ou lesão aberta no canal anal, frequentemente associada a fezes endurecidas e prisão de ventre. Os sintomas mais comuns são dor intensa e sangramento. 
Já a fístula anal é uma comunicação anormal entre o canal anal e a pele ao redor do ânus, geralmente causada por infecção. 
Segundo Castro, é comum pacientes chegarem ao consultório acreditando ter hemorroida e descobrirem outro diagnóstico após o exame físico especializado. 
Hemorroida pode piorar ao longo do tempo
O proctologista afirma que a hemorroida não se transforma em câncer nem evolui para fissura ou fístula. Porém, ela pode aumentar de gravidade com o passar do tempo se não houver tratamento adequado. 
A doença é dividida em quatro graus. Casos leves podem ser tratados com mudanças de hábitos e cuidados intestinais. Quadros mais avançados podem exigir procedimentos no consultório ou cirurgia. 
Entre os tratamentos citados pelo especialista estão:
alimentação rica em fibras; 
aumento da ingestão de água; 
prática regular de exercícios físicos; 
uso de pomadas para alívio dos sintomas; 
ligaduras elásticas realizadas em consultório; 
cirurgia nos casos mais graves. 
Laxantes podem ajudar?
Segundo Castro, laxantes podem ser utilizados por pessoas com prisão de ventre porque ajudam na regularização do intestino. 
Mesmo assim, ele reforça que a prioridade deve ser a mudança dos hábitos de vida, com melhora da alimentação, aumento da ingestão de fibras e água e prática de exercícios físicos. 
Papel higiênico pode piorar sintomas
Além de reduzir o tempo no banheiro e evitar o celular durante a evacuação, o médico também recomenda evitar o uso excessivo de papel higiênico. 
Segundo ele, o ideal é priorizar água e sabão para a higiene da região anal. 
Banquinho pode facilitar evacuação
Algumas pessoas utilizam pequenos bancos para elevar as pernas enquanto usam o vaso sanitário. Segundo o especialista, isso pode ajudar determinados pacientes porque aumenta o ângulo entre o reto e o canal anal, facilitando a saída das fezes. 
A posição se aproxima da posição de cócoras, considerada mais fisiológica e semelhante à forma como os ancestrais evacuavam antes da existência dos vasos sanitários. 
No fim da entrevista, o médico reforçou o principal alerta: sangue nas fezes nunca deve ser ignorado.",Fato,G1 Saúde / Oficial,https://g1.globo.com/saude/noticia/2026/05/19/celular-no-banheiro-aumenta-em-46percent-o-risco-de-hemorroidas-aponta-estudo.ghtml
"Remédio de colesterol recolhido: como funcionam as estatinas, que tiveram lote retirado do mercado pela Cimed","Sociedade Brasileira de Cardiologia muda metas de tolerância para o LDL: o colesterol ruim
As estatinas são um tipo de medicamento comumente prescrito para reduzir os índices do colesterol LDL, popularmente conhecido como colesterol ruim. 
Na segunda-feira (18), lotes de dois medicamentos dessa classe – a atorvastatina cálcica e a rosuvastatina cálcica – começaram a ser recolhidos de forma voluntária pela fabricante, a empresa Cimed Industria S.A.
De acordo com o Diário Oficial da União da segunda, o motivo foi a mistura de embalagem de cartucho de rosuvastatina no lote de atorvastatina. Segundo a empresa, a medida é preventiva e voluntária.
Atorvastatina cálcica e rosuvastatina cálcica da Cimed
Silvana Reis/g1
➡️De forma geral, a estatinas são importantes aliados para quem busca reduzir os índices de colesterol. Elas inibem a secreção de uma enzima no corpo que é responsável pela produção do colesterol no fígado, o que faz com que os níveis de LDL no sangue caiam. (entenda mais sobre a ação das estatinas no corpo abaixo)
🩸O LDL é responsável por transportar o colesterol das células do fígado para outras partes do corpo. Em excesso no sangue, ele pode se acumular nas paredes das artérias, formando placas e aumentando o risco de doenças cardíacas e acidente vascular cerebral (AVC).
Além da redução dos níveis de colesterol, as estatinas também têm outros efeitos positivos como:
Redução da inflamação nas artérias
Estabilização das placas de gordura, diminuindo o risco de ruptura e infarto
Redução do risco de doenças cardiovasculares
➡️Um estudo publicado em dezembro de 2025 na revista científica ""Annals of Internal Medicine"" também mostrou que esse medicamento é capaz de reduzir significativamente o risco de mortalidade em adultos com diabetes, independentemente do risco cardiovascular.
Na reportagem abaixo, você confere:
Como as estatinas agem no corpo
Para quem esse medicamento é indicado
Quais os efeitos colaterais mais comuns
Colesterol: confira mitos e verdades sobre um dos maiores vilões da saúde cardiovascular
Como as estatinas agem no corpo?
As estatinas são uma classe de medicamentos que atuam no fígado bloqueando uma via enzimática com o objetivo principal de reduzir a produção de colesterol no corpo.
""Quando o fígado produz menos colesterol, ele passa a captar mais colesterol do sangue por meio de receptores de LDL. O resultado é a queda do LDL, colesterol ruim no sangue"", detalha o médico endocrinologista, Marcello Bertoluci.
Bertoluci, que é diretor do Departamento de Dislipidemia e Aterosclerose da Sociedade Brasileira de Endocrinologia e Metabologia (SBEM) e coordenador do Departamento de Cardiometabolismo da Associação Brasileira para o Estudo da Obesidade e Síndrome Metabólica (Abeso), detalha que há ao menos seis representantes dentro da classe das estatinas.
O que muda, segundo o médico, é a potência do esquema, que depende da molécula e, principalmente, da dose.
""Em geral, a atorvastatina em dose alta e a rosuvastatina em dose alta reduzem em torno de 50% o LDL, enquanto outras como a sinvastatina, a pitavastatina, a pravastatina e a fluvastatina tendem a reduzir por volta de 30%"", analisa. 
Voltar ao índice.
Quem deve tomar o medicamento?
A indicação para o início do uso das estatinas depende diretamente da categoria de risco cardiovascular e do nível do LDL no sangue. 
Bertoluci pontua que, quanto mais alto for o risco, maior a necessidade de reduzir o colesterol.
👉Elaine dos Reis Coutinho, médica cardiologista e membro do Departamento de Aterosclerose da Sociedade Brasileira de Cardiologia (SBC), explica que, de maneira geral, o tratamento com estatinas é indicado para os seguintes casos:
Colesterol LDL elevado, principalmente quando não há resposta adequada apenas com mudanças no estilo de vida 
Pessoas que já tiveram infarto, AVC ou angina (prevenção secundária) 
Pacientes com diabetes, principalmente acima dos 40 anos 
Indivíduos com hipertensão associada a outros fatores de risco, como obesidade e tabagismo 
Pessoas com história familiar de doença cardiovascular precoce 
Casos de hipercolesterolemia familiar, uma condição genética 
""Em resumo, as estatinas entram quando o LDL está alto e, principalmente, quando o risco e a necessidade de redução são grandes o suficiente, a ponto de as medidas de estilo de vida – que conseguem reduzir em média 15% do colesterol – não darem conta sozinhas de atingir a meta de colesterol"", detalha Bertoluci.
LEIA TAMBÉM:
Ovo na dieta: entenda a relação do alimento com o colesterol e qual o 'limite' saudável de consumo por dia
Homem 'vaza' colesterol pelas mãos após aderir a dieta carnívora; FOTOS
É importante lembrar que, em 2025, a Sociedade Brasileira de Cardiologia atualizou a Diretriz de Dislipidemias e Prevenção da Aterosclerose e endureceu as metas de colesterol, incluindo pela primeira vez a categoria de risco extremo – voltada para pacientes que já tiveram múltiplos eventos cardiovasculares.
A nova versão do documento estabelece:
Baixo risco: menor que 115 mg/dL (antes era menor que 130 mg/dL)
Intermediário: menor que 100 mg/dL (antes era menor que 100 mg/dL)
Alto: menor que 70 mg/dL (sem alteração)
Muito alto: <50 mg/dL (antes era menor que 70 mg/dL)
Extremo: <40 mg/dL (não existia na diretriz anterior)
🫀Ou seja, quanto maior o risco cardiovascular envolvido, mais baixo é o nível de LDL aceitável no sangue do paciente.
Helio Magarinos Torrres Filho, patologista clínico e diretor médico do Richet Medicina & Diagnóstico, pondera que, por muito tempo, o controle do colesterol foi tratado como um número isolado, especialmente o LDL. Mas a nova diretriz mostra que o tratamento precisa ir muito além.
""Quem tem risco mais alto precisa de metas mais baixas. Ou seja, dois pacientes podem ter o mesmo LDL e receber condutas diferentes, porque uma pessoa de baixo risco pode estar em um patamar aceitável e outra, que já teve um evento cardiovascular, pode precisar reduzir muito mais"", compara. 
Voltar ao índice.
Efeitos colaterais
De acordo com os especialistas, as estatinas são medicamentos seguros, eficazes e com estudos robustos que demonstram que podem salvar vidas quando bem indicados.
Apesar disso, como acontece com todos os medicamentos, essa categoria de remédios pode causar alguns efeitos colaterais. O mais comum deles é a dor muscular. 
""É algo que acomete cerca de 10% das pessoas, mas, em geral, é tolerável e reversível, quando se troca a medicação ou se ajusta a dose, ou mesmo quando se muda para doses mais baixas em combinação com outras medicações"", explica Bertoluci. 
Elaine detalha que as dores musculares costumam ser leves, no primeiro mês do tratamento, e podem levar também à sensação de câimbras.
Em situações muito raras, o uso do medicamento pode levar a uma lesão muscular grave com consequência aos rins. O efeito é algo bem mais incomum que também costuma ser reversível com as medidas adequadas.
Outro efeito raro é relacionado ao fígado, como uma hepatite medicamentosa com alterações laboratoriais. A reação também é pouco relatada e, quando acontece, pode ser revertida.
""Os efeitos colaterais importantes são raros e o benefício do tratamento na grande maioria das vezes é maior que o risco"", analisa Elaine Coutinho. 
Voltar ao índice.
Três sinais no sangue que podem revelar o risco oculto de doenças do coração, segundo estudo",Fato,G1 Saúde / Oficial,https://g1.globo.com/saude/noticia/2026/05/19/remedio-de-colesterol-recolhido-como-funcionam-as-estatinas-que-tiveram-lote-retirado-do-mercado-pela-cimed.ghtml
3 motivos por que as sardinhas são um alimento barato e ideal para sua saúde,"sardinha
Freepik
Quando o assunto é a boa alimentação, os especialistas concordam que os melhores hábitos são os que conseguimos adotar e manter na nossa rotina com mais facilidade.
As sardinhas, mesmo as enlatadas que encontramos nos supermercados (geralmente a preços acessíveis), podem ser um dos pratos com mais benefícios que você pode acrescentar à sua alimentação atual, especialmente se você pretende ter uma vida longa e saudável.
Os Institutos Nacionais de Saúde dos Estados Unidos (NIH, na sigla em inglês), por exemplo, indicam que uma única lata de sardinhas pode fornecer todas as nossas necessidades de ácidos ômega-3, um nutriente essencial para o bom funcionamento do cérebro, coração, visão e para reduzir as inflamações.
Mas os especialistas alertam que os ácidos ômega-3 são apenas um dos nutrientes presentes nas sardinhas.
Vídeos em alta no g1
Elas também contêm ""componentes conhecidos pelos seus efeitos cardioprotetores, como o cálcio, potássio, magnésio, zinco, ferro, taurina e arginina"", segundo um estudo de 2023, que defende o consumo de sardinhas além dos suplementos de ômega-3.
Cálculo da proteína: 'macete da multiplicação' na hora de escolher alimentos proteicos funciona?
""Esses nutrientes [presentes nas sardinhas], agindo de forma sinérgica, são essenciais para modular as inflamações e o estresse oxidativo relacionados ao sistema cardiovascular, participando também do funcionamento dos cardiomiócitos e da hemodinâmica"", prossegue o estudo.
Aqui estão estes e outros benefícios do consumo habitual de sardinhas para a nossa saúde.
1. Ácidos graxos ômega-3
Os ácidos graxos essenciais ômega-3 desempenham papel fundamental na composição das membranas celulares de diversos tecidos, mas o nosso corpo não consegue sintetizá-los sozinho. Ou seja, eles precisam ser consumidos na alimentação.
Existem diversos ácidos deste tipo, mas a maioria dos estudos científicos sobre seus efeitos para a saúde se concentra em três deles: o ácido alfa-linoleico (ALA), o ácido eicosapentaenoico (EPA) e o ácido docosa-hexaenoico (DHA).
O ácido graxo ALA é considerado um precursor de EPA e DHA, que são os ácidos úteis para os tecidos humanos.
O corpo pode transformar o ALA consumido em EPA e DHA, mas com muito pouca eficiência: menos de 8% para o EPA e menos de 4% para o DHA.
A grande vantagem de consumir peixes gordurosos, como a sardinha e o salmão, além de outras fontes de ácidos ômega-3, é que o corpo do peixe já transformou em EPA e DHA uma grande quantidade dos ALA consumidos das algas. Por isso, quando comemos, estamos ingerindo diretamente aqueles dois ácidos.
""As sardinhas são consideradas importantes fontes destas gorduras ômega-3, da mesma forma que o salmão e o arenque"", explica à BBC News Mundo (o serviço em espanhol da BBC), o professor Jorge Monserrate, do Departamento de Ciências Naturais, Saúde e Bem-Estar da Faculdade Miami-Dade, no Estado americano da Flórida.
""Trata-se de peixes que vivem em águas frias e produzem este tipo de gorduras para regular sua temperatura.""
""O ômega-3 das sardinhas ajuda a reduzir o risco de doenças cardíacas, pois contribui para reduzir os níveis de triglicerídeos"", explica o professor.
Além disso, segundo o NIH americano, os ácidos EPA e DHA podem ajudar a reduzir o risco de câncer de mama, câncer colorretal, doença de Alzheimer, degeneração macular senil ou a síndrome do olho seco.
Por este motivo, as autoridades de saúde — incluindo a Associação Americana do Coração (OHA, na sigla em inglês) e a Organização Mundial da Saúde (OMS) — recomendam o consumo de pelo menos duas porções de peixes gordurosos por semana.
E, embora exista uma grande quantidade de suplementos de ômega-3 no mercado, as informações sobre sua eficácia são limitadas.
""Os diversos estudos aleatórios realizados ao longo das duas últimas décadas não encontraram evidências de benefícios cardíacos derivados dos suplementos de óleo de peixe"", segundo um artigo publicado em 2023 pelo portal Harvard Health.
""É verdade que estes suplementos fornecem ácidos graxos ômega-3, mas existem formas melhores de obter essas gorduras essenciais através da alimentação.""
2. Proteína de alta qualidade
Sabe-se atualmente que uma parte essencial da nossa alimentação deve ser composta de proteínas.
Quando consumimos proteínas, o nosso corpo as decompõe em aminoácidos. Estes podem se recompor posteriormente em qualquer tipo de proteína de que o corpo necessite: a hemoglobina do sangue, enzimas, músculos, a queratina da pele e dos cabelos etc.
Por isso, as proteínas são vitais, mas o professor Monserrate explica que nem todas são da mesma qualidade.
""Quando as pessoas pensam em proteínas, elas geralmente pensam em carne"", destaca ele. ""Mas a carne tem muitas gorduras saturadas que não são boas para o corpo. Elas aumentam o risco de doenças do coração.""
""Já as sardinhas são ricas em nutrientes. Ou seja, elas contêm muitos nutrientes e poucas calorias.""
Uma única lata de sardinhas em azeite de oliva pode fornecer até 22,6 gramas de proteína com cerca de 200 calorias, além de nutrientes como cálcio, magnésio, vitamina B12, vitamina D, arginina e taurina.
Além de ajudarem a melhorar a nutrição, as sardinhas podem trazer impactos parecidos para o nosso bolso.
""A conveniência de encontrá-las em latas é incrível"", destaca Monserrate. ""E o preço, em comparação com outras fontes de proteína, sendo uma fonte ainda melhor, ajuda muito.""  
Uma recomendação importante do professor é observar o teor de sódio das sardinhas em lata a serem consumidas, o que pode gerar problemas para algumas pessoas.
""É preciso aprender a ler os rótulos"", explica ele. ""Assim, você pode se dar conta do teor de sódio.""
3. Fonte de cálcio, magnésio e vitamina D
Aqui, há um dado curioso. Como as sardinhas em lata são muito pequenas, quando as comemos, acabamos ingerindo também suas espinhas, que são uma fonte de cálcio mais rica até que o leite.
""Além disso, este é um dos melhores tipos de cálcio que existem, pois o corpo pode metabolizá-lo com facilidade"", explica o professor.
Naturalmente, o cálcio é fundamental para fortalecer os ossos, dentes, a contração dos músculos e a regulagem do ritmo cardíaco. E é absorvido em maior quantidade quando consumido com uma boa fonte de magnésio — que, como você irá imaginar, também está presente nas sardinhas.
Uma lata de sardinhas pode fornecer 330 a 350 mg de cálcio (em comparação com 300 mg de um copo de leite) e 30 a 45 mg de magnésio, formando uma fantástica combinação para um corpo forte.
""Outros nutrientes que podemos mencionar são, por exemplo, a vitamina B12, o selênio e a vitamina D"", prossegue Monserrate.
""Precisamos da vitamina D para absorver cálcio e fósforo, que é o principal para que os nossos ossos se fortaleçam.""
A vitamina B12 é fundamental para a produção de energia do corpo, além da síntese de DNA e de algo fundamental: proteger a mielina, o componente isolante que recobre os nervos.
É incrível observar que uma lata de sardinhas pode fornecer 343% dos níveis de vitamina B12 de que necessitamos.
E, como se ainda fosse pouco, as sardinhas contêm os aminoácidos taurina e arginina, fundamentais para a saúde cardiovascular. Eles ajudam a regular nossa pressão arterial.
Outra vantagem das sardinhas em comparação com outros peixes é o seu baixo teor de mercúrio.
Por estarem quase no fundo da cadeia alimentar, as sardinhas não contêm mercúrio acumulado no corpo, como costuma ocorrer em animais maiores, como o atum.
""Na verdade, todos podem incluir as sardinhas como parte de uma dieta saudável"", prossegue o professor.
""As recomendações afirmam que é preciso ter algum cuidado com o sódio no caso do consumo em lata, mas as sardinhas frescas são diferentes.""
Monserrate recomenda consumir cerca de três latas de sardinha por semana, para obter todos os benefícios. Ele reconhece que, para muitas pessoas, o sabor do peixe pode ser ""forte"", mas explica que vale a pena tentar consumi-las.
""A maioria das pessoas não nasce gostando de sardinhas, é preciso aprender a comê-las"", segundo o professor.
""Eu recomendo aos meus alunos que continuem tentando, provando alimentos saudáveis de que, inicialmente, eles não apreciam, pois o nosso paladar evolui com o passar do tempo.""
""O segredo, às vezes, está na preparação. Eu gosto diretamente da lata ou refogadas em um pouco de azeite de oliva.""
Moqueca de sardinha é uma opção fácil e nutrutiva para variar o cardápio na quaresma",Fato,G1 Saúde / Oficial,https://g1.globo.com/saude/noticia/2026/05/18/3-motivos-por-que-as-sardinhas-sao-um-alimento-barato-e-ideal-para-sua-saude.ghtml
Surto de Ebola já deixou ao menos 100 mortos na República Democrática do Congo; CDC confirma caso em profissional dos EUA,"Surto de Ebola já matou 100 pessoas na República Democrática do Congo
Os Centros de Controle e Prevenção de Doenças dos Estados Unidos (CDC) confirmaram nesta segunda-feira (18) um caso de Ebola em um profissional dos EUA que atuava na República Democrática do Congo, onde um surto da doença já deixou ao menos 100 mortos.
📱Baixe o app do g1 para ver notícias em tempo real e de graça
Segundo o órgão, o paciente será transferido para a Alemanha para receber tratamento e cuidados especializados. 
A operação está sendo coordenada em parceria com o Departamento de Estado americano.
➡️ Ebola é uma doença causada por um vírus cujos sintomas iniciais incluem febre, fraqueza extrema, dores musculares e dor de garganta, segundo a Organização Mundial da Saúde (OMS). A organização declarou emergência de interesse internacional devido ao surto.
Durante uma coletiva de imprensa, Satish Pillai, responsável pela resposta do CDC ao Ebola, afirmou que o risco para os Estados Unidos continua baixo.
A emissora britânica BBC informou que mais de 390 casos suspeitos já foram registrados na República Democrática do Congo. 
A Organização Mundial da Saúde (OMS) classificou o avanço da doença como uma emergência internacional de saúde pública.
Homem é retirado de ambulância ao chegar ao Hospital Geral de Referência de Bunia, após confirmação de um surto de Ebola na República Democrática do Congo.
Victoire Mukenge/Reuters
O atual surto envolve a variante Bundibugyo do vírus Ebola, considerada mais rara e para a qual ainda não existem vacinas ou tratamentos aprovados. 
Justamente por isso, autoridades de saúde alertam que o cenário pode ser mais amplo do que o detectado até agora, com risco de disseminação regional.
Ainda segundo a BBC, ao menos seis americanos teriam sido expostos ao vírus durante a atuação no Congo. 
Fontes ouvidas pela CBS News, parceira da emissora nos EUA, afirmaram que um deles apresentou sintomas, enquanto outros tiveram contato considerado de alto risco. 
O CDC não detalhou quantas pessoas foram afetadas.
O governo americano também anunciou novas medidas de prevenção, como monitoramento de viajantes vindos das áreas afetadas e restrições de entrada para estrangeiros que tenham passado recentemente pela República Democrática do Congo, Uganda ou Sudão do Sul.
Uganda também confirmou casos da doença, incluindo uma morte. Países vizinhos, como Ruanda e Nigéria, anunciaram reforço em ações de vigilância e controle sanitário nas fronteiras.",Fato,G1 Saúde / Oficial,https://g1.globo.com/saude/noticia/2026/05/18/cdc-caso-de-ebola-congo.ghtml
Testes falhos e práticas funerais da região permitiram que ebola se espalhasse sem ser detectado,"Homem é retirado de ambulância ao chegar ao Hospital Geral de Referência de Bunia, após confirmação de um surto de Ebola.
Victoire Mukenge/Reuters
Quando autoridades de saúde confirmaram novos casos de Ebola no leste da República Democrática do Congo na semana passada, o número de infecções suspeitas já colocava o surto entre os maiores da história do país.
Uma série de falhas e dificuldades atrasou a identificação da doença, disseram à Reuters dois funcionários congoleses envolvidos na resposta à crise. Isso permitiu que o vírus se espalhasse sem ser detectado para áreas controladas por rebeldes no leste do país e também atravessasse a fronteira até Uganda.
Segundo os funcionários, práticas funerárias locais ajudaram na disseminação do vírus antes que qualquer alerta fosse emitido. Além disso, exames em um laboratório local foram feitos com testes calibrados para a cepa errada do Ebola, e amostras enviadas para a capital Kinshasa não foram armazenadas nem transportadas corretamente.
LEIA TAMBÉM: Ebola: o que saber sobre surto na República Democrática do Congo
Especialistas afirmam que os atrasos podem comprometer os esforços para conter o surto, que a Organização Mundial da Saúde (OMS) classificou no fim de semana como emergência de saúde pública de interesse internacional.
“É um caos espalhado neste momento. Não acho que tenhamos sequer uma ideia real de quantos casos existem”, disse Craig Spencer, médico emergencista e professor de saúde pública da Universidade Brown.
“Vai levar bastante tempo até que seja possível entender completamente o que aconteceu.”
OMS declara surto de Ebola na África emergência pública global
Profissional de saúde foi o primeiro caso conhecido
O foco do surto está na província de Ituri, no nordeste do Congo, uma região remota marcada por infraestrutura precária de saúde e conflitos armados.
A OMS informou até agora 80 mortes suspeitas, oito casos confirmados em laboratório e 246 casos suspeitos no Congo. O número real, porém, pode ser muito maior.
O primeiro paciente conhecido apresentou febre, vômitos e hemorragia e morreu em um centro médico em Bunia, capital de Ituri, em 24 de abril, disse o ministro da Saúde do Congo, Samuel Roger Kamba, no sábado.
LEIA TAMBÉM: Como começou a epidemia de ebola na África, que se tornou emergência de saúde pública internacional?
A vítima era um profissional de saúde, o que indica que dificilmente foi a primeira pessoa infectada, afirmou Spencer.
Corpos de vítimas de Ebola continuam contagiosos após a morte. Mesmo assim, moradores participaram do funeral acreditando que a causa da morte era uma doença mística, disse Kamba.
“Todos tocam nele, todos fazem isso... e é aí que os casos começam a explodir”, afirmou o ministro.
Jean-Pierre Badombo, ex-prefeito da cidade de Mongbwalu, disse à ""Reuters"" que houve entre 60 e 80 mortes apenas na cidade, com “seis, sete, oito mortes por dia”, o que levou autoridades locais a alertarem o sistema de saúde.
Profissionais de saúde conduzem menina com suspeita de Ebola, em 12 de agosto de 2018, em Beni, nordeste da República Democrática do Congo.
JOHN WESSELS / AFP
Erros em testes e no transporte de amostras
A OMS afirmou que foi informada em 5 de maio sobre uma doença desconhecida com alta taxa de mortalidade em Mongbwalu, incluindo quatro profissionais de saúde mortos em apenas quatro dias. A organização então enviou uma equipe de resposta rápida.
Jean-Jacques Muyembe, diretor do Instituto Nacional de Pesquisa Biomédica do Congo (INRB), disse que autoridades locais começaram a coletar amostras para exames em Bunia.
O laboratório utilizou testes específicos para a cepa Zaire do Ebola, responsável por 15 surtos anteriores no Congo, incluindo a epidemia entre 2018 e 2020 que matou mais de 2,2 mil pessoas no leste do país.
Mas o atual surto é causado pela cepa Bundibugyo, registrada pela última vez no Congo em 2012. Segundo a organização Médicos Sem Fronteiras (MSF), essa variante tem taxa de mortalidade estimada entre 25% e 40%.
Muyembe explicou que o laboratório de Bunia não possui equipamentos de sequenciamento genético capazes de identificar outras cepas além da Zaire. Apenas laboratórios em Kinshasa e na cidade de Goma — controlada por rebeldes — conseguem fazer esse trabalho.
Depois que os exames deram negativo para a cepa Zaire, o laboratório deixou as amostras de lado em vez de encaminhá-las para análise mais aprofundada.
“O procedimento correto seria entrar em contato com Kinshasa e enviar o material para investigação adicional”, afirmou Muyembe.
Quando as amostras finalmente foram enviadas para a capital, o transporte também apresentou falhas.
Segundo Muyembe, o material chegou a 17°C, quando deveria ter sido mantido a 4°C. Além disso, as amostras foram enviadas em microlitros, e não em mililitros, reduzindo a quantidade de testes que o instituto conseguiu realizar.
Cortes de verba preocupam autoridades
O principal órgão de saúde pública da África anunciou oficialmente o surto em 15 de maio. No dia seguinte, o diretor-geral da OMS, Tedros Adhanom Ghebreyesus, declarou emergência internacional de saúde pública.
Para tomar a decisão, Tedros dispensou a consulta a um comitê de especialistas — algo inédito desde a criação do Regulamento Sanitário Internacional, conjunto global de regras para resposta a surtos.
Documentos internos vistos pela Reuters mostram que a OMS lamentou um “intervalo crítico de quatro semanas” entre o início dos sintomas do primeiro caso conhecido e a confirmação laboratorial do surto.
Segundo a entidade, isso indica um “baixo nível de suspeita clínica entre profissionais de saúde”.
Lievin Bangali, coordenador sênior de saúde do Comitê Internacional de Resgate no Congo, afirmou que cortes na ajuda internacional podem ter contribuído para a situação.
“Anos de subinvestimento e cortes recentes de financiamento enfraqueceram severamente os serviços de saúde no leste da República Democrática do Congo, incluindo sistemas essenciais de vigilância epidemiológica”, disse.
Os cortes também dificultam a tentativa das autoridades de recuperar o tempo perdido.
“Algumas atividades antes recebiam apoio financeiro de doadores, especialmente o fornecimento de equipamentos de proteção individual para unidades de saúde”, afirmou Bangali.
“Hoje, Ituri é um exemplo disso, com praticamente nenhum kit de proteção disponível.”",Fato,G1 Saúde / Oficial,https://g1.globo.com/saude/noticia/2026/05/18/testes-falhos-e-praticas-funerais-da-regiao-permitiram-que-ebola-se-espalhasse-sem-ser-detectado.ghtml
'Sair à francesa': por que você pode estar certo em deixar uma festa sem se despedir,"'Sair à francesa': por que você pode estar certo em deixar uma festa sem se despedir
Adobe Stock
Chame de “despedida à irlandesa” (“Irish goodbye”, no original em inglês), “saída à francesa”, como dizem os brasileiros, “filer à l'anglaise” (“saída à inglesa”), como preferem os franceses, ou ainda “Polnischer Abgang” (“saída à polonesa”), como falam os alemães, o ato de deixar discretamente uma festa, sem alarde, é um impulso social bem conhecido. Seja qual for a expressão, no entanto, o conceito é o mesmo: num momento você está lá, no outro já desapareceu na noite sem uma longa rodada de explicações, abraços e promessas de se encontrar novamente em breve.
O padrão é revelador: toda cultura tem um termo para isso, e toda cultura culpa outra pessoa. Essa deflexão coletiva sugere que já sabemos, em algum nível, que sair sem avisar é uma transgressão social.
Mas, para aqueles de nós que sofrem de ansiedade, essa saída silenciosa não é grosseria. Enquanto os tradicionalistas da etiqueta provavelmente insistirão que sair sem se despedir é uma falta social, alguns psicólogos argumentam que é uma estratégia de enfrentamento. Veja por que sair às escondidas sem se despedir pode ser a decisão mais saudável que você toma durante toda a noite.
Quando você analisa a situação – e sejamos honestos, aqueles de nós que são ansiosos, introvertidos, neurodivergentes ou que lidam com doenças crônicas já dividiram isso em etapas detalhadas e angustiantes –, dizer adeus é um ritual cultural carregado de significado. É uma performance que exige um alto grau de habilidade social, precisão e sutileza. 
As despedidas são situações de alta exigência e, infelizmente, ao final de um evento social, muitos de nós já estamos exaustos e não temos energia para lidar com todas as etapas envolvidas. 
Vídeos em alta no g1
Para muitos de nós, socializar pode significar sentir-se sobrecarregado, ficar constantemente atento à forma como nos apresentamos, tentar nos adequar às expectativas dos outros, comparando-nos com os outros e nos preocupando com a rejeição. Pode ser exaustivo sentir que você está constantemente tentando agir como sua melhor versão.
Quando socializar significa adaptar-se constantemente às expectativas das outras pessoas, a escolha saudável passa a ser usar o que resta de sua energia para recarregar as baterias e cuidar de si mesmo. Não saia da festa completamente esgotado sem nada com que se recuperar.
Às vezes, queremos sair discretamente porque sair fazendo barulho parece um grito: “Eu importo! Olhem para mim, estou indo embora!”. O fato é que muitos de nós acreditamos que não importamos tanto assim, então não nos despedimos porque não achamos que valha a pena fazer alarde. 
Às vezes, uma saída silenciosa tem a ver com autoestima, com cuidar das suas reservas de energia, mesmo que você tenha realmente gostado da noite. Em outras ocasiões, porém, é um ato de autoanulação. Você vai embora sem se despedir porque acha que ninguém vai se importar, que você não é importante o suficiente para fazer alarde ao sair. 
Sair discretamente pode se tornar uma forma de se proteger do desconforto de dizer adeus. Mas a saída silenciosa tem dois lados. Pergunte a si mesmo se partir sem dizer nada ampliou sua vida — você economizou energia suficiente para se recuperar e está feliz em voltar na próxima vez — ou se ela a encolheu, acrescentando mais um motivo para evitar completamente a socialização.
Se você analisar minuciosamente sua despedida e avaliá-la negativamente, a próxima despedida parecerá ainda mais difícil. Tenha o cuidado de testar suas reflexões pós-evento contra a realidade. Geralmente não é tão ruim quanto você pensa, especialmente se você estiver avaliando seu desempenho através das lentes distorcidas da ansiedade. 
A escolha mais saudável de todas
Há sempre uma tensão entre querer pertencer e querer ser você mesmo. Se dizer adeus começa a parecer tão forçado e tão encenado que você perde qualquer senso de autenticidade, então a conexão está começando a custar mais do que vale a pena.
Se você sente que precisa ser um camaleão para sobreviver às complexidades da socialização, a escolha mais saudável é encontrar uma maneira de ser quem você realmente é. Encontre uma maneira de dizer aos seus amigos e familiares que sair discretamente é algo de que você precisa devido à forma como seu sistema nervoso e sua psicologia funcionam, e não um reflexo do relacionamento. Pesquisas mostram que ser o seu eu mais autêntico e ter melhores conexões sociais andam de mãos dadas.
E se você é neurodivergente, ser aberto sobre o que precisa pode parecer um risco, mas também pode ser uma forma de encontrar aceitação, apoio e compreensão quando você deixa as pessoas saberem o que precisa e gosta. 
Se você estiver ansioso, vale a pena avisar seu anfitrião com antecedência que talvez precise se retirar discretamente. Caso contrário, corre-se o risco de as pessoas interpretarem isso de maneira errada, como frieza ou indiferença, por exemplo. 
Antecipe-se avisando às pessoas que você vai embora sem se despedir e que está grato pelo convite. Pessoas ansiosas não são ruins em relacionamentos. Os relacionamentos simplesmente funcionam melhor quando todos entendem as necessidades uns dos outros.
Menos é mais
Há uma ideia crescente de que ser seletivo em relação à sua vida social não é ser antissocial — alguns psicólogos chamam isso de “socialidade seletiva”. Escolher seus momentos com cuidado significa que você tem mais a oferecer quando realmente importa. O objetivo não é se isolar, mas investir em relacionamentos mais profundos e na presença real, em vez da rotina vazia do contato online — a menos que isso promova uma conexão significativa.
Em um mundo onde ser visto fazendo a coisa certa começou a superar o fato de realmente fazer a coisa certa, a sociabilidade seletiva oferece um caminho a seguir. Conhecer nossos limites e ser aberto sobre eles, quando possível, não enfraquece a conexão — ajuda a criar relacionamentos que parecem reais e sustentáveis. 
Se sair sem alarde aumenta a probabilidade de você ir à próxima festa, então essa é uma escolha que promove mais conexão social e, portanto, sua saúde.
Trudy Meehan não presta consultoria, trabalha, possui ações ou recebe financiamento de qualquer empresa ou organização que poderia se beneficiar com a publicação deste artigo e não revelou nenhum vínculo relevante além de seu cargo acadêmico.",Fato,G1 Saúde / Oficial,https://g1.globo.com/saude/noticia/2026/05/18/sair-a-francesa-por-que-voce-pode-estar-certo-em-deixar-uma-festa-sem-se-despedir.ghtml
Processos de estupro de vulnerável cometido por menores de idade crescem 25% no Brasil em cinco anos,"arte GloboNews
O número de processos de ato infracional análogo a estupro de vulnerável cresceu 25,3% nos últimos cinco anos no Brasil, segundo dados do Conselho Nacional de Justiça, o CNJ, levantados a pedido da GloboNews. 
Em 2021, o país registrou 3.644 novos processos relacionados a esse tipo de ato infracional. No ano passado, foram 4.568.
O ato infracional análogo a estupro de vulnerável é aquele que foi cometido por um menor de idade contra uma pessoa vulnerável. Por vulnerável, entende-se como vítima uma criança ou adolescente, ou ainda pessoa com deficiência, enfermidade ou que esteja, por exemplo, dopada e não consiga reagir.
Somente no primeiro trimestre de 2026, foram 1.196 processos abertos por atos infracionais desse tipo — uma média de 13 por dia.
Estupro coletivo contra menores: principais vítimas são meninas adolescentes
Entre os casos recentes, estão o estupro coletivo cometido por sete adolescentes com idades entre 12 e 16 anos, contra uma menina de 12 anos de idade, no Rio de Janeiro.
Em São Paulo, no final de abril, quatro adolescentes participaram de um estupro coletivo contra duas crianças, de 7 e 10 anos. Neste caso, um homem de 21 anos também participou do crime. 
Também na capital paulista, um adolescente de 12 anos foi estuprado dentro do banheiro da própria escola onde ele estuda, por colegas. 
O consumo de pornografia desde muito cedo pode ser um dos fatores responsáveis por esse crescimento de casos, de acordo com a presidente do Instituto Liberta, Luciana Temer. Uma pesquisa feita nos Estados Unidos pela Common Sense Media, em 2023, mostra que 73% dos meninos entre 13 e 17 anos já consumia pornografia. A maior parte deles desde os 12 anos de idade. 
Estupro coletivo contra menores: principais vítimas são meninas adolescentes
""Quando um menino de 12, 13 anos de idade começa a assistir pornografia sem nenhuma preparação, sem nenhuma condição de entender e assistir o que ele está assistindo, o que ele vai ter? Curiosidade de reproduzir. O que está à mão dele são crianças menores. Outro aspecto é que, quando adolescentes formam a sua sexualidade a partir da pornografia, nós temos uma possibilidade muito grande de uma sexualidade violenta"", explica a presidente do Instituto Liberta. 
O ex-secretário nacional dos direitos da criança e do adolescente Ariel de Castro Alves também aponta que há relação entre o crescimento da violência cometida por menores de idade com a disseminação de informações em grupos na internet.
""Tem uma relação certamente com a incitação e apologia às violências sexuais que ocorrem por meio de grupos de internet, grupos misóginos que atuam nas redes sociais, nos jogos online. E diante das próprias músicas, do funk, que muitas vezes fazem incitação e apologia aos estupros e violências sexuais"", explica Alves, que também é membro da Comissão de Defesa dos Direitos da Criança e do Adolescente da OAB.
A prevenção de crimes de violência sexual contra crianças e adolescentes está na educação, segundo especialistas no tema. “Há dificuldade nas escolas conseguirem ter discussões nos currículos escolares relacionadas a educação sexual, questões de gênero, de diversidade em razão dos grupos mais reacionários da sociedade”, aponta Ariel de Castro Alves.
""Quando você educa uma criança para se proteger e explica, por exemplo, que o corpo dela é dela e ninguém pode tocar, você também está ensinando essa criança, que o corpo do outro, do coleguinha, do amigo, é dele e que ela também tem que respeitar"", diz a presidente do Instituto Liberta.
Ela acrescenta que uma educação para a prevenção da violência, na verdade, cria não só uma proteção maior para crianças e adolescentes, mas uma prevenção para que eles não venham a ser estupradores também.
Educação sexual e controle digital são chave contra abuso infantil, alerta juíza",Fato,G1 Saúde / Oficial,https://g1.globo.com/saude/noticia/2026/05/18/processos-de-estupro-de-vulneravel-cometido-por-menores-de-idade-crescem-25percent-no-brasil-em-cinco-anos.ghtml
Lotes de remédio para colesterol (atorvastatina cálcica) e de corticoide (fosfato de dexametasona) são recolhidos; veja quais,"Atorvastatina cálcica e rosuvastatina cálcica da Cimed
Silvana Reis/g1
Os medicamentos atorvastatina cálcica e rosuvastatina cálcica, produzidos pela empresa Cimed Industria S.A., passam por processo de recolhimento voluntário iniciado pela empresa.  
A medida é referente ao lote 2424299 de atorvastatina cálcica 40 mg e ao mesmo lote (2424299) de rosuvastatina cálcica 20 mg.
Além disso, o medicamento fosfato dissodico de dexametasona 4 mg/ml solução injetável (caixa com 50) passa por processo de recolhimento voluntário iniciado pela empresa Hypofarma - Instituto de Hypodermia e Farmácia LTDA. A medida é referente ao lote 25091566. 
Vídeos em alta no g1
De acordo com o Diário Oficial da União desta segunda-feira (18), os motivos dos recolhimentos são:
Atorvastatina cálcica e rosuvastatina cálcica: suspeita de mistura de embalagem de cartucho de Rosuvastatina 20 mg no lote 2424299 de Atorvastatina cálcica 40mg.  
Fosfato Dissodico De Dexametasona: turvação da solução quando o fármaco é diluído em associação com determinados medicamentos.
Em nota ao g1, a Cimed esclarece que o recolhimento de unidades de lote de Rosuvastatina 20 mg e Atorvastatina 40 mg refere-se a uma medida preventiva e voluntária, comunicada à Agência Nacional de Vigilância Sanitária (Anvisa) em maio de 2025.
""A ação foi adotada pela própria companhia como parte de seus rigorosos protocolos internos de qualidade e segurança, reforçando o compromisso permanente da Cimed com a excelência, a transparência e a confiança de pacientes e profissionais de saúde. Seguimos à disposição"", informou a Cimed.
Em nota ao g1, a Hypofarma afirmou que a medida foi preventiva e restrita ao lote 25091566 do Fosfato Dissódico de Dexametasona 4 mg/ml solução injetável.  
""A companhia esclarece que o recolhimento é restrito ao lote mencionado e reforça que segue realizando análises técnicas e acompanhamentos internos com total responsabilidade e colaboração junto às autoridades sanitárias competentes""
Para que servem os medicamentos?
A atorvastatina cálcica e a rosuvastatina cálcica são medicamentos da classe das estatinas, indicados principalmente para reduzir o colesterol ruim (LDL) e os triglicerídeos no sangue, além de elevar o colesterol bom (HDL). As duas são receitadas para prevenir doenças cardiovasculares, como infartos e AVCs. 
Estatinas reduzem colesterol ruim e previnem doenças cardíacas; veja quando o medicamento é indicado
Já o Fosfato Dissodico de Dexametasona é um corticoide sintético utilizado para tratar condições inflamatórias severas, distúrbios alérgicos, doenças autoimunes, problemas dermatológicos e  edemas (inchaços), como o edema cerebral em algumas condições neurológicas. Ele também pode ser indicado para distúrbios endócrinos.
Três sinais no sangue que podem revelar o risco oculto de doenças do coração, segundo estudo",Fato,G1 Saúde / Oficial,https://g1.globo.com/saude/noticia/2026/05/18/lotes-de-remedio-para-colesterol-atorvastatina-calcica-e-de-corticoide-fosfato-de-dexametasona-sao-recolhidos-veja-quais.ghtml
